源节点,目标节点,边标识,结构一致性分数,频次评分,多样性评分,算法一致性评分,出现频次,支持方法数,参数拟合分数,参数标准差,参数方法数,有真实参数数据,中介支持分数,平均显著性概率,显著路径数,总路径数,有真实中介数据,专家定向分数,专家支持,领域知识评分,有专家支持,联合置信度,质量调整置信度,数据质量评分,结构贡献,参数贡献,中介贡献,专家贡献
疾病_高脂血症,药物_阿托伐他汀钙片,疾病_高脂血症 -> 药物_阿托伐他汀钙片,0.6,0.6,0.6,0.6,3,3,0.9535,0.0,1,True,1.082,0.9691,3,4,True,0.38,0.0,0.95,False,0.7759,0.6789,0.875,0.21,0.2384,0.2705,0.057
疾病_糖尿病,检验_葡萄糖,疾病_糖尿病 -> 检验_葡萄糖,0.6,0.6,0.6,0.6,3,3,0.8249,0.0,1,True,1.1176,0.894,3,4,True,0.36,0.0,0.9,False,0.7496,0.6559,0.875,0.21,0.2062,0.2794,0.054
疾病_糖尿病,药物_阿卡波糖片,疾病_糖尿病 -> 药物_阿卡波糖片,0.6,0.6,0.6,0.6,3,3,0.7061,0.0,1,True,1.159,0.9999,7,7,True,0.38,0.0,0.95,False,0.7333,0.6416,0.875,0.21,0.1765,0.2898,0.057
检验_中性粒细胞比率,检验_中性粒细胞数量,检验_中性粒细胞比率 -> 检验_中性粒细胞数量,1.0,1.0,1.0,1.0,5,5,0.0878,0.0,1,True,1.2986,0.9545,5,6,True,0.2,0.0,0.5,False,0.7266,0.6358,0.875,0.35,0.022,0.3246,0.03
药物_盐酸氨溴索注射液,药物_二羟丙茶碱注射液,药物_盐酸氨溴索注射液 -> 药物_二羟丙茶碱注射液,0.6,0.6,0.6,0.6,3,3,0.0878,0.0,1,True,1.8435,0.993,5,5,True,0.2,0.0,0.5,False,0.7228,0.6325,0.875,0.21,0.022,0.4609,0.03
检验_氯,检验_钠,检验_氯 -> 检验_钠,0.8,0.8,0.8,0.8,4,4,0.4329,0.0,1,True,1.122,1.0,3,3,True,0.2,0.0,0.5,False,0.6987,0.6114,0.875,0.28,0.1082,0.2805,0.03
检验_白球比,检验_C反应蛋白,检验_白球比 -> 检验_C反应蛋白,1.0,1.0,1.0,1.0,5,5,0.0878,0.0,1,True,1.1633,0.9998,4,4,True,0.2,0.0,0.5,False,0.6928,0.6062,0.875,0.35,0.022,0.2908,0.03
检验_葡萄糖,疾病_糖尿病,检验_葡萄糖 -> 疾病_糖尿病,0.4,0.4,0.4,0.4,2,2,0.8429,0.0,1,True,1.1592,0.9941,7,7,True,0.34,0.0,0.85,False,0.6915,0.6051,0.875,0.14,0.2107,0.2898,0.051
疾病_混合痔,药物_裸花紫珠分散片,疾病_混合痔 -> 药物_裸花紫珠分散片,0.8,0.8,0.8,0.8,4,4,0.0878,0.0,1,True,1.3248,0.9998,3,3,True,0.38,0.0,0.95,False,0.6902,0.6039,0.875,0.28,0.022,0.3312,0.057
药物_维生素C注射液,药物_维生素B6注射液,药物_维生素C注射液 -> 药物_维生素B6注射液,0.8,0.8,0.8,0.8,4,4,0.0878,0.0,1,True,1.4314,1.0,3,3,True,0.2,0.0,0.5,False,0.6898,0.6036,0.875,0.28,0.022,0.3579,0.03
药物_重组人促红素注射液,疾病_尿毒症,药物_重组人促红素注射液 -> 疾病_尿毒症,0.8,0.8,0.8,0.8,4,4,0.0878,0.0,1,True,1.3768,0.9815,7,7,True,0.24,0.0,0.6,False,0.6822,0.5969,0.875,0.28,0.022,0.3442,0.036
疾病_低蛋白血症,检验_白球比,疾病_低蛋白血症 -> 检验_白球比,0.8,0.8,0.8,0.8,4,4,0.0878,0.0,1,True,1.2338,0.9981,10,10,True,0.36,0.0,0.9,False,0.6644,0.5814,0.875,0.28,0.022,0.3085,0.054
疾病_高脂血症,疾病_动脉硬化,疾病_高脂血症 -> 疾病_动脉硬化,0.6,0.6,0.6,0.6,3,3,0.6011,0.0,1,True,1.0897,0.9998,2,2,True,0.2,0.0,0.5,False,0.6627,0.5799,0.875,0.21,0.1503,0.2724,0.03
疾病_冠状动脉粥样硬化性心脏病,药物_盐酸曲美他嗪片,疾病_冠状动脉粥样硬化性心脏病 -> 药物_盐酸曲美他嗪片,0.8,0.8,0.8,0.8,4,4,0.0878,0.0,1,True,1.1888,1.0,5,5,True,0.38,0.0,0.95,False,0.6562,0.5741,0.875,0.28,0.022,0.2972,0.057
药物_螺内酯片,药物_酒石酸美托洛尔片,药物_螺内酯片 -> 药物_酒石酸美托洛尔片,0.8,0.8,0.8,0.8,4,4,0.0878,0.0,1,True,1.2924,0.9872,3,3,True,0.2,0.0,0.5,False,0.6551,0.5732,0.875,0.28,0.022,0.3231,0.03
检验_淋巴细胞数量,检验_淋巴细胞比率,检验_淋巴细胞数量 -> 检验_淋巴细胞比率,0.8,0.8,0.8,0.8,4,4,0.0878,0.0,1,True,1.2864,1.0,3,3,True,0.2,0.0,0.5,False,0.6536,0.5719,0.875,0.28,0.022,0.3216,0.03
药物_氯化钾注射液,药物_盐酸氨溴索注射液,药物_氯化钾注射液 -> 药物_盐酸氨溴索注射液,0.4,0.4,0.4,0.4,2,2,0.0878,0.0,1,True,1.8435,0.9924,4,4,True,0.2,0.0,0.5,False,0.6528,0.5712,0.875,0.14,0.022,0.4609,0.03
检验_中性粒细胞数量,检验_白细胞,检验_中性粒细胞数量 -> 检验_白细胞,0.8,0.8,0.8,0.8,4,4,0.0878,0.0,1,True,1.2606,0.992,3,3,True,0.2,0.0,0.5,False,0.6471,0.5662,0.875,0.28,0.022,0.3151,0.03
疾病_糖尿病性周围神经病,疾病_糖尿病性周围血管病,疾病_糖尿病性周围神经病 -> 疾病_糖尿病性周围血管病,0.8,0.8,0.8,0.8,4,4,0.0878,0.0,1,True,1.2592,0.9651,3,4,True,0.2,0.0,0.5,False,0.6468,0.5659,0.875,0.28,0.022,0.3148,0.03
药物_盐酸氨溴索注射液,药物_肝素钠注射液,药物_盐酸氨溴索注射液 -> 药物_肝素钠注射液,0.4,0.4,0.4,0.4,2,2,0.0878,0.0,1,True,1.7934,0.9962,3,3,True,0.2,0.0,0.5,False,0.6403,0.5603,0.875,0.14,0.022,0.4484,0.03
疾病_高尿酸血症,药物_碳酸氢钠片,疾病_高尿酸血症 -> 药物_碳酸氢钠片,0.8,0.8,0.8,0.8,4,4,0.0878,0.0,1,True,1.1254,0.9181,3,4,True,0.38,0.0,0.95,False,0.6403,0.5603,0.875,0.28,0.022,0.2813,0.057
药物_肝素钠注射液,疾病_脑梗死,药物_肝素钠注射液 -> 疾病_脑梗死,0.6,0.6,0.6,0.6,3,3,0.0878,0.0,1,True,1.478,0.9125,1,2,True,0.24,0.0,0.6,False,0.6375,0.5578,0.875,0.21,0.022,0.3695,0.036
药物_盐酸羟考酮缓释片,药物_盐酸布桂嗪注射液,药物_盐酸羟考酮缓释片 -> 药物_盐酸布桂嗪注射液,0.8,0.8,0.8,0.8,4,4,0.0878,0.0,1,True,1.2117,1.0,2,2,True,0.2,0.0,0.5,False,0.6349,0.5555,0.875,0.28,0.022,0.3029,0.03
药物_二羟丙茶碱注射液,药物_维生素C注射液,药物_二羟丙茶碱注射液 -> 药物_维生素C注射液,0.4,0.4,0.4,0.4,2,2,0.0878,0.0,1,True,1.7531,0.9698,2,3,True,0.2,0.0,0.5,False,0.6302,0.5515,0.875,0.14,0.022,0.4383,0.03
疾病_肾性贫血,药物_碳酸氢钠片,疾病_肾性贫血 -> 药物_碳酸氢钠片,0.8,0.8,0.8,0.8,4,4,0.0878,0.0,1,True,1.0828,0.9985,1,1,True,0.38,0.0,0.95,False,0.6296,0.5509,0.875,0.28,0.022,0.2707,0.057
疾病_糖尿病,疾病_糖尿病性周围神经病,疾病_糖尿病 -> 疾病_糖尿病性周围神经病,0.8,0.8,0.8,0.8,4,4,0.0878,0.0,1,True,1.174,1.0,6,6,True,0.2,0.0,0.5,False,0.6255,0.5473,0.875,0.28,0.022,0.2935,0.03
检验_C反应蛋白,药物_复方鲜竹沥液,检验_C反应蛋白 -> 药物_复方鲜竹沥液,0.8,0.8,0.8,0.8,4,4,0.0878,0.0,1,True,1.1188,1.0,3,3,True,0.28,0.0,0.7,False,0.6237,0.5457,0.875,0.28,0.022,0.2797,0.042
药物_氯化钾注射液,药物_维生素C注射液,药物_氯化钾注射液 -> 药物_维生素C注射液,0.6,0.6,0.6,0.6,3,3,0.0878,0.0,1,True,1.4314,1.0,2,2,True,0.2,0.0,0.5,False,0.6198,0.5423,0.875,0.21,0.022,0.3579,0.03
疾病_不稳定性心绞痛,疾病_心功能,疾病_不稳定性心绞痛 -> 疾病_心功能,0.8,0.8,0.8,0.8,4,4,0.0878,0.0,1,True,1.1442,1.0,1,1,True,0.2,0.0,0.5,False,0.618,0.5408,0.875,0.28,0.022,0.2861,0.03
疾病_尿毒症,检验_胆碱酯酶,疾病_尿毒症 -> 检验_胆碱酯酶,0.6,0.6,0.6,0.6,3,3,0.0878,0.0,1,True,1.3267,0.9868,3,3,True,0.36,0.0,0.9,False,0.6176,0.5404,0.875,0.21,0.022,0.3317,0.054
检验_总胆红素,检验_间接胆红素,检验_总胆红素 -> 检验_间接胆红素,0.6,0.6,0.6,0.6,3,3,0.0878,0.0,1,True,1.4134,1.0,2,2,True,0.2,0.0,0.5,False,0.6153,0.5384,0.875,0.21,0.022,0.3533,0.03
疾病_糖尿病性周围神经病,疾病_糖尿病性视网膜病变,疾病_糖尿病性周围神经病 -> 疾病_糖尿病性视网膜病变,0.8,0.8,0.8,0.8,4,4,0.0878,0.0,1,True,1.131,0.9746,4,5,True,0.2,0.0,0.5,False,0.6147,0.5379,0.875,0.28,0.022,0.2828,0.03
药物_二羟丙茶碱注射液,药物_阿卡波糖片,药物_二羟丙茶碱注射液 -> 药物_阿卡波糖片,0.6,0.6,0.6,0.6,3,3,0.0878,0.0,1,True,1.3678,0.985,6,7,True,0.2,0.0,0.5,False,0.6039,0.5284,0.875,0.21,0.022,0.342,0.03
疾病_混合痔,药物_头孢地尼分散片,疾病_混合痔 -> 药物_头孢地尼分散片,0.6,0.6,0.6,0.6,3,3,0.0878,0.0,1,True,1.2532,0.9998,3,3,True,0.38,0.0,0.95,False,0.6023,0.527,0.875,0.21,0.022,0.3133,0.057
药物_盐酸氨溴索注射液,检验_碳酸氢盐,药物_盐酸氨溴索注射液 -> 检验_碳酸氢盐,0.6,0.6,0.6,0.6,3,3,0.0878,0.0,1,True,1.2794,0.9695,1,1,True,0.32,0.0,0.8,False,0.5998,0.5248,0.875,0.21,0.022,0.3199,0.048
疾病_高同型半胱氨酸血症,药物_叶酸片,疾病_高同型半胱氨酸血症 -> 药物_叶酸片,0.6,0.6,0.6,0.6,3,3,0.0878,0.0,1,True,1.2323,1.0,3,3,True,0.38,0.0,0.95,False,0.597,0.5224,0.875,0.21,0.022,0.3081,0.057
检验_血红蛋白,检验_红细胞压积,检验_血红蛋白 -> 检验_红细胞压积,0.6,0.6,0.6,0.6,3,3,0.0878,0.0,1,True,1.3287,0.9694,4,5,True,0.2,0.0,0.5,False,0.5941,0.5199,0.875,0.21,0.022,0.3322,0.03
疾病_陈旧性脑梗死,药物_硫酸氢氯吡格雷片,疾病_陈旧性脑梗死 -> 药物_硫酸氢氯吡格雷片,0.6,0.6,0.6,0.6,3,3,0.0878,0.0,1,True,1.2063,1.0,4,4,True,0.38,0.0,0.95,False,0.5905,0.5167,0.875,0.21,0.022,0.3016,0.057
检验_总胆红素,检验_直接胆红素,检验_总胆红素 -> 检验_直接胆红素,0.6,0.6,0.6,0.6,3,3,0.0878,0.0,1,True,1.309,0.9838,5,6,True,0.2,0.0,0.5,False,0.5892,0.5156,0.875,0.21,0.022,0.3272,0.03
检验_淋巴细胞比率,检验_中性粒细胞比率,检验_淋巴细胞比率 -> 检验_中性粒细胞比率,0.6,0.6,0.6,0.6,3,3,0.0878,0.0,1,True,1.2986,1.0,3,3,True,0.2,0.0,0.5,False,0.5866,0.5133,0.875,0.21,0.022,0.3246,0.03
疾病_尿毒症,检验_谷丙转氨酶,疾病_尿毒症 -> 检验_谷丙转氨酶,0.6,0.6,0.6,0.6,3,3,0.0878,0.0,1,True,1.1967,0.99,5,5,True,0.36,0.0,0.9,False,0.5851,0.512,0.875,0.21,0.022,0.2992,0.054
疾病_重度骨质疏松,药物_骨化三醇胶丸,疾病_重度骨质疏松 -> 药物_骨化三醇胶丸,0.6,0.6,0.6,0.6,3,3,0.0878,0.0,1,True,1.182,0.9408,5,6,True,0.38,0.0,0.95,False,0.5845,0.5114,0.875,0.21,0.022,0.2955,0.057
检验_血红蛋白,检验_红细胞分布宽度CV,检验_血红蛋白 -> 检验_红细胞分布宽度CV,0.6,0.6,0.6,0.6,3,3,0.0878,0.0,1,True,1.2835,0.9944,8,8,True,0.2,0.0,0.5,False,0.5828,0.51,0.875,0.21,0.022,0.3209,0.03
药物_肝素钠注射液,药物_氯化钠注射液,药物_肝素钠注射液 -> 药物_氯化钠注射液,0.4,0.4,0.4,0.4,2,2,0.3666,0.0,1,True,1.2833,0.9962,3,3,True,0.2,0.0,0.5,False,0.5825,0.5097,0.875,0.14,0.0917,0.3208,0.03
疾病_动脉硬化,疾病_高脂血症,疾病_动脉硬化 -> 疾病_高脂血症,0.4,0.4,0.4,0.4,2,2,0.5432,0.0,1,True,1.1007,0.9973,5,5,True,0.2,0.0,0.5,False,0.581,0.5084,0.875,0.14,0.1358,0.2752,0.03
检验_尿酸,疾病_高尿酸血症,检验_尿酸 -> 疾病_高尿酸血症,0.6,0.6,0.6,0.6,3,3,0.194,0.0,1,True,1.0851,0.9998,5,5,True,0.34,0.0,0.85,False,0.5808,0.5082,0.875,0.21,0.0485,0.2713,0.051
检验_血小板分布宽度,检验_平均血小板体积,检验_血小板分布宽度 -> 检验_平均血小板体积,0.6,0.6,0.6,0.6,3,3,0.0878,0.0,1,True,1.2689,1.0,1,1,True,0.2,0.0,0.5,False,0.5792,0.5068,0.875,0.21,0.022,0.3172,0.03
检验_大型血小板比率,检验_血小板分布宽度,检验_大型血小板比率 -> 检验_血小板分布宽度,0.6,0.6,0.6,0.6,3,3,0.0878,0.0,1,True,1.2689,0.9978,3,3,True,0.2,0.0,0.5,False,0.5792,0.5068,0.875,0.21,0.022,0.3172,0.03
药物_氯化钾注射液,疾病_肺部感染,药物_氯化钾注射液 -> 疾病_肺部感染,0.6,0.6,0.6,0.6,3,3,0.0878,0.0,1,True,1.2443,0.9079,4,5,True,0.24,0.0,0.6,False,0.579,0.5067,0.875,0.21,0.022,0.3111,0.036
疾病_糖尿病,药物_盐酸二甲双胍片,疾病_糖尿病 -> 药物_盐酸二甲双胍片,0.6,0.6,0.6,0.6,3,3,0.0878,0.0,1,True,1.1592,1.0,2,2,True,0.38,0.0,0.95,False,0.5788,0.5064,0.875,0.21,0.022,0.2898,0.057
疾病_糖尿病性周围血管病,疾病_血糖控制不佳,疾病_糖尿病性周围血管病 -> 疾病_血糖控制不佳,0.6,0.6,0.6,0.6,3,3,0.0878,0.0,1,True,1.2592,0.9198,3,4,True,0.2,0.0,0.5,False,0.5768,0.5047,0.875,0.21,0.022,0.3148,0.03
药物_阿司匹林肠溶片,药物_阿托伐他汀钙片,药物_阿司匹林肠溶片 -> 药物_阿托伐他汀钙片,0.4,0.4,0.4,0.4,2,2,0.535,0.0,1,True,1.0916,0.9468,2,3,True,0.2,0.0,0.5,False,0.5766,0.5046,0.875,0.14,0.1337,0.2729,0.03
检验_C反应蛋白,疾病_低钾血症,检验_C反应蛋白 -> 疾病_低钾血症,0.6,0.6,0.6,0.6,3,3,0.0878,0.0,1,True,1.1629,0.9988,5,5,True,0.34,0.0,0.85,False,0.5737,0.502,0.875,0.21,0.022,0.2907,0.051
药物_盐酸曲美他嗪片,药物_硫酸氢氯吡格雷片,药物_盐酸曲美他嗪片 -> 药物_硫酸氢氯吡格雷片,0.6,0.6,0.6,0.6,3,3,0.0878,0.0,1,True,1.2407,1.0,4,4,True,0.2,0.0,0.5,False,0.5721,0.5006,0.875,0.21,0.022,0.3102,0.03
疾病_糖尿病,药物_甲钴胺分散片,疾病_糖尿病 -> 药物_甲钴胺分散片,0.6,0.6,0.6,0.6,3,3,0.0878,0.0,1,True,1.1242,1.0,3,3,True,0.38,0.0,0.95,False,0.57,0.4988,0.875,0.21,0.022,0.2811,0.057
疾病_重度骨质疏松,药物_碳酸钙片,疾病_重度骨质疏松 -> 药物_碳酸钙片,0.6,0.6,0.6,0.6,3,3,0.0878,0.0,1,True,1.1236,0.9271,4,5,True,0.38,0.0,0.95,False,0.5699,0.4986,0.875,0.21,0.022,0.2809,0.057
疾病_冠状动脉粥样硬化性心脏病,药物_单硝酸异山梨酯片,疾病_冠状动脉粥样硬化性心脏病 -> 药物_单硝酸异山梨酯片,0.6,0.6,0.6,0.6,3,3,0.0878,0.0,1,True,1.1232,1.0,1,1,True,0.38,0.0,0.95,False,0.5698,0.4985,0.875,0.21,0.022,0.2808,0.057
药物_氯化钾注射液,药物_氯化钠注射液,药物_氯化钾注射液 -> 药物_氯化钠注射液,0.6,0.6,0.6,0.6,3,3,0.0878,0.0,1,True,1.2304,1.0,2,2,True,0.2,0.0,0.5,False,0.5696,0.4984,0.875,0.21,0.022,0.3076,0.03
疾病_反流性食管炎,药物_贞芪扶正,疾病_反流性食管炎 -> 药物_贞芪扶正,0.6,0.6,0.6,0.6,3,3,0.0878,0.0,1,True,1.1196,0.9269,3,4,True,0.38,0.0,0.95,False,0.5689,0.4977,0.875,0.21,0.022,0.2799,0.057
疾病_高尿酸血症,药物_硝苯地平控释片,疾病_高尿酸血症 -> 药物_硝苯地平控释片,0.6,0.6,0.6,0.6,3,3,0.0878,0.0,1,True,1.1102,0.9335,4,5,True,0.38,0.0,0.95,False,0.5665,0.4957,0.875,0.21,0.022,0.2776,0.057
药物_叶酸片,药物_卡维地洛片,药物_叶酸片 -> 药物_卡维地洛片,0.6,0.6,0.6,0.6,3,3,0.0878,0.0,1,True,1.2103,1.0,2,2,True,0.2,0.0,0.5,False,0.5645,0.494,0.875,0.21,0.022,0.3026,0.03
疾病_高脂血症,药物_匹伐他汀钙片,疾病_高脂血症 -> 药物_匹伐他汀钙片,0.6,0.6,0.6,0.6,3,3,0.0878,0.0,1,True,1.1007,1.0,4,4,True,0.38,0.0,0.95,False,0.5641,0.4936,0.875,0.21,0.022,0.2752,0.057
疾病_糖尿病性周围神经病,药物_甲钴胺片,疾病_糖尿病性周围神经病 -> 药物_甲钴胺片,0.6,0.6,0.6,0.6,3,3,0.0878,0.0,1,True,1.0977,0.9558,2,3,True,0.38,0.0,0.95,False,0.5634,0.493,0.875,0.21,0.022,0.2744,0.057
检验_钠,检验_氯,检验_钠 -> 检验_氯,0.4,0.4,0.4,0.4,2,2,0.4329,0.0,1,True,1.139,0.9997,3,3,True,0.2,0.0,0.5,False,0.563,0.4926,0.875,0.14,0.1082,0.2848,0.03
检验_大型血小板比率,疾病_医疗机构新收治患者及陪护人员,检验_大型血小板比率 -> 疾病_医疗机构新收治患者及陪护人员,0.6,0.6,0.6,0.6,3,3,0.0878,0.0,1,True,1.1191,0.9992,3,3,True,0.34,0.0,0.85,False,0.5627,0.4924,0.875,0.21,0.022,0.2798,0.051
药物_重组人促红素注射液,检验_磷,药物_重组人促红素注射液 -> 检验_磷,0.6,0.6,0.6,0.6,3,3,0.0878,0.0,1,True,1.1308,0.9958,2,2,True,0.32,0.0,0.8,False,0.5627,0.4923,0.875,0.21,0.022,0.2827,0.048
药物_骨化三醇胶丸,疾病_类风湿性关节炎,药物_骨化三醇胶丸 -> 疾病_类风湿性关节炎,0.6,0.6,0.6,0.6,3,3,0.0878,0.0,1,True,1.1754,0.9108,3,4,True,0.24,0.0,0.6,False,0.5618,0.4916,0.875,0.21,0.022,0.2939,0.036
检验_血小板分布宽度,检验_大型血小板比率,检验_血小板分布宽度 -> 检验_大型血小板比率,0.6,0.6,0.6,0.6,3,3,0.0878,0.0,1,True,1.1984,1.0,2,2,True,0.2,0.0,0.5,False,0.5616,0.4914,0.875,0.21,0.022,0.2996,0.03
疾病_反流性食管炎,疾病_混合痔,疾病_反流性食管炎 -> 疾病_混合痔,0.4,0.4,0.4,0.4,2,2,0.4399,0.0,1,True,1.1258,0.9405,4,5,True,0.2,0.0,0.5,False,0.5614,0.4913,0.875,0.14,0.11,0.2815,0.03
疾病_尿毒症,检验_红细胞平均体积,疾病_尿毒症 -> 检验_红细胞平均体积,0.4,0.4,0.4,0.4,2,2,0.0878,0.0,1,True,1.3768,0.9893,3,3,True,0.36,0.0,0.9,False,0.5602,0.4901,0.875,0.14,0.022,0.3442,0.054
检验_白球比,检验_前白蛋白,检验_白球比 -> 检验_前白蛋白,0.6,0.6,0.6,0.6,3,3,0.0878,0.0,1,True,1.189,0.9999,4,4,True,0.2,0.0,0.5,False,0.5592,0.4893,0.875,0.21,0.022,0.2973,0.03
检验_前白蛋白,检验_胆碱酯酶,检验_前白蛋白 -> 检验_胆碱酯酶,0.6,0.6,0.6,0.6,3,3,0.0878,0.0,1,True,1.189,1.0,1,1,True,0.2,0.0,0.5,False,0.5592,0.4893,0.875,0.21,0.022,0.2973,0.03
检验_转肽酶,疾病_恶性肿瘤维持性化学治疗,检验_转肽酶 -> 疾病_恶性肿瘤维持性化学治疗,0.6,0.6,0.6,0.6,3,3,0.0878,0.0,1,True,1.1017,0.9995,3,3,True,0.34,0.0,0.85,False,0.5584,0.4886,0.875,0.21,0.022,0.2754,0.051
检验_碱性磷酸酶,检验_转肽酶,检验_碱性磷酸酶 -> 检验_转肽酶,0.6,0.6,0.6,0.6,3,3,0.0878,0.0,1,True,1.1856,0.9025,4,5,True,0.2,0.0,0.5,False,0.5584,0.4886,0.875,0.21,0.022,0.2964,0.03
疾病_冠状动脉粥样硬化性心脏病,疾病_不稳定性心绞痛,疾病_冠状动脉粥样硬化性心脏病 -> 疾病_不稳定性心绞痛,0.6,0.6,0.6,0.6,3,3,0.0878,0.0,1,True,1.1828,1.0,4,4,True,0.2,0.0,0.5,False,0.5577,0.4879,0.875,0.21,0.022,0.2957,0.03
药物_盐酸羟考酮缓释片,药物_硝苯地平缓释片,药物_盐酸羟考酮缓释片 -> 药物_硝苯地平缓释片,0.6,0.6,0.6,0.6,3,3,0.0878,0.0,1,True,1.1811,1.0,2,2,True,0.2,0.0,0.5,False,0.5572,0.4876,0.875,0.21,0.022,0.2953,0.03
药物_二羟丙茶碱注射液,药物_富马酸比索洛尔片,药物_二羟丙茶碱注射液 -> 药物_富马酸比索洛尔片,0.6,0.6,0.6,0.6,3,3,0.0878,0.0,1,True,1.1803,0.9478,3,5,True,0.2,0.0,0.5,False,0.557,0.4874,0.875,0.21,0.022,0.2951,0.03
疾病_肺部感染,疾病_低钾血症,疾病_肺部感染 -> 疾病_低钾血症,0.6,0.6,0.6,0.6,3,3,0.0878,0.0,1,True,1.1787,1.0,3,3,True,0.2,0.0,0.5,False,0.5566,0.4871,0.875,0.21,0.022,0.2947,0.03
药物_氯化钠注射液,药物_葡萄糖注射液,药物_氯化钠注射液 -> 药物_葡萄糖注射液,0.6,0.6,0.6,0.6,3,3,0.0878,0.0,1,True,1.1764,1.0,2,2,True,0.2,0.0,0.5,False,0.5561,0.4865,0.875,0.21,0.022,0.2941,0.03
疾病_陈旧性脑梗死,疾病_重度骨质疏松,疾病_陈旧性脑梗死 -> 疾病_重度骨质疏松,0.6,0.6,0.6,0.6,3,3,0.0878,0.0,1,True,1.1753,1.0,5,5,True,0.2,0.0,0.5,False,0.5558,0.4863,0.875,0.21,0.022,0.2938,0.03
疾病_高血压,药物_硝苯地平控释片,疾病_高血压 -> 药物_硝苯地平控释片,0.6,0.6,0.6,0.6,3,3,0.0878,0.0,1,True,1.0643,1.0,4,4,True,0.38,0.0,0.95,False,0.555,0.4857,0.875,0.21,0.022,0.2661,0.057
检验_红细胞平均体积,检验_平均血红蛋白含量,检验_红细胞平均体积 -> 检验_平均血红蛋白含量,0.6,0.6,0.6,0.6,3,3,0.0878,0.0,1,True,1.1718,0.991,4,4,True,0.2,0.0,0.5,False,0.5549,0.4855,0.875,0.21,0.022,0.2929,0.03
检验_白球比,药物_氯化钾注射液,检验_白球比 -> 药物_氯化钾注射液,0.4,0.4,0.4,0.4,2,2,0.0878,0.0,1,True,1.4016,1.0,6,6,True,0.28,0.0,0.7,False,0.5544,0.4851,0.875,0.14,0.022,0.3504,0.042
疾病_高血压,药物_富马酸比索洛尔片,疾病_高血压 -> 药物_富马酸比索洛尔片,0.6,0.6,0.6,0.6,3,3,0.0878,0.0,1,True,1.0586,0.9686,4,5,True,0.38,0.0,0.95,False,0.5536,0.4844,0.875,0.21,0.022,0.2646,0.057
检验_前白蛋白,检验_镁,检验_前白蛋白 -> 检验_镁,0.6,0.6,0.6,0.6,3,3,0.0878,0.0,1,True,1.1656,0.9998,3,3,True,0.2,0.0,0.5,False,0.5534,0.4842,0.875,0.21,0.022,0.2914,0.03
检验_碱性磷酸酶,药物_盐酸吗啡注射液,检验_碱性磷酸酶 -> 药物_盐酸吗啡注射液,0.6,0.6,0.6,0.6,3,3,0.0878,0.0,1,True,1.1152,0.9975,4,4,True,0.28,0.0,0.7,False,0.5528,0.4837,0.875,0.21,0.022,0.2788,0.042
检验_葡萄糖,疾病_肝囊肿,检验_葡萄糖 -> 疾病_肝囊肿,0.6,0.6,0.6,0.6,3,3,0.0878,0.0,1,True,1.0792,0.9998,3,3,True,0.34,0.0,0.85,False,0.5527,0.4837,0.875,0.21,0.022,0.2698,0.051
药物_骨化三醇胶丸,药物_碳酸钙片,药物_骨化三醇胶丸 -> 药物_碳酸钙片,0.6,0.6,0.6,0.6,3,3,0.0878,0.0,1,True,1.161,0.9111,3,4,True,0.2,0.0,0.5,False,0.5522,0.4832,0.875,0.21,0.022,0.2903,0.03
疾病_高血压,药物_厄贝沙坦氢氯噻嗪片,疾病_高血压 -> 药物_厄贝沙坦氢氯噻嗪片,0.6,0.6,0.6,0.6,3,3,0.0878,0.0,1,True,1.0471,0.9998,3,3,True,0.38,0.0,0.95,False,0.5507,0.4819,0.875,0.21,0.022,0.2618,0.057
疾病_腔隙性脑梗死,药物_劳拉西泮片,疾病_腔隙性脑梗死 -> 药物_劳拉西泮片,0.6,0.6,0.6,0.6,3,3,0.0878,0.0,1,True,1.0459,0.9965,2,2,True,0.38,0.0,0.95,False,0.5504,0.4816,0.875,0.21,0.022,0.2615,0.057
检验_白球比,检验_白蛋白,检验_白球比 -> 检验_白蛋白,0.6,0.6,0.6,0.6,3,3,0.0878,0.0,1,True,1.15,1.0,2,2,True,0.2,0.0,0.5,False,0.5495,0.4808,0.875,0.21,0.022,0.2875,0.03
药物_阿卡波糖片,疾病_非毒性单个甲状腺结节,药物_阿卡波糖片 -> 疾病_非毒性单个甲状腺结节,0.6,0.6,0.6,0.6,3,3,0.0878,0.0,1,True,1.1259,1.0,3,3,True,0.24,0.0,0.6,False,0.5494,0.4808,0.875,0.21,0.022,0.2815,0.036
疾病_糖尿病性周围神经病,疾病_高尿酸血症,疾病_糖尿病性周围神经病 -> 疾病_高尿酸血症,0.6,0.6,0.6,0.6,3,3,0.0878,0.0,1,True,1.1495,0.9757,4,5,True,0.2,0.0,0.5,False,0.5493,0.4807,0.875,0.21,0.022,0.2874,0.03
检验_中性粒细胞数量,检验_单核细胞数量,检验_中性粒细胞数量 -> 检验_单核细胞数量,0.6,0.6,0.6,0.6,3,3,0.0878,0.0,1,True,1.1461,0.9995,3,3,True,0.2,0.0,0.5,False,0.5485,0.4799,0.875,0.21,0.022,0.2865,0.03
检验_直接胆红素,检验_总胆汁酸,检验_直接胆红素 -> 检验_总胆汁酸,0.6,0.6,0.6,0.6,3,3,0.0878,0.0,1,True,1.1399,0.9731,3,4,True,0.2,0.0,0.5,False,0.5469,0.4786,0.875,0.21,0.022,0.285,0.03
检验_白球比,检验_血小板,检验_白球比 -> 检验_血小板,0.6,0.6,0.6,0.6,3,3,0.0878,0.0,1,True,1.1391,0.9962,3,3,True,0.2,0.0,0.5,False,0.5467,0.4784,0.875,0.21,0.022,0.2848,0.03
疾病_颈总动脉斑块,疾病_心律失常,疾病_颈总动脉斑块 -> 疾病_心律失常,0.6,0.6,0.6,0.6,3,3,0.0878,0.0,1,True,1.1379,0.9942,2,2,True,0.2,0.0,0.5,False,0.5464,0.4781,0.875,0.21,0.022,0.2845,0.03
检验_直接胆红素,检验_总胆红素,检验_直接胆红素 -> 检验_总胆红素,0.4,0.4,0.4,0.4,2,2,0.0878,0.0,1,True,1.4134,0.9765,3,4,True,0.2,0.0,0.5,False,0.5453,0.4771,0.875,0.14,0.022,0.3533,0.03
检验_红细胞分布宽度CV,检验_钾,检验_红细胞分布宽度CV -> 检验_钾,0.6,0.6,0.6,0.6,3,3,0.0878,0.0,1,True,1.1304,1.0,2,2,True,0.2,0.0,0.5,False,0.5446,0.4765,0.875,0.21,0.022,0.2826,0.03
疾病_前列腺增生,检验_钙,疾病_前列腺增生 -> 检验_钙,0.6,0.6,0.6,0.6,3,3,0.0878,0.0,1,True,1.0289,0.9581,3,4,True,0.36,0.0,0.9,False,0.5432,0.4753,0.875,0.21,0.022,0.2572,0.054
药物_贞芪扶正,疾病_肺恶性肿瘤,药物_贞芪扶正 -> 疾病_肺恶性肿瘤,0.6,0.6,0.6,0.6,3,3,0.0878,0.0,1,True,1.0995,0.9363,3,5,True,0.24,0.0,0.6,False,0.5428,0.475,0.875,0.21,0.022,0.2749,0.036
疾病_老年性白内障,疾病_白内障,疾病_老年性白内障 -> 疾病_白内障,0.6,0.6,0.6,0.6,3,3,0.0878,0.0,1,True,1.1233,0.9995,3,3,True,0.2,0.0,0.5,False,0.5428,0.4749,0.875,0.21,0.022,0.2808,0.03
药物_匹伐他汀钙片,疾病_脂肪肝,药物_匹伐他汀钙片 -> 疾病_脂肪肝,0.6,0.6,0.6,0.6,3,3,0.0878,0.0,1,True,1.0987,0.9988,5,5,True,0.24,0.0,0.6,False,0.5426,0.4748,0.875,0.21,0.022,0.2747,0.036
疾病_高血压,药物_阿司匹林肠溶片,疾病_高血压 -> 药物_阿司匹林肠溶片,0.6,0.6,0.6,0.6,3,3,0.011,0.0,1,True,1.0916,0.9996,5,5,True,0.38,0.0,0.95,False,0.5426,0.4748,0.875,0.21,0.0027,0.2729,0.057
疾病_低蛋白血症,疾病_泌尿系感染,疾病_低蛋白血症 -> 疾病_泌尿系感染,0.6,0.6,0.6,0.6,3,3,0.0878,0.0,1,True,1.1221,1.0,2,2,True,0.2,0.0,0.5,False,0.5425,0.4747,0.875,0.21,0.022,0.2805,0.03
检验_谷丙转氨酶,检验_谷草转氨酶,检验_谷丙转氨酶 -> 检验_谷草转氨酶,0.6,0.6,0.6,0.6,3,3,0.0878,0.0,1,True,1.1223,0.9441,3,4,True,0.2,0.0,0.5,False,0.5425,0.4747,0.875,0.21,0.022,0.2806,0.03
检验_谷丙转氨酶,检验_谷草/谷丙,检验_谷丙转氨酶 -> 检验_谷草/谷丙,0.6,0.6,0.6,0.6,3,3,0.0878,0.0,1,True,1.1208,0.9285,2,3,True,0.2,0.0,0.5,False,0.5422,0.4744,0.875,0.21,0.022,0.2802,0.03
疾病_肺部感染,药物_葡萄糖注射液,疾病_肺部感染 -> 药物_葡萄糖注射液,0.6,0.6,0.6,0.6,3,3,0.0878,0.0,1,True,1.0128,0.958,1,1,True,0.38,0.0,0.95,False,0.5422,0.4744,0.875,0.21,0.022,0.2532,0.057
疾病_反流性食管炎,疾病_恶性肿瘤维持性化学治疗,疾病_反流性食管炎 -> 疾病_恶性肿瘤维持性化学治疗,0.6,0.6,0.6,0.6,3,3,0.0878,0.0,1,True,1.1126,0.8995,2,3,True,0.2,0.0,0.5,False,0.5401,0.4726,0.875,0.21,0.022,0.2782,0.03
疾病_脑梗死,药物_肝素钠注射液,疾病_脑梗死 -> 药物_肝素钠注射液,0.4,0.4,0.4,0.4,2,2,0.0878,0.0,1,True,1.2833,1.0,1,1,True,0.38,0.0,0.95,False,0.5398,0.4723,0.875,0.14,0.022,0.3208,0.057
检验_总蛋白,检验_钙,检验_总蛋白 -> 检验_钙,0.6,0.6,0.6,0.6,3,3,0.0878,0.0,1,True,1.11,0.9785,3,4,True,0.2,0.0,0.5,False,0.5395,0.472,0.875,0.21,0.022,0.2775,0.03
检验_磷,药物_碳酸钙片,检验_磷 -> 药物_碳酸钙片,0.4,0.4,0.4,0.4,2,2,0.3606,0.0,1,True,1.0681,0.9958,5,5,True,0.28,0.0,0.7,False,0.5392,0.4718,0.875,0.14,0.0901,0.267,0.042
疾病_冠状动脉粥样硬化性心脏病,药物_阿托伐他汀钙片,疾病_冠状动脉粥样硬化性心脏病 -> 药物_阿托伐他汀钙片,0.4,0.4,0.4,0.4,2,2,0.3167,0.0,1,True,1.0442,0.9673,2,3,True,0.38,0.0,0.95,False,0.5372,0.4701,0.875,0.14,0.0792,0.2611,0.057
检验_钠,药物_重组人促红素注射液,检验_钠 -> 药物_重组人促红素注射液,0.4,0.4,0.4,0.4,2,2,0.0878,0.0,1,True,1.3328,1.0,4,4,True,0.28,0.0,0.7,False,0.5372,0.47,0.875,0.14,0.022,0.3332,0.042
药物_硝苯地平控释片,药物_厄贝沙坦氢氯噻嗪片,药物_硝苯地平控释片 -> 药物_厄贝沙坦氢氯噻嗪片,0.6,0.6,0.6,0.6,3,3,0.0878,0.0,1,True,1.0961,0.9876,4,4,True,0.2,0.0,0.5,False,0.536,0.469,0.875,0.21,0.022,0.274,0.03
药物_硝苯地平控释片,药物_厄贝沙坦片,药物_硝苯地平控释片 -> 药物_厄贝沙坦片,0.6,0.6,0.6,0.6,3,3,0.0878,0.0,1,True,1.0881,0.9838,3,3,True,0.2,0.0,0.5,False,0.534,0.4672,0.875,0.21,0.022,0.272,0.03
药物_阿卡波糖片,药物_精蛋白生物合成人胰岛素注射液,药物_阿卡波糖片 -> 药物_精蛋白生物合成人胰岛素注射液,0.6,0.6,0.6,0.6,3,3,0.0878,0.0,1,True,1.0874,0.998,3,3,True,0.2,0.0,0.5,False,0.5338,0.4671,0.875,0.21,0.022,0.2718,0.03
疾病_糖尿病性视网膜病变,疾病_白内障,疾病_糖尿病性视网膜病变 -> 疾病_白内障,0.6,0.6,0.6,0.6,3,3,0.0878,0.0,1,True,1.0858,0.8955,2,3,True,0.2,0.0,0.5,False,0.5334,0.4667,0.875,0.21,0.022,0.2715,0.03
疾病_糖尿病,检验_尿酸,疾病_糖尿病 -> 检验_尿酸,0.4,0.4,0.4,0.4,2,2,0.2879,0.0,1,True,1.067,0.9164,4,7,True,0.36,0.0,0.9,False,0.5327,0.4661,0.875,0.14,0.072,0.2667,0.054
药物_阿司匹林肠溶片,疾病_重度骨质疏松,药物_阿司匹林肠溶片 -> 疾病_重度骨质疏松,0.6,0.6,0.6,0.6,3,3,0.0878,0.0,1,True,1.0485,0.9842,3,3,True,0.24,0.0,0.6,False,0.5301,0.4638,0.875,0.21,0.022,0.2621,0.036
疾病_医疗机构新收治患者及陪护人员,疾病_慢性胃炎,疾病_医疗机构新收治患者及陪护人员 -> 疾病_慢性胃炎,0.6,0.6,0.6,0.6,3,3,0.0878,0.0,1,True,1.0711,0.897,2,3,True,0.2,0.0,0.5,False,0.5297,0.4635,0.875,0.21,0.022,0.2678,0.03
疾病_不稳定性心绞痛,药物_盐酸曲美他嗪片,疾病_不稳定性心绞痛 -> 药物_盐酸曲美他嗪片,0.4,0.4,0.4,0.4,2,2,0.0878,0.0,1,True,1.2407,1.0,6,6,True,0.38,0.0,0.95,False,0.5291,0.463,0.875,0.14,0.022,0.3102,0.057
疾病_动脉硬化,疾病_慢性胃炎,疾病_动脉硬化 -> 疾病_慢性胃炎,0.6,0.6,0.6,0.6,3,3,0.0878,0.0,1,True,1.0673,0.998,3,3,True,0.2,0.0,0.5,False,0.5288,0.4627,0.875,0.21,0.022,0.2668,0.03
疾病_高血压,药物_苯磺酸氨氯地平片,疾病_高血压 -> 药物_苯磺酸氨氯地平片,0.4,0.4,0.4,0.4,2,2,0.2641,0.0,1,True,1.0569,1.0,1,1,True,0.38,0.0,0.95,False,0.5272,0.4613,0.875,0.14,0.066,0.2642,0.057
疾病_高血压,疾病_混合痔,疾病_高血压 -> 疾病_混合痔,0.4,0.4,0.4,0.4,2,2,0.2496,0.0,1,True,1.1787,1.0,5,5,True,0.2,0.0,0.5,False,0.5271,0.4612,0.875,0.14,0.0624,0.2947,0.03
疾病_肝囊肿,疾病_结肠息肉,疾病_肝囊肿 -> 疾病_结肠息肉,0.6,0.6,0.6,0.6,3,3,0.0878,0.0,1,True,1.0538,0.9747,2,3,True,0.2,0.0,0.5,False,0.5254,0.4597,0.875,0.21,0.022,0.2635,0.03
药物_单硝酸异山梨酯缓释片,药物_裸花紫珠分散片,药物_单硝酸异山梨酯缓释片 -> 药物_裸花紫珠分散片,0.6,0.6,0.6,0.6,3,3,0.0878,0.0,1,True,1.0527,0.9995,1,1,True,0.2,0.0,0.5,False,0.5251,0.4595,0.875,0.21,0.022,0.2632,0.03
检验_红细胞,检验_血红蛋白,检验_红细胞 -> 检验_血红蛋白,0.4,0.4,0.4,0.4,2,2,0.0878,0.0,1,True,1.3287,0.9999,6,6,True,0.2,0.0,0.5,False,0.5241,0.4586,0.875,0.14,0.022,0.3322,0.03
检验_胆碱酯酶,检验_前白蛋白,检验_胆碱酯酶 -> 检验_前白蛋白,0.4,0.4,0.4,0.4,2,2,0.0878,0.0,1,True,1.3267,1.0,4,4,True,0.2,0.0,0.5,False,0.5236,0.4582,0.875,0.14,0.022,0.3317,0.03
疾病_高脂血症,疾病_腔隙性脑梗死,疾病_高脂血症 -> 疾病_腔隙性脑梗死,0.6,0.6,0.6,0.6,3,3,0.0878,0.0,1,True,1.0467,0.9541,3,4,True,0.2,0.0,0.5,False,0.5236,0.4582,0.875,0.21,0.022,0.2617,0.03
疾病_尿毒症,疾病_高血压,疾病_尿毒症 -> 疾病_高血压,0.4,0.4,0.4,0.4,2,2,0.0878,0.0,1,True,1.3257,0.9404,17,23,True,0.2,0.0,0.5,False,0.5234,0.458,0.875,0.14,0.022,0.3314,0.03
疾病_肛乳头肥大,疾病_混合痔,疾病_肛乳头肥大 -> 疾病_混合痔,0.4,0.4,0.4,0.4,2,2,0.0878,0.0,1,True,1.3248,1.0,2,2,True,0.2,0.0,0.5,False,0.5232,0.4578,0.875,0.14,0.022,0.3312,0.03
检验_嗜酸性粒细胞比率,检验_嗜酸性粒细胞数量,检验_嗜酸性粒细胞比率 -> 检验_嗜酸性粒细胞数量,0.6,0.6,0.6,0.6,3,3,0.0878,0.0,1,True,1.037,0.9645,1,1,True,0.2,0.0,0.5,False,0.5212,0.4561,0.875,0.21,0.022,0.2593,0.03
疾病_高血压,疾病_肝功能异常,疾病_高血压 -> 疾病_肝功能异常,0.6,0.6,0.6,0.6,3,3,0.0878,0.0,1,True,1.0342,0.9958,2,2,True,0.2,0.0,0.5,False,0.5205,0.4554,0.875,0.21,0.022,0.2585,0.03
检验_间接胆红素,检验_总胆红素,检验_间接胆红素 -> 检验_总胆红素,0.4,0.4,0.4,0.4,2,2,0.0878,0.0,1,True,1.309,0.961,1,2,True,0.2,0.0,0.5,False,0.5192,0.4543,0.875,0.14,0.022,0.3272,0.03
药物_二羟丙茶碱注射液,药物_酒石酸美托洛尔片,药物_二羟丙茶碱注射液 -> 药物_酒石酸美托洛尔片,0.4,0.4,0.4,0.4,2,2,0.0878,0.0,1,True,1.2986,0.9675,3,4,True,0.2,0.0,0.5,False,0.5166,0.452,0.875,0.14,0.022,0.3246,0.03
检验_前白蛋白,检验_总胆红素,检验_前白蛋白 -> 检验_总胆红素,0.4,0.4,0.4,0.4,2,2,0.0878,0.0,1,True,1.2974,1.0,5,5,True,0.2,0.0,0.5,False,0.5163,0.4518,0.875,0.14,0.022,0.3244,0.03
药物_呋塞米片,药物_螺内酯片,药物_呋塞米片 -> 药物_螺内酯片,0.4,0.4,0.4,0.4,2,2,0.0878,0.0,1,True,1.2924,0.8602,1,2,True,0.2,0.0,0.5,False,0.5151,0.4507,0.875,0.14,0.022,0.3231,0.03
疾病_老年性白内障,检验_大型血小板比率,疾病_老年性白内障 -> 检验_大型血小板比率,0.4,0.4,0.4,0.4,2,2,0.0878,0.0,1,True,1.1961,0.9994,4,4,True,0.36,0.0,0.9,False,0.515,0.4506,0.875,0.14,0.022,0.299,0.054
检验_红细胞分布宽度CV,检验_红细胞分布宽度SD,检验_红细胞分布宽度CV -> 检验_红细胞分布宽度SD,0.4,0.4,0.4,0.4,2,2,0.0878,0.0,1,True,1.2835,0.9831,3,4,True,0.2,0.0,0.5,False,0.5128,0.4487,0.875,0.14,0.022,0.3209,0.03
检验_大型血小板比率,疾病_老年性白内障,检验_大型血小板比率 -> 疾病_老年性白内障,0.4,0.4,0.4,0.4,2,2,0.0878,0.0,1,True,1.1984,1.0,2,2,True,0.34,0.0,0.85,False,0.5126,0.4485,0.875,0.14,0.022,0.2996,0.051
检验_中性粒细胞比率,检验_淋巴细胞比率,检验_中性粒细胞比率 -> 检验_淋巴细胞比率,0.4,0.4,0.4,0.4,2,2,0.0878,0.0,1,True,1.2784,0.9552,1,2,True,0.2,0.0,0.5,False,0.5116,0.4476,0.875,0.14,0.022,0.3196,0.03
检验_淋巴细胞比率,检验_淋巴细胞数量,检验_淋巴细胞比率 -> 检验_淋巴细胞数量,0.4,0.4,0.4,0.4,2,2,0.0878,0.0,1,True,1.2784,0.9354,3,4,True,0.2,0.0,0.5,False,0.5116,0.4476,0.875,0.14,0.022,0.3196,0.03
疾病_非毒性多个甲状腺结节,疾病_血糖控制不佳,疾病_非毒性多个甲状腺结节 -> 疾病_血糖控制不佳,0.6,0.6,0.6,0.6,3,3,0.0878,0.0,1,True,0.993,0.957,2,2,True,0.2,0.0,0.5,False,0.5102,0.4464,0.875,0.21,0.022,0.2482,0.03
药物_苯磺酸氨氯地平片,疾病_高血压,药物_苯磺酸氨氯地平片 -> 疾病_高血压,0.4,0.4,0.4,0.4,2,2,0.2626,0.0,1,True,1.0695,0.9306,14,21,True,0.24,0.0,0.6,False,0.509,0.4454,0.875,0.14,0.0656,0.2674,0.036
检验_血红蛋白,检验_胆碱酯酶,检验_血红蛋白 -> 检验_胆碱酯酶,0.4,0.4,0.4,0.4,2,2,0.0878,0.0,1,True,1.2657,1.0,2,2,True,0.2,0.0,0.5,False,0.5084,0.4448,0.875,0.14,0.022,0.3164,0.03
检验_碱性磷酸酶,药物_盐酸羟考酮缓释片,检验_碱性磷酸酶 -> 药物_盐酸羟考酮缓释片,0.4,0.4,0.4,0.4,2,2,0.0878,0.0,1,True,1.2117,1.0,4,4,True,0.28,0.0,0.7,False,0.5069,0.4435,0.875,0.14,0.022,0.3029,0.042
疾病_低蛋白血症,检验_C反应蛋白,疾病_低蛋白血症 -> 检验_C反应蛋白,0.4,0.4,0.4,0.4,2,2,0.0878,0.0,1,True,1.1629,0.9996,5,5,True,0.36,0.0,0.9,False,0.5067,0.4433,0.875,0.14,0.022,0.2907,0.054
药物_盐酸羟考酮缓释片,检验_碱性磷酸酶,药物_盐酸羟考酮缓释片 -> 检验_碱性磷酸酶,0.4,0.4,0.4,0.4,2,2,0.0878,0.0,1,True,1.1856,0.9993,5,5,True,0.32,0.0,0.8,False,0.5064,0.4431,0.875,0.14,0.022,0.2964,0.048
药物_盐酸曲美他嗪片,疾病_陈旧性脑梗死,药物_盐酸曲美他嗪片 -> 疾病_陈旧性脑梗死,0.4,0.4,0.4,0.4,2,2,0.0878,0.0,1,True,1.2336,1.0,5,5,True,0.24,0.0,0.6,False,0.5064,0.4431,0.875,0.14,0.022,0.3084,0.036
疾病_尿毒症,检验_淋巴细胞数量,疾病_尿毒症 -> 检验_淋巴细胞数量,0.4,0.4,0.4,0.4,2,2,0.0878,0.0,1,True,1.1567,0.9303,4,5,True,0.36,0.0,0.9,False,0.5051,0.442,0.875,0.14,0.022,0.2892,0.054
检验_红细胞分布宽度SD,检验_红细胞,检验_红细胞分布宽度SD -> 检验_红细胞,0.4,0.4,0.4,0.4,2,2,0.0878,0.0,1,True,1.2501,0.9849,4,5,True,0.2,0.0,0.5,False,0.5045,0.4414,0.875,0.14,0.022,0.3125,0.03
检验_红细胞压积,检验_红细胞分布宽度CV,检验_红细胞压积 -> 检验_红细胞分布宽度CV,0.4,0.4,0.4,0.4,2,2,0.0878,0.0,1,True,1.2478,0.9747,9,10,True,0.2,0.0,0.5,False,0.5039,0.4409,0.875,0.14,0.022,0.312,0.03
药物_重组人促红素注射液,检验_谷丙转氨酶,药物_重组人促红素注射液 -> 检验_谷丙转氨酶,0.4,0.4,0.4,0.4,2,2,0.0878,0.0,1,True,1.1715,1.0,4,4,True,0.32,0.0,0.8,False,0.5028,0.44,0.875,0.14,0.022,0.2929,0.048
药物_硫酸氢氯吡格雷片,疾病_陈旧性脑梗死,药物_硫酸氢氯吡格雷片 -> 疾病_陈旧性脑梗死,0.4,0.4,0.4,0.4,2,2,0.0878,0.0,1,True,1.2186,1.0,3,3,True,0.24,0.0,0.6,False,0.5026,0.4398,0.875,0.14,0.022,0.3046,0.036
疾病_尿毒症,检验_肌酐,疾病_尿毒症 -> 检验_肌酐,0.4,0.4,0.4,0.4,2,2,0.0878,0.0,1,True,1.144,0.973,3,3,True,0.36,0.0,0.9,False,0.5019,0.4392,0.875,0.14,0.022,0.286,0.054
疾病_非毒性多个甲状腺结节,检验_红细胞压积,疾病_非毒性多个甲状腺结节 -> 检验_红细胞压积,0.4,0.4,0.4,0.4,2,2,0.0878,0.0,1,True,1.1413,0.9639,4,5,True,0.36,0.0,0.9,False,0.5013,0.4386,0.875,0.14,0.022,0.2853,0.054
检验_血红蛋白,疾病_低蛋白血症,检验_血红蛋白 -> 疾病_低蛋白血症,0.4,0.4,0.4,0.4,2,2,0.0878,0.0,1,True,1.1535,0.9999,4,4,True,0.34,0.0,0.85,False,0.5013,0.4387,0.875,0.14,0.022,0.2884,0.051
疾病_肾性贫血,药物_琥珀酸亚铁片,疾病_肾性贫血 -> 药物_琥珀酸亚铁片,0.4,0.4,0.4,0.4,2,2,0.0878,0.0,1,True,1.1263,1.0,2,2,True,0.38,0.0,0.95,False,0.5005,0.438,0.875,0.14,0.022,0.2816,0.057
药物_叶酸片,药物_琥珀酸亚铁片,药物_叶酸片 -> 药物_琥珀酸亚铁片,0.4,0.4,0.4,0.4,2,2,0.0878,0.0,1,True,1.2323,1.0,2,2,True,0.2,0.0,0.5,False,0.5,0.4375,0.875,0.14,0.022,0.3081,0.03
检验_红细胞压积,检验_红细胞,检验_红细胞压积 -> 检验_红细胞,0.4,0.4,0.4,0.4,2,2,0.0878,0.0,1,True,1.23,0.955,5,7,True,0.2,0.0,0.5,False,0.4995,0.437,0.875,0.14,0.022,0.3075,0.03
疾病_肢体动脉硬化,药物_艾司唑仑片,疾病_肢体动脉硬化 -> 药物_艾司唑仑片,0.4,0.4,0.4,0.4,2,2,0.0878,0.0,1,True,1.1178,1.0,2,2,True,0.38,0.0,0.95,False,0.4984,0.4361,0.875,0.14,0.022,0.2794,0.057
疾病_心功能,疾病_不稳定性心绞痛,疾病_心功能 -> 疾病_不稳定性心绞痛,0.4,0.4,0.4,0.4,2,2,0.0878,0.0,1,True,1.2242,0.9998,4,4,True,0.2,0.0,0.5,False,0.498,0.4358,0.875,0.14,0.022,0.306,0.03
检验_钠,检验_淋巴细胞比率,检验_钠 -> 检验_淋巴细胞比率,0.4,0.4,0.4,0.4,2,2,0.0878,0.0,1,True,1.2228,0.9993,5,5,True,0.2,0.0,0.5,False,0.4977,0.4354,0.875,0.14,0.022,0.3057,0.03
疾病_肺部感染,检验_血小板,疾病_肺部感染 -> 检验_血小板,0.4,0.4,0.4,0.4,2,2,0.0878,0.0,1,True,1.1264,0.9973,3,3,True,0.36,0.0,0.9,False,0.4976,0.4354,0.875,0.14,0.022,0.2816,0.054
疾病_贫血,药物_琥珀酸亚铁片,疾病_贫血 -> 药物_琥珀酸亚铁片,0.4,0.4,0.4,0.4,2,2,0.0878,0.0,1,True,1.1143,1.0,5,5,True,0.38,0.0,0.95,False,0.4975,0.4353,0.875,0.14,0.022,0.2786,0.057
检验_总胆红素,疾病_非毒性单个甲状腺结节,检验_总胆红素 -> 疾病_非毒性单个甲状腺结节,0.4,0.4,0.4,0.4,2,2,0.0878,0.0,1,True,1.135,0.974,2,3,True,0.34,0.0,0.85,False,0.4967,0.4346,0.875,0.14,0.022,0.2838,0.051
疾病_肾性贫血,药物_骨化三醇胶丸,疾病_肾性贫血 -> 药物_骨化三醇胶丸,0.4,0.4,0.4,0.4,2,2,0.0878,0.0,1,True,1.1097,1.0,3,3,True,0.38,0.0,0.95,False,0.4964,0.4343,0.875,0.14,0.022,0.2774,0.057
药物_氯化钾注射液,检验_平均血红蛋白浓度,药物_氯化钾注射液 -> 检验_平均血红蛋白浓度,0.4,0.4,0.4,0.4,2,2,0.0878,0.0,1,True,1.1433,0.9918,3,3,True,0.32,0.0,0.8,False,0.4958,0.4338,0.875,0.14,0.022,0.2858,0.048
检验_直接胆红素,药物_盐酸羟考酮缓释片,检验_直接胆红素 -> 药物_盐酸羟考酮缓释片,0.4,0.4,0.4,0.4,2,2,0.0878,0.0,1,True,1.1666,0.9832,5,6,True,0.28,0.0,0.7,False,0.4956,0.4337,0.875,0.14,0.022,0.2917,0.042
药物_重组人促红素注射液,检验_钠,药物_重组人促红素注射液 -> 检验_钠,0.4,0.4,0.4,0.4,2,2,0.0878,0.0,1,True,1.139,0.9997,3,3,True,0.32,0.0,0.8,False,0.4947,0.4329,0.875,0.14,0.022,0.2848,0.048
药物_盐酸曲美他嗪片,疾病_低蛋白血症,药物_盐酸曲美他嗪片 -> 疾病_低蛋白血症,0.4,0.4,0.4,0.4,2,2,0.0878,0.0,1,True,1.1868,1.0,6,6,True,0.24,0.0,0.6,False,0.4947,0.4328,0.875,0.14,0.022,0.2967,0.036
药物_琥珀酸亚铁片,药物_叶酸片,药物_琥珀酸亚铁片 -> 药物_叶酸片,0.4,0.4,0.4,0.4,2,2,0.0878,0.0,1,True,1.2103,0.9515,4,5,True,0.2,0.0,0.5,False,0.4945,0.4327,0.875,0.14,0.022,0.3026,0.03
药物_阿卡波糖片,疾病_糖尿病性周围神经病,药物_阿卡波糖片 -> 疾病_糖尿病性周围神经病,0.4,0.4,0.4,0.4,2,2,0.0878,0.0,1,True,1.1844,1.0,7,7,True,0.24,0.0,0.6,False,0.4941,0.4323,0.875,0.14,0.022,0.2961,0.036
检验_血小板,药物_维生素C注射液,检验_血小板 -> 药物_维生素C注射液,0.4,0.4,0.4,0.4,2,2,0.0878,0.0,1,True,1.1602,0.9955,5,5,True,0.28,0.0,0.7,False,0.494,0.4323,0.875,0.14,0.022,0.2901,0.042
药物_硫酸氢氯吡格雷片,药物_盐酸曲美他嗪片,药物_硫酸氢氯吡格雷片 -> 药物_盐酸曲美他嗪片,0.4,0.4,0.4,0.4,2,2,0.0878,0.0,1,True,1.2063,1.0,5,5,True,0.2,0.0,0.5,False,0.4935,0.4318,0.875,0.14,0.022,0.3016,0.03
疾病_低钾血症,检验_钾,疾病_低钾血症 -> 检验_钾,0.4,0.4,0.4,0.4,2,2,0.0878,0.0,1,True,1.1013,1.0,3,3,True,0.36,0.0,0.9,False,0.4913,0.4299,0.875,0.14,0.022,0.2753,0.054
检验_碱性磷酸酶,疾病_肝功能异常,检验_碱性磷酸酶 -> 疾病_肝功能异常,0.4,0.4,0.4,0.4,2,2,0.0878,0.0,1,True,1.1121,1.0,3,3,True,0.34,0.0,0.85,False,0.491,0.4296,0.875,0.14,0.022,0.278,0.051
检验_转肽酶,疾病_非毒性单个甲状腺结节,检验_转肽酶 -> 疾病_非毒性单个甲状腺结节,0.4,0.4,0.4,0.4,2,2,0.0878,0.0,1,True,1.1105,0.9932,2,2,True,0.34,0.0,0.85,False,0.4906,0.4293,0.875,0.14,0.022,0.2776,0.051
检验_红细胞,疾病_贫血,检验_红细胞 -> 疾病_贫血,0.4,0.4,0.4,0.4,2,2,0.0878,0.0,1,True,1.1036,0.9958,4,4,True,0.34,0.0,0.85,False,0.4889,0.4278,0.875,0.14,0.022,0.2759,0.051
药物_盐酸曲美他嗪片,药物_阿卡波糖片,药物_盐酸曲美他嗪片 -> 药物_阿卡波糖片,0.4,0.4,0.4,0.4,2,2,0.0878,0.0,1,True,1.187,0.9984,8,8,True,0.2,0.0,0.5,False,0.4887,0.4276,0.875,0.14,0.022,0.2968,0.03
药物_骨化三醇胶丸,药物_酒石酸美托洛尔片,药物_骨化三醇胶丸 -> 药物_酒石酸美托洛尔片,0.4,0.4,0.4,0.4,2,2,0.0878,0.0,1,True,1.182,0.9318,5,6,True,0.2,0.0,0.5,False,0.4875,0.4265,0.875,0.14,0.022,0.2955,0.03
疾病_胆囊结石,药物_盐酸二甲双胍片,疾病_胆囊结石 -> 药物_盐酸二甲双胍片,0.4,0.4,0.4,0.4,2,2,0.0878,0.0,1,True,1.0739,0.8712,2,3,True,0.38,0.0,0.95,False,0.4874,0.4265,0.875,0.14,0.022,0.2685,0.057
药物_硫酸氢氯吡格雷片,药物_单硝酸异山梨酯片,药物_硫酸氢氯吡格雷片 -> 药物_单硝酸异山梨酯片,0.4,0.4,0.4,0.4,2,2,0.0878,0.0,1,True,1.1808,1.0,5,5,True,0.2,0.0,0.5,False,0.4872,0.4263,0.875,0.14,0.022,0.2952,0.03
检验_氯,药物_葡萄糖注射液,检验_氯 -> 药物_葡萄糖注射液,0.4,0.4,0.4,0.4,2,2,0.0878,0.0,1,True,1.1319,1.0,1,1,True,0.28,0.0,0.7,False,0.4869,0.4261,0.875,0.14,0.022,0.283,0.042
检验_转肽酶,检验_碱性磷酸酶,检验_转肽酶 -> 检验_碱性磷酸酶,0.4,0.4,0.4,0.4,2,2,0.0878,0.0,1,True,1.1797,1.0,5,5,True,0.2,0.0,0.5,False,0.4869,0.426,0.875,0.14,0.022,0.2949,0.03
检验_红细胞分布宽度CV,疾病_胆囊结石,检验_红细胞分布宽度CV -> 疾病_胆囊结石,0.4,0.4,0.4,0.4,2,2,0.0878,0.0,1,True,1.0938,0.9728,5,6,True,0.34,0.0,0.85,False,0.4864,0.4256,0.875,0.14,0.022,0.2734,0.051
检验_谷丙转氨酶,疾病_肺恶性肿瘤,检验_谷丙转氨酶 -> 疾病_肺恶性肿瘤,0.4,0.4,0.4,0.4,2,2,0.0878,0.0,1,True,1.0934,0.9153,4,6,True,0.34,0.0,0.85,False,0.4863,0.4255,0.875,0.14,0.022,0.2733,0.051
疾病_糖尿病性视网膜病变,药物_厄贝沙坦片,疾病_糖尿病性视网膜病变 -> 药物_厄贝沙坦片,0.4,0.4,0.4,0.4,2,2,0.0878,0.0,1,True,1.0687,0.9012,2,3,True,0.38,0.0,0.95,False,0.4861,0.4254,0.875,0.14,0.022,0.2672,0.057
检验_直接胆红素,检验_碱性磷酸酶,检验_直接胆红素 -> 检验_碱性磷酸酶,0.4,0.4,0.4,0.4,2,2,0.0878,0.0,1,True,1.1758,0.9871,7,8,True,0.2,0.0,0.5,False,0.4859,0.4252,0.875,0.14,0.022,0.2939,0.03
药物_碳酸钙片,药物_骨化三醇胶丸,药物_碳酸钙片 -> 药物_骨化三醇胶丸,0.4,0.4,0.4,0.4,2,2,0.0878,0.0,1,True,1.1754,0.921,4,5,True,0.2,0.0,0.5,False,0.4858,0.4251,0.875,0.14,0.022,0.2939,0.03
检验_白球比,疾病_高脂血症,检验_白球比 -> 疾病_高脂血症,0.4,0.4,0.4,0.4,2,2,0.0878,0.0,1,True,1.0897,0.9982,6,6,True,0.34,0.0,0.85,False,0.4854,0.4247,0.875,0.14,0.022,0.2724,0.051
检验_白球比,药物_盐酸吗啡注射液,检验_白球比 -> 药物_盐酸吗啡注射液,0.4,0.4,0.4,0.4,2,2,0.0878,0.0,1,True,1.1248,0.9992,2,2,True,0.28,0.0,0.7,False,0.4851,0.4245,0.875,0.14,0.022,0.2812,0.042
药物_阿卡波糖片,检验_谷草转氨酶,药物_阿卡波糖片 -> 检验_谷草转氨酶,0.4,0.4,0.4,0.4,2,2,0.0878,0.0,1,True,1.1004,0.9959,4,4,True,0.32,0.0,0.8,False,0.4851,0.4244,0.875,0.14,0.022,0.2751,0.048
药物_阿托伐他汀钙片,药物_硫酸氢氯吡格雷片,药物_阿托伐他汀钙片 -> 药物_硫酸氢氯吡格雷片,0.4,0.4,0.4,0.4,2,2,0.1029,0.0,1,True,1.1559,0.9987,7,7,True,0.2,0.0,0.5,False,0.4847,0.4241,0.875,0.14,0.0257,0.289,0.03
疾病_脂肪肝,检验_C反应蛋白,疾病_脂肪肝 -> 检验_C反应蛋白,0.4,0.4,0.4,0.4,2,2,0.0878,0.0,1,True,1.0737,0.9991,7,7,True,0.36,0.0,0.9,False,0.4844,0.4238,0.875,0.14,0.022,0.2684,0.054
药物_单硝酸异山梨酯片,疾病_冠状动脉粥样硬化性心脏病,药物_单硝酸异山梨酯片 -> 疾病_冠状动脉粥样硬化性心脏病,0.4,0.4,0.4,0.4,2,2,0.0878,0.0,1,True,1.1443,0.9872,5,5,True,0.24,0.0,0.6,False,0.484,0.4235,0.875,0.14,0.022,0.2861,0.036
疾病_胆囊结石,药物_甲钴胺片,疾病_胆囊结石 -> 药物_甲钴胺片,0.4,0.4,0.4,0.4,2,2,0.0878,0.0,1,True,1.058,0.8725,2,3,True,0.38,0.0,0.95,False,0.4835,0.423,0.875,0.14,0.022,0.2645,0.057
药物_琥珀酸亚铁片,疾病_糖尿病性周围血管病,药物_琥珀酸亚铁片 -> 疾病_糖尿病性周围血管病,0.4,0.4,0.4,0.4,2,2,0.0878,0.0,1,True,1.1417,0.9493,4,5,True,0.24,0.0,0.6,False,0.4834,0.423,0.875,0.14,0.022,0.2854,0.036
疾病_高血压,检验_血小板比容,疾病_高血压 -> 检验_血小板比容,0.4,0.4,0.4,0.4,2,2,0.0878,0.0,1,True,1.07,0.9997,3,3,True,0.36,0.0,0.9,False,0.4834,0.423,0.875,0.14,0.022,0.2675,0.054
疾病_恶性肿瘤维持性化学治疗,检验_尿酸,疾病_恶性肿瘤维持性化学治疗 -> 检验_尿酸,0.4,0.4,0.4,0.4,2,2,0.0878,0.0,1,True,1.0699,0.9333,7,9,True,0.36,0.0,0.9,False,0.4834,0.423,0.875,0.14,0.022,0.2675,0.054
药物_碳酸氢钠片,检验_磷,药物_碳酸氢钠片 -> 检验_磷,0.4,0.4,0.4,0.4,2,2,0.0878,0.0,1,True,1.0916,0.997,4,4,True,0.32,0.0,0.8,False,0.4829,0.4225,0.875,0.14,0.022,0.2729,0.048
检验_白蛋白,检验_总蛋白,检验_白蛋白 -> 检验_总蛋白,0.4,0.4,0.4,0.4,2,2,0.0878,0.0,1,True,1.1629,1.0,4,4,True,0.2,0.0,0.5,False,0.4827,0.4223,0.875,0.14,0.022,0.2907,0.03
检验_总蛋白,检验_球蛋白,检验_总蛋白 -> 检验_球蛋白,0.4,0.4,0.4,0.4,2,2,0.0878,0.0,1,True,1.1629,0.9968,3,3,True,0.2,0.0,0.5,False,0.4827,0.4223,0.875,0.14,0.022,0.2907,0.03
检验_嗜酸性粒细胞数量,疾病_心功能,检验_嗜酸性粒细胞数量 -> 疾病_心功能,0.4,0.4,0.4,0.4,2,2,0.0878,0.0,1,True,1.0785,0.8958,2,3,True,0.34,0.0,0.85,False,0.4826,0.4223,0.875,0.14,0.022,0.2696,0.051
检验_淋巴细胞数量,检验_直接胆红素,检验_淋巴细胞数量 -> 检验_直接胆红素,0.4,0.4,0.4,0.4,2,2,0.0878,0.0,1,True,1.1604,0.9983,7,7,True,0.2,0.0,0.5,False,0.4821,0.4218,0.875,0.14,0.022,0.2901,0.03
疾病_肛乳头肥大,检验_谷草/谷丙,疾病_肛乳头肥大 -> 检验_谷草/谷丙,0.4,0.4,0.4,0.4,2,2,0.0878,0.0,1,True,1.0641,0.9795,1,1,True,0.36,0.0,0.9,False,0.482,0.4217,0.875,0.14,0.022,0.266,0.054
疾病_混合痔,疾病_肛乳头肥大,疾病_混合痔 -> 疾病_肛乳头肥大,0.4,0.4,0.4,0.4,2,2,0.0878,0.0,1,True,1.1592,0.9932,3,3,True,0.2,0.0,0.5,False,0.4818,0.4215,0.875,0.14,0.022,0.2898,0.03
检验_红细胞,疾病_白内障,检验_红细胞 -> 疾病_白内障,0.4,0.4,0.4,0.4,2,2,0.0878,0.0,1,True,1.0724,0.9285,1,3,True,0.34,0.0,0.85,False,0.481,0.4209,0.875,0.14,0.022,0.2681,0.051
疾病_高血压,药物_盐酸二甲双胍片,疾病_高血压 -> 药物_盐酸二甲双胍片,0.4,0.4,0.4,0.4,2,2,0.0878,0.0,1,True,1.0421,0.9985,2,2,True,0.38,0.0,0.95,False,0.4795,0.4196,0.875,0.14,0.022,0.2605,0.057
药物_单硝酸异山梨酯片,疾病_类风湿性关节炎,药物_单硝酸异山梨酯片 -> 疾病_类风湿性关节炎,0.4,0.4,0.4,0.4,2,2,0.0878,0.0,1,True,1.1232,1.0,2,2,True,0.24,0.0,0.6,False,0.4788,0.4189,0.875,0.14,0.022,0.2808,0.036
检验_红细胞压积,药物_碳酸氢钠片,检验_红细胞压积 -> 药物_碳酸氢钠片,0.4,0.4,0.4,0.4,2,2,0.0878,0.0,1,True,1.0982,0.942,3,4,True,0.28,0.0,0.7,False,0.4785,0.4187,0.875,0.14,0.022,0.2745,0.042
疾病_脂肪肝,疾病_糖尿病性周围血管病,疾病_脂肪肝 -> 疾病_糖尿病性周围血管病,0.4,0.4,0.4,0.4,2,2,0.0878,0.0,1,True,1.1454,0.9997,5,5,True,0.2,0.0,0.5,False,0.4783,0.4185,0.875,0.14,0.022,0.2863,0.03
检验_总蛋白,检验_白蛋白,检验_总蛋白 -> 检验_白蛋白,0.4,0.4,0.4,0.4,2,2,0.0878,0.0,1,True,1.1448,1.0,2,2,True,0.2,0.0,0.5,False,0.4782,0.4184,0.875,0.14,0.022,0.2862,0.03
检验_球蛋白,检验_总蛋白,检验_球蛋白 -> 检验_总蛋白,0.4,0.4,0.4,0.4,2,2,0.0878,0.0,1,True,1.1448,1.0,2,2,True,0.2,0.0,0.5,False,0.4782,0.4184,0.875,0.14,0.022,0.2862,0.03
药物_阿卡波糖片,疾病_泌尿系感染,药物_阿卡波糖片 -> 疾病_泌尿系感染,0.4,0.4,0.4,0.4,2,2,0.0878,0.0,1,True,1.1203,1.0,3,3,True,0.24,0.0,0.6,False,0.478,0.4183,0.875,0.14,0.022,0.2801,0.036
检验_血红蛋白,检验_红细胞,检验_血红蛋白 -> 检验_红细胞,0.4,0.4,0.4,0.4,2,2,0.0878,0.0,1,True,1.1437,0.988,3,3,True,0.2,0.0,0.5,False,0.4779,0.4182,0.875,0.14,0.022,0.2859,0.03
检验_红细胞,检验_白蛋白,检验_红细胞 -> 检验_白蛋白,0.4,0.4,0.4,0.4,2,2,0.0878,0.0,1,True,1.1437,0.9998,4,4,True,0.2,0.0,0.5,False,0.4779,0.4182,0.875,0.14,0.022,0.2859,0.03
检验_氯,药物_单硝酸异山梨酯缓释片,检验_氯 -> 药物_单硝酸异山梨酯缓释片,0.4,0.4,0.4,0.4,2,2,0.0878,0.0,1,True,1.0951,0.9992,2,2,True,0.28,0.0,0.7,False,0.4777,0.418,0.875,0.14,0.022,0.2738,0.042
疾病_高血压,疾病_糖尿病,疾病_高血压 -> 疾病_糖尿病,0.4,0.4,0.4,0.4,2,2,0.11,0.0,1,True,1.1176,0.9994,9,9,True,0.2,0.0,0.5,False,0.4769,0.4173,0.875,0.14,0.0275,0.2794,0.03
疾病_肢体动脉硬化,疾病_颈总动脉斑块,疾病_肢体动脉硬化 -> 疾病_颈总动脉斑块,0.4,0.4,0.4,0.4,2,2,0.0878,0.0,1,True,1.1379,1.0,3,3,True,0.2,0.0,0.5,False,0.4764,0.4169,0.875,0.14,0.022,0.2845,0.03
药物_叶酸片,药物_甲钴胺分散片,药物_叶酸片 -> 药物_甲钴胺分散片,0.4,0.4,0.4,0.4,2,2,0.0878,0.0,1,True,1.1363,1.0,3,3,True,0.2,0.0,0.5,False,0.476,0.4165,0.875,0.14,0.022,0.2841,0.03
检验_平均血红蛋白含量,疾病_贫血,检验_平均血红蛋白含量 -> 疾病_贫血,0.4,0.4,0.4,0.4,2,2,0.0878,0.0,1,True,1.0491,0.9915,2,2,True,0.34,0.0,0.85,False,0.4752,0.4158,0.875,0.14,0.022,0.2623,0.051
疾病_高血压,检验_谷丙转氨酶,疾病_高血压 -> 检验_谷丙转氨酶,0.4,0.4,0.4,0.4,2,2,0.0878,0.0,1,True,1.0371,0.8183,1,5,True,0.36,0.0,0.9,False,0.4752,0.4158,0.875,0.14,0.022,0.2593,0.054
检验_白细胞,检验_中性粒细胞数量,检验_白细胞 -> 检验_中性粒细胞数量,0.4,0.4,0.4,0.4,2,2,0.0878,0.0,1,True,1.1316,0.9774,4,5,True,0.2,0.0,0.5,False,0.4749,0.4155,0.875,0.14,0.022,0.2829,0.03
检验_总胆汁酸,检验_转肽酶,检验_总胆汁酸 -> 检验_转肽酶,0.4,0.4,0.4,0.4,2,2,0.0878,0.0,1,True,1.129,0.9104,4,5,True,0.2,0.0,0.5,False,0.4742,0.4149,0.875,0.14,0.022,0.2823,0.03
检验_镁,检验_碳酸氢盐,检验_镁 -> 检验_碳酸氢盐,0.4,0.4,0.4,0.4,2,2,0.1555,0.0,1,True,1.0613,0.9755,3,4,True,0.2,0.0,0.5,False,0.4742,0.4149,0.875,0.14,0.0389,0.2653,0.03
检验_平均血红蛋白含量,疾病_类风湿性关节炎,检验_平均血红蛋白含量 -> 疾病_类风湿性关节炎,0.4,0.4,0.4,0.4,2,2,0.0878,0.0,1,True,1.0447,0.982,1,1,True,0.34,0.0,0.85,False,0.4741,0.4149,0.875,0.14,0.022,0.2612,0.051
检验_钠,检验_葡萄糖,检验_钠 -> 检验_葡萄糖,0.4,0.4,0.4,0.4,2,2,0.0934,0.0,1,True,1.122,0.9525,5,6,True,0.2,0.0,0.5,False,0.4738,0.4146,0.875,0.14,0.0233,0.2805,0.03
检验_肌酐,疾病_腔隙性脑梗死,检验_肌酐 -> 疾病_腔隙性脑梗死,0.4,0.4,0.4,0.4,2,2,0.0878,0.0,1,True,1.0435,0.8812,2,3,True,0.34,0.0,0.85,False,0.4738,0.4146,0.875,0.14,0.022,0.2609,0.051
疾病_颈总动脉斑块,疾病_老年性白内障,疾病_颈总动脉斑块 -> 疾病_老年性白内障,0.4,0.4,0.4,0.4,2,2,0.0878,0.0,1,True,1.1264,1.0,3,3,True,0.2,0.0,0.5,False,0.4736,0.4144,0.875,0.14,0.022,0.2816,0.03
检验_淋巴细胞比率,药物_维生素B6注射液,检验_淋巴细胞比率 -> 药物_维生素B6注射液,0.4,0.4,0.4,0.4,2,2,0.0878,0.0,1,True,1.0772,0.969,2,3,True,0.28,0.0,0.7,False,0.4733,0.4141,0.875,0.14,0.022,0.2693,0.042
疾病_高血压,疾病_陈旧性脑梗死,疾病_高血压 -> 疾病_陈旧性脑梗死,0.4,0.4,0.4,0.4,2,2,0.0878,0.0,1,True,1.1218,1.0,4,4,True,0.2,0.0,0.5,False,0.4724,0.4134,0.875,0.14,0.022,0.2804,0.03
疾病_不稳定性心绞痛,疾病_反流性食管炎,疾病_不稳定性心绞痛 -> 疾病_反流性食管炎,0.4,0.4,0.4,0.4,2,2,0.0878,0.0,1,True,1.1196,0.9134,7,9,True,0.2,0.0,0.5,False,0.4719,0.4129,0.875,0.14,0.022,0.2799,0.03
检验_平均血红蛋白浓度,药物_佐匹克隆片,检验_平均血红蛋白浓度 -> 药物_佐匹克隆片,0.4,0.4,0.4,0.4,2,2,0.0878,0.0,1,True,1.0705,1.0,1,1,True,0.28,0.0,0.7,False,0.4716,0.4126,0.875,0.14,0.022,0.2676,0.042
检验_球蛋白,疾病_结肠息肉,检验_球蛋白 -> 疾病_结肠息肉,0.4,0.4,0.4,0.4,2,2,0.0878,0.0,1,True,1.0345,0.9905,1,1,True,0.34,0.0,0.85,False,0.4716,0.4126,0.875,0.14,0.022,0.2586,0.051
疾病_颈总动脉斑块,疾病_肢体动脉硬化,疾病_颈总动脉斑块 -> 疾病_肢体动脉硬化,0.4,0.4,0.4,0.4,2,2,0.0878,0.0,1,True,1.1178,1.0,1,1,True,0.2,0.0,0.5,False,0.4714,0.4125,0.875,0.14,0.022,0.2794,0.03
检验_谷草转氨酶,疾病_腰椎间盘突出,检验_谷草转氨酶 -> 疾病_腰椎间盘突出,0.4,0.4,0.4,0.4,2,2,0.0878,0.0,1,True,1.0322,0.989,2,2,True,0.34,0.0,0.85,False,0.471,0.4121,0.875,0.14,0.022,0.258,0.051
疾病_高同型半胱氨酸血症,疾病_肢体动脉硬化,疾病_高同型半胱氨酸血症 -> 疾病_肢体动脉硬化,0.4,0.4,0.4,0.4,2,2,0.0878,0.0,1,True,1.1123,1.0,2,2,True,0.2,0.0,0.5,False,0.47,0.4113,0.875,0.14,0.022,0.2781,0.03
检验_葡萄糖,药物_地西泮注射液,检验_葡萄糖 -> 药物_地西泮注射液,0.4,0.4,0.4,0.4,2,2,0.0878,0.0,1,True,1.0631,0.9945,2,2,True,0.28,0.0,0.7,False,0.4697,0.411,0.875,0.14,0.022,0.2658,0.042
检验_直接胆红素,疾病_泌尿系感染,检验_直接胆红素 -> 疾病_泌尿系感染,0.4,0.4,0.4,0.4,2,2,0.0878,0.0,1,True,1.0261,0.9267,1,3,True,0.34,0.0,0.85,False,0.4695,0.4108,0.875,0.14,0.022,0.2565,0.051
检验_碱性磷酸酶,检验_尿酸,检验_碱性磷酸酶 -> 检验_尿酸,0.4,0.4,0.4,0.4,2,2,0.0878,0.0,1,True,1.1091,0.9449,6,8,True,0.2,0.0,0.5,False,0.4692,0.4106,0.875,0.14,0.022,0.2773,0.03
药物_厄贝沙坦氢氯噻嗪片,疾病_低钾血症,药物_厄贝沙坦氢氯噻嗪片 -> 疾病_低钾血症,0.4,0.4,0.4,0.4,2,2,0.0878,0.0,1,True,1.0803,0.9998,4,4,True,0.24,0.0,0.6,False,0.468,0.4095,0.875,0.14,0.022,0.2701,0.036
疾病_胆囊结石,疾病_脂肪肝,疾病_胆囊结石 -> 疾病_脂肪肝,0.4,0.4,0.4,0.4,2,2,0.0878,0.0,1,True,1.1037,0.9258,4,5,True,0.2,0.0,0.5,False,0.4679,0.4094,0.875,0.14,0.022,0.2759,0.03
疾病_脂肪肝,疾病_肺恶性肿瘤,疾病_脂肪肝 -> 疾病_肺恶性肿瘤,0.4,0.4,0.4,0.4,2,2,0.0878,0.0,1,True,1.1037,0.9751,6,7,True,0.2,0.0,0.5,False,0.4679,0.4094,0.875,0.14,0.022,0.2759,0.03
检验_血小板,检验_血小板比容,检验_血小板 -> 检验_血小板比容,0.4,0.4,0.4,0.4,2,2,0.0878,0.0,1,True,1.1033,0.9993,3,3,True,0.2,0.0,0.5,False,0.4678,0.4093,0.875,0.14,0.022,0.2758,0.03
疾病_非毒性多个甲状腺结节,疾病_脂肪肝,疾病_非毒性多个甲状腺结节 -> 疾病_脂肪肝,0.4,0.4,0.4,0.4,2,2,0.0878,0.0,1,True,1.1017,0.9909,5,5,True,0.2,0.0,0.5,False,0.4674,0.409,0.875,0.14,0.022,0.2754,0.03
疾病_脂肪肝,疾病_胆囊结石,疾病_脂肪肝 -> 疾病_胆囊结石,0.4,0.4,0.4,0.4,2,2,0.0878,0.0,1,True,1.1017,0.9222,5,6,True,0.2,0.0,0.5,False,0.4674,0.409,0.875,0.14,0.022,0.2754,0.03
疾病_血糖控制不佳,药物_精蛋白生物合成人胰岛素注射液,疾病_血糖控制不佳 -> 药物_精蛋白生物合成人胰岛素注射液,0.4,0.4,0.4,0.4,2,2,0.0878,0.0,1,True,0.9915,0.8168,1,2,True,0.38,0.0,0.95,False,0.4668,0.4085,0.875,0.14,0.022,0.2479,0.057
检验_尿酸,疾病_慢性胃炎,检验_尿酸 -> 疾病_慢性胃炎,0.4,0.4,0.4,0.4,2,2,0.0878,0.0,1,True,1.0139,0.9678,3,4,True,0.34,0.0,0.85,False,0.4664,0.4081,0.875,0.14,0.022,0.2535,0.051
药物_碳酸钙片,疾病_糖尿病性视网膜病变,药物_碳酸钙片 -> 疾病_糖尿病性视网膜病变,0.4,0.4,0.4,0.4,2,2,0.0878,0.0,1,True,1.0735,0.9282,5,6,True,0.24,0.0,0.6,False,0.4663,0.408,0.875,0.14,0.022,0.2684,0.036
检验_红细胞分布宽度CV,检验_镁,检验_红细胞分布宽度CV -> 检验_镁,0.4,0.4,0.4,0.4,2,2,0.0878,0.0,1,True,1.0951,1.0,3,3,True,0.2,0.0,0.5,False,0.4657,0.4075,0.875,0.14,0.022,0.2738,0.03
检验_红细胞分布宽度SD,检验_红细胞平均体积,检验_红细胞分布宽度SD -> 检验_红细胞平均体积,0.4,0.4,0.4,0.4,2,2,0.0878,0.0,1,True,1.0949,0.9658,1,2,True,0.2,0.0,0.5,False,0.4657,0.4075,0.875,0.14,0.022,0.2737,0.03
检验_单核细胞比率,检验_白细胞,检验_单核细胞比率 -> 检验_白细胞,0.4,0.4,0.4,0.4,2,2,0.0878,0.0,1,True,1.0948,0.9288,1,2,True,0.2,0.0,0.5,False,0.4656,0.4074,0.875,0.14,0.022,0.2737,0.03
检验_血小板分布宽度,检验_中性粒细胞数量,检验_血小板分布宽度 -> 检验_中性粒细胞数量,0.4,0.4,0.4,0.4,2,2,0.0878,0.0,1,True,1.0939,0.9789,5,6,True,0.2,0.0,0.5,False,0.4654,0.4073,0.875,0.14,0.022,0.2735,0.03
检验_白细胞,药物_二羟丙茶碱注射液,检验_白细胞 -> 药物_二羟丙茶碱注射液,0.4,0.4,0.4,0.4,2,2,0.0878,0.0,1,True,1.0438,0.9058,1,6,True,0.28,0.0,0.7,False,0.4649,0.4068,0.875,0.14,0.022,0.261,0.042
药物_贞芪扶正,疾病_恶性肿瘤维持性化学治疗,药物_贞芪扶正 -> 疾病_恶性肿瘤维持性化学治疗,0.4,0.4,0.4,0.4,2,2,0.0878,0.0,1,True,1.0653,0.9622,2,3,True,0.24,0.0,0.6,False,0.4643,0.4062,0.875,0.14,0.022,0.2663,0.036
检验_C反应蛋白,检验_总蛋白,检验_C反应蛋白 -> 检验_总蛋白,0.4,0.4,0.4,0.4,2,2,0.0878,0.0,1,True,1.0881,0.9995,6,6,True,0.2,0.0,0.5,False,0.464,0.406,0.875,0.14,0.022,0.272,0.03
药物_甲钴胺分散片,药物_卡维地洛片,药物_甲钴胺分散片 -> 药物_卡维地洛片,0.4,0.4,0.4,0.4,2,2,0.0878,0.0,1,True,1.0844,1.0,2,2,True,0.2,0.0,0.5,False,0.4631,0.4052,0.875,0.14,0.022,0.2711,0.03
检验_红细胞分布宽度CV,检验_谷草/谷丙,检验_红细胞分布宽度CV -> 检验_谷草/谷丙,0.4,0.4,0.4,0.4,2,2,0.0878,0.0,1,True,1.0843,0.9988,2,2,True,0.2,0.0,0.5,False,0.463,0.4052,0.875,0.14,0.022,0.2711,0.03
疾病_低钾血症,疾病_心功能,疾病_低钾血症 -> 疾病_心功能,0.4,0.4,0.4,0.4,2,2,0.0878,0.0,1,True,1.083,0.9985,4,4,True,0.2,0.0,0.5,False,0.4627,0.4049,0.875,0.14,0.022,0.2707,0.03
检验_中性粒细胞数量,药物_苯磺酸氨氯地平片,检验_中性粒细胞数量 -> 药物_苯磺酸氨氯地平片,0.4,0.4,0.4,0.4,2,2,0.0878,0.0,1,True,1.0351,0.9752,4,4,True,0.28,0.0,0.7,False,0.4627,0.4049,0.875,0.14,0.022,0.2588,0.042
药物_匹伐他汀钙片,药物_阿托伐他汀钙片,药物_匹伐他汀钙片 -> 药物_阿托伐他汀钙片,0.4,0.4,0.4,0.4,2,2,0.0878,0.0,1,True,1.0804,0.9237,2,3,True,0.2,0.0,0.5,False,0.4621,0.4043,0.875,0.14,0.022,0.2701,0.03
检验_血小板比容,检验_血小板,检验_血小板比容 -> 检验_血小板,0.4,0.4,0.4,0.4,2,2,0.0878,0.0,1,True,1.0804,0.9998,2,2,True,0.2,0.0,0.5,False,0.4621,0.4043,0.875,0.14,0.022,0.2701,0.03
疾病_肺恶性肿瘤,疾病_恶性肿瘤维持性化学治疗,疾病_肺恶性肿瘤 -> 疾病_恶性肿瘤维持性化学治疗,0.4,0.4,0.4,0.4,2,2,0.0878,0.0,1,True,1.0783,0.9994,4,4,True,0.2,0.0,0.5,False,0.4615,0.4038,0.875,0.14,0.022,0.2696,0.03
药物_酒石酸美托洛尔片,药物_硝苯地平缓释片,药物_酒石酸美托洛尔片 -> 药物_硝苯地平缓释片,0.4,0.4,0.4,0.4,2,2,0.0878,0.0,1,True,1.0777,0.9903,3,3,True,0.2,0.0,0.5,False,0.4614,0.4037,0.875,0.14,0.022,0.2694,0.03
疾病_高血压,疾病_动脉硬化,疾病_高血压 -> 疾病_动脉硬化,0.4,0.4,0.4,0.4,2,2,0.1162,0.0,1,True,1.0471,0.9929,4,4,True,0.2,0.0,0.5,False,0.4608,0.4032,0.875,0.14,0.0291,0.2618,0.03
检验_中性粒细胞数量,检验_镁,检验_中性粒细胞数量 -> 检验_镁,0.4,0.4,0.4,0.4,2,2,0.0878,0.0,1,True,1.0751,0.9914,4,4,True,0.2,0.0,0.5,False,0.4607,0.4031,0.875,0.14,0.022,0.2688,0.03
疾病_非毒性多个甲状腺结节,疾病_老年性白内障,疾病_非毒性多个甲状腺结节 -> 疾病_老年性白内障,0.4,0.4,0.4,0.4,2,2,0.0878,0.0,1,True,1.0741,0.984,3,3,True,0.2,0.0,0.5,False,0.4605,0.4029,0.875,0.14,0.022,0.2685,0.03
疾病_反流性食管炎,疾病_贫血,疾病_反流性食管炎 -> 疾病_贫血,0.4,0.4,0.4,0.4,2,2,0.0878,0.0,1,True,1.072,0.907,2,3,True,0.2,0.0,0.5,False,0.46,0.4025,0.875,0.14,0.022,0.268,0.03
检验_白球比,检验_钙,检验_白球比 -> 检验_钙,0.4,0.4,0.4,0.4,2,2,0.0878,0.0,1,True,1.0711,0.9078,1,2,True,0.2,0.0,0.5,False,0.4597,0.4023,0.875,0.14,0.022,0.2678,0.03
疾病_慢性胃炎,疾病_结肠息肉,疾病_慢性胃炎 -> 疾病_结肠息肉,0.4,0.4,0.4,0.4,2,2,0.0878,0.0,1,True,1.0711,0.992,3,3,True,0.2,0.0,0.5,False,0.4597,0.4023,0.875,0.14,0.022,0.2678,0.03
检验_红细胞分布宽度CV,检验_磷,检验_红细胞分布宽度CV -> 检验_磷,0.4,0.4,0.4,0.4,2,2,0.0878,0.0,1,True,1.0651,0.9953,3,3,True,0.2,0.0,0.5,False,0.4582,0.4009,0.875,0.14,0.022,0.2663,0.03
疾病_糖尿病,疾病_肝囊肿,疾病_糖尿病 -> 疾病_肝囊肿,0.4,0.4,0.4,0.4,2,2,0.0878,0.0,1,True,1.0632,0.989,3,3,True,0.2,0.0,0.5,False,0.4578,0.4005,0.875,0.14,0.022,0.2658,0.03
药物_富马酸比索洛尔片,疾病_心律失常,药物_富马酸比索洛尔片 -> 疾病_心律失常,0.4,0.4,0.4,0.4,2,2,0.0878,0.0,1,True,1.0366,0.9795,3,4,True,0.24,0.0,0.6,False,0.4571,0.4,0.875,0.14,0.022,0.2591,0.036
药物_富马酸比索洛尔片,药物_硝苯地平缓释片,药物_富马酸比索洛尔片 -> 药物_硝苯地平缓释片,0.4,0.4,0.4,0.4,2,2,0.0878,0.0,1,True,1.0568,0.9817,2,3,True,0.2,0.0,0.5,False,0.4562,0.3991,0.875,0.14,0.022,0.2642,0.03
检验_红细胞分布宽度CV,检验_血小板,检验_红细胞分布宽度CV -> 检验_血小板,0.4,0.4,0.4,0.4,2,2,0.0878,0.0,1,True,1.0562,0.9781,4,4,True,0.2,0.0,0.5,False,0.456,0.399,0.875,0.14,0.022,0.2641,0.03
药物_阿司匹林肠溶片,药物_厄贝沙坦片,药物_阿司匹林肠溶片 -> 药物_厄贝沙坦片,0.4,0.4,0.4,0.4,2,2,0.0878,0.0,1,True,1.0552,0.9995,1,1,True,0.2,0.0,0.5,False,0.4557,0.3988,0.875,0.14,0.022,0.2638,0.03
检验_平均血红蛋白浓度,药物_复方鲜竹沥液,检验_平均血红蛋白浓度 -> 药物_复方鲜竹沥液,0.4,0.4,0.4,0.4,2,2,0.0878,0.0,1,True,1.0065,0.9755,1,1,True,0.28,0.0,0.7,False,0.4556,0.3986,0.875,0.14,0.022,0.2516,0.042
疾病_高脂血症,疾病_前列腺增生,疾病_高脂血症 -> 疾病_前列腺增生,0.4,0.4,0.4,0.4,2,2,0.0878,0.0,1,True,1.0517,0.997,3,3,True,0.2,0.0,0.5,False,0.4549,0.398,0.875,0.14,0.022,0.2629,0.03
药物_酒石酸美托洛尔片,药物_富马酸比索洛尔片,药物_酒石酸美托洛尔片 -> 药物_富马酸比索洛尔片,0.4,0.4,0.4,0.4,2,2,0.0878,0.0,1,True,1.046,0.9387,3,6,True,0.2,0.0,0.5,False,0.4535,0.3968,0.875,0.14,0.022,0.2615,0.03
药物_盐酸吗啡注射液,药物_盐酸布桂嗪注射液,药物_盐酸吗啡注射液 -> 药物_盐酸布桂嗪注射液,0.4,0.4,0.4,0.4,2,2,0.0878,0.0,1,True,1.0412,0.9965,2,2,True,0.2,0.0,0.5,False,0.4522,0.3957,0.875,0.14,0.022,0.2603,0.03
检验_尿酸,检验_钾,检验_尿酸 -> 检验_钾,0.4,0.4,0.4,0.4,2,2,0.0857,0.0,1,True,1.0403,0.9945,3,3,True,0.2,0.0,0.5,False,0.4515,0.3951,0.875,0.14,0.0214,0.2601,0.03
疾病_肺恶性肿瘤,疾病_前列腺增生,疾病_肺恶性肿瘤 -> 疾病_前列腺增生,0.4,0.4,0.4,0.4,2,2,0.0878,0.0,1,True,1.0361,0.9791,4,4,True,0.2,0.0,0.5,False,0.451,0.3946,0.875,0.14,0.022,0.259,0.03
疾病_心律失常,疾病_慢性支气管炎,疾病_心律失常 -> 疾病_慢性支气管炎,0.4,0.4,0.4,0.4,2,2,0.0878,0.0,1,True,1.0309,0.919,2,3,True,0.2,0.0,0.5,False,0.4497,0.3935,0.875,0.14,0.022,0.2577,0.03
检验_嗜酸性粒细胞比率,药物_硝苯地平控释片,检验_嗜酸性粒细胞比率 -> 药物_硝苯地平控释片,0.4,0.4,0.4,0.4,2,2,0.0878,0.0,1,True,0.9782,0.9037,2,3,True,0.28,0.0,0.7,False,0.4485,0.3924,0.875,0.14,0.022,0.2446,0.042
疾病_冠状动脉粥样硬化性心脏病,疾病_尿毒症,疾病_冠状动脉粥样硬化性心脏病 -> 疾病_尿毒症,0.4,0.4,0.4,0.4,2,2,0.0878,0.0,1,True,1.0248,0.9687,7,7,True,0.2,0.0,0.5,False,0.4481,0.3921,0.875,0.14,0.022,0.2562,0.03
疾病_高血压,疾病_前列腺增生,疾病_高血压 -> 疾病_前列腺增生,0.4,0.4,0.4,0.4,2,2,0.0878,0.0,1,True,1.0168,0.9823,3,3,True,0.2,0.0,0.5,False,0.4462,0.3904,0.875,0.14,0.022,0.2542,0.03
疾病_反流性食管炎,疾病_糖尿病性周围神经病,疾病_反流性食管炎 -> 疾病_糖尿病性周围神经病,0.4,0.4,0.4,0.4,2,2,0.0878,0.0,1,True,1.0027,0.8548,1,6,True,0.2,0.0,0.5,False,0.4426,0.3873,0.875,0.14,0.022,0.2507,0.03
疾病_高血压,疾病_非毒性多个甲状腺结节,疾病_高血压 -> 疾病_非毒性多个甲状腺结节,0.4,0.4,0.4,0.4,2,2,0.0878,0.0,1,True,0.993,0.9481,5,7,True,0.2,0.0,0.5,False,0.4402,0.3852,0.875,0.14,0.022,0.2482,0.03
疾病_高血压,疾病_脂肪肝,疾病_高血压 -> 疾病_脂肪肝,0.4,0.4,0.4,0.4,2,2,0.0007,0.0,1,True,1.0715,0.9998,6,6,True,0.2,0.0,0.5,False,0.438,0.3833,0.875,0.14,0.0002,0.2679,0.03
疾病_非毒性多个甲状腺结节,疾病_后天性肾囊肿,疾病_非毒性多个甲状腺结节 -> 疾病_后天性肾囊肿,0.4,0.4,0.4,0.4,2,2,0.0878,0.0,1,True,0.9719,0.9515,1,1,True,0.2,0.0,0.5,False,0.4349,0.3806,0.875,0.14,0.022,0.243,0.03
疾病_颈椎病,疾病_腰椎间盘突出,疾病_颈椎病 -> 疾病_腰椎间盘突出,0.8,0.8,0.8,0.8,4,4,0.0878,0.0,1,True,0.096,0.5,0,0,False,0.2,0.0,0.5,False,0.356,0.2492,0.7,0.28,0.022,0.024,0.03
检验_嗜碱性粒细胞比率,检验_嗜碱性粒细胞数量,检验_嗜碱性粒细胞比率 -> 检验_嗜碱性粒细胞数量,0.6,0.6,0.6,0.6,3,3,0.0878,0.0,1,True,0.2685,0.895,0,1,True,0.2,0.0,0.5,False,0.3291,0.2879,0.875,0.21,0.022,0.0671,0.03
疾病_高血压,药物_贞芪扶正,疾病_高血压 -> 药物_贞芪扶正,0.4,0.4,0.4,0.4,2,2,0.0878,0.0,1,True,0.2824,0.8933,0,4,True,0.38,0.0,0.95,False,0.2896,0.2534,0.875,0.14,0.022,0.0706,0.057
疾病_肺部感染,检验_镁,疾病_肺部感染 -> 检验_镁,0.4,0.4,0.4,0.4,2,2,0.0878,0.0,1,True,0.2724,0.745,0,2,True,0.36,0.0,0.9,False,0.2841,0.2485,0.875,0.14,0.022,0.0681,0.054
检验_葡萄糖,药物_碳酸钙片,检验_葡萄糖 -> 药物_碳酸钙片,0.4,0.4,0.4,0.4,2,2,0.1852,0.0,1,True,0.2151,0.6216,0,4,True,0.28,0.0,0.7,False,0.2821,0.2468,0.875,0.14,0.0463,0.0538,0.042
检验_嗜碱性粒细胞数量,检验_嗜碱性粒细胞比率,检验_嗜碱性粒细胞数量 -> 检验_嗜碱性粒细胞比率,0.6,0.6,0.6,0.6,3,3,0.0878,0.0,1,True,0.072,0.5,0,0,False,0.2,0.0,0.5,False,0.28,0.196,0.7,0.21,0.022,0.018,0.03
药物_螺内酯片,药物_呋塞米片,药物_螺内酯片 -> 药物_呋塞米片,0.6,0.6,0.6,0.6,3,3,0.0878,0.0,1,True,0.072,0.5,0,0,False,0.2,0.0,0.5,False,0.28,0.196,0.7,0.21,0.022,0.018,0.03
疾病_肺恶性肿瘤,检验_单核细胞数量,疾病_肺恶性肿瘤 -> 检验_单核细胞数量,0.4,0.4,0.4,0.4,2,2,0.0878,0.0,1,True,0.256,0.7995,0,3,True,0.36,0.0,0.9,False,0.28,0.245,0.875,0.14,0.022,0.064,0.054
药物_地西泮片,药物_磷酸可待因片,药物_地西泮片 -> 药物_磷酸可待因片,0.6,0.6,0.6,0.6,3,3,0.0878,0.0,1,True,0.072,0.5,0,0,False,0.2,0.0,0.5,False,0.28,0.196,0.7,0.21,0.022,0.018,0.03
疾病_胆囊结石,检验_钙,疾病_胆囊结石 -> 检验_钙,0.4,0.4,0.4,0.4,2,2,0.0878,0.0,1,True,0.2525,0.638,0,4,True,0.36,0.0,0.9,False,0.2791,0.2442,0.875,0.14,0.022,0.0631,0.054
疾病_高血压,检验_嗜酸性粒细胞数量,疾病_高血压 -> 检验_嗜酸性粒细胞数量,0.4,0.4,0.4,0.4,2,2,0.0878,0.0,1,True,0.2452,0.759,0,4,True,0.36,0.0,0.9,False,0.2773,0.2426,0.875,0.14,0.022,0.0613,0.054
疾病_高血压,检验_红细胞压积,疾病_高血压 -> 检验_红细胞压积,0.4,0.4,0.4,0.4,2,2,0.0878,0.0,1,True,0.2428,0.7098,0,6,True,0.36,0.0,0.9,False,0.2767,0.2421,0.875,0.14,0.022,0.0607,0.054
疾病_反流性食管炎,药物_琥珀酸亚铁片,疾病_反流性食管炎 -> 药物_琥珀酸亚铁片,0.4,0.4,0.4,0.4,2,2,0.0878,0.0,1,True,0.2272,0.698,0,4,True,0.38,0.0,0.95,False,0.2758,0.2413,0.875,0.14,0.022,0.0568,0.057
检验_中性粒细胞数量,药物_复方鲜竹沥液,检验_中性粒细胞数量 -> 药物_复方鲜竹沥液,0.4,0.4,0.4,0.4,2,2,0.0878,0.0,1,True,0.2769,0.8712,0,3,True,0.28,0.0,0.7,False,0.2732,0.239,0.875,0.14,0.022,0.0692,0.042
检验_尿酸,药物_劳拉西泮片,检验_尿酸 -> 药物_劳拉西泮片,0.4,0.4,0.4,0.4,2,2,0.0878,0.0,1,True,0.2611,0.816,0,3,True,0.28,0.0,0.7,False,0.2692,0.2356,0.875,0.14,0.022,0.0653,0.042
药物_阿托伐他汀钙片,疾病_心律失常,药物_阿托伐他汀钙片 -> 疾病_心律失常,0.4,0.4,0.4,0.4,2,2,0.0944,0.0,1,True,0.2766,0.842,0,5,True,0.24,0.0,0.6,False,0.2688,0.2352,0.875,0.14,0.0236,0.0692,0.036
检验_尿酸,疾病_重度骨质疏松,检验_尿酸 -> 疾病_重度骨质疏松,0.4,0.4,0.4,0.4,2,2,0.0878,0.0,1,True,0.211,0.6785,0,5,True,0.34,0.0,0.85,False,0.2657,0.2325,0.875,0.14,0.022,0.0528,0.051
检验_嗜酸性粒细胞比率,疾病_医疗机构新收治患者及陪护人员,检验_嗜酸性粒细胞比率 -> 疾病_医疗机构新收治患者及陪护人员,0.4,0.4,0.4,0.4,2,2,0.0878,0.0,1,True,0.2074,0.6295,0,2,True,0.34,0.0,0.85,False,0.2648,0.2317,0.875,0.14,0.022,0.0519,0.051
疾病_高血压,疾病_肝囊肿,疾病_高血压 -> 疾病_肝囊肿,0.4,0.4,0.4,0.4,2,2,0.0878,0.0,1,True,0.2773,0.8975,0,3,True,0.2,0.0,0.5,False,0.2613,0.2286,0.875,0.14,0.022,0.0693,0.03
检验_钙,检验_嗜碱性粒细胞比率,检验_钙 -> 检验_嗜碱性粒细胞比率,0.4,0.4,0.4,0.4,2,2,0.0878,0.0,1,True,0.2742,0.8305,0,5,True,0.2,0.0,0.5,False,0.2605,0.2279,0.875,0.14,0.022,0.0685,0.03
检验_红细胞压积,检验_直接胆红素,检验_红细胞压积 -> 检验_直接胆红素,0.4,0.4,0.4,0.4,2,2,0.0878,0.0,1,True,0.2718,0.8647,0,8,True,0.2,0.0,0.5,False,0.2599,0.2274,0.875,0.14,0.022,0.0679,0.03
药物_富马酸比索洛尔片,药物_甲钴胺片,药物_富马酸比索洛尔片 -> 药物_甲钴胺片,0.4,0.4,0.4,0.4,2,2,0.0878,0.0,1,True,0.2655,0.8522,0,3,True,0.2,0.0,0.5,False,0.2583,0.226,0.875,0.14,0.022,0.0664,0.03
疾病_脑梗死,疾病_糖尿病性视网膜病变,疾病_脑梗死 -> 疾病_糖尿病性视网膜病变,0.4,0.4,0.4,0.4,2,2,0.0878,0.0,1,True,0.2475,0.7393,0,3,True,0.2,0.0,0.5,False,0.2538,0.2221,0.875,0.14,0.022,0.0619,0.03
疾病_腔隙性脑梗死,疾病_高尿酸血症,疾病_腔隙性脑梗死 -> 疾病_高尿酸血症,0.4,0.4,0.4,0.4,2,2,0.0878,0.0,1,True,0.2467,0.7049,0,4,True,0.2,0.0,0.5,False,0.2536,0.2219,0.875,0.14,0.022,0.0617,0.03
检验_嗜酸性粒细胞数量,检验_嗜酸性粒细胞比率,检验_嗜酸性粒细胞数量 -> 检验_嗜酸性粒细胞比率,0.4,0.4,0.4,0.4,2,2,0.0878,0.0,1,True,0.2427,0.7012,0,3,True,0.2,0.0,0.5,False,0.2526,0.2211,0.875,0.14,0.022,0.0607,0.03
检验_转肽酶,药物_骨化三醇胶丸,检验_转肽酶 -> 药物_骨化三醇胶丸,0.4,0.4,0.4,0.4,2,2,0.0878,0.0,1,True,0.1936,0.6014,0,5,True,0.28,0.0,0.7,False,0.2524,0.2208,0.875,0.14,0.022,0.0484,0.042
检验_淋巴细胞数量,检验_碳酸氢盐,检验_淋巴细胞数量 -> 检验_碳酸氢盐,0.4,0.4,0.4,0.4,2,2,0.0878,0.0,1,True,0.2225,0.7332,0,2,True,0.2,0.0,0.5,False,0.2476,0.2166,0.875,0.14,0.022,0.0556,0.03
药物_螺内酯片,药物_艾司唑仑片,药物_螺内酯片 -> 药物_艾司唑仑片,0.4,0.4,0.4,0.4,2,2,0.0878,0.0,1,True,0.2162,0.7205,0,1,True,0.2,0.0,0.5,False,0.246,0.2152,0.875,0.14,0.022,0.054,0.03
疾病_反流性食管炎,疾病_胆囊结石,疾病_反流性食管炎 -> 疾病_胆囊结石,0.4,0.4,0.4,0.4,2,2,0.0878,0.0,1,True,0.1891,0.5886,0,6,True,0.2,0.0,0.5,False,0.2392,0.2093,0.875,0.14,0.022,0.0473,0.03
疾病_高血压,疾病_反流性食管炎,疾病_高血压 -> 疾病_反流性食管炎,0.4,0.4,0.4,0.4,2,2,0.0074,0.0,1,True,0.2547,0.6753,0,9,True,0.2,0.0,0.5,False,0.2355,0.2061,0.875,0.14,0.0018,0.0637,0.03
检验_单核细胞比率,药物_艾司唑仑片,检验_单核细胞比率 -> 药物_艾司唑仑片,0.4,0.4,0.4,0.4,2,2,0.0878,0.0,1,True,0.072,0.5,0,0,False,0.28,0.0,0.7,False,0.222,0.1554,0.7,0.14,0.022,0.018,0.042
疾病_高同型半胱氨酸血症,疾病_慢性支气管炎,疾病_高同型半胱氨酸血症 -> 疾病_慢性支气管炎,0.4,0.4,0.4,0.4,2,2,0.0878,0.0,1,True,0.048,0.5,0,0,False,0.2,0.0,0.5,False,0.204,0.1428,0.7,0.14,0.022,0.012,0.03
检验_单核细胞比率,检验_单核细胞数量,检验_单核细胞比率 -> 检验_单核细胞数量,0.4,0.4,0.4,0.4,2,2,0.0878,0.0,1,True,0.048,0.5,0,0,False,0.2,0.0,0.5,False,0.204,0.1428,0.7,0.14,0.022,0.012,0.03
