路径ID,路径描述,间接效应均值,间接效应95%HDI,直接效应均值,总效应均值,中介比例,显著性概率,是否显著
1,检验_中性粒细胞比率 → 检验_中性粒细胞数量 → 检验_白细胞,0.2606,"[0.1898, 0.3321]",-0.0177,0.2429,1.1251,1.0000,是
2,检验_中性粒细胞比率 → 检验_中性粒细胞数量 → 检验_单核细胞数量,0.1461,"[0.0789, 0.2096]",0.0646,0.2108,0.7550,1.0000,是
3,检验_中性粒细胞比率 → 检验_中性粒细胞数量 → 检验_镁,0.0675,"[0.0067, 0.1332]",0.0284,0.0959,1.0094,0.9785,是
4,检验_中性粒细胞比率 → 检验_中性粒细胞数量 → 药物_复方鲜竹沥液,0.0274,"[-0.0350, 0.0912]",0.0448,0.0722,0.2976,0.7905,否
5,检验_中性粒细胞比率 → 检验_中性粒细胞数量 → 药物_苯磺酸氨氯地平片,-0.0572,"[-0.1233, 0.0012]",-0.0284,-0.0856,0.8230,0.9580,是
6,检验_中性粒细胞比率 → 检验_淋巴细胞比率 → 检验_淋巴细胞数量,0.2784,"[0.1810, 0.3728]",0.0285,0.3070,0.9360,1.0000,是
7,检验_中性粒细胞比率 → 检验_淋巴细胞比率 → 药物_维生素B6注射液,0.0705,"[-0.0381, 0.1588]",0.0709,0.1415,0.8428,0.9105,否
8,检验_白球比 → 检验_C反应蛋白 → 药物_复方鲜竹沥液,0.1188,"[0.0613, 0.1792]",0.0378,0.1565,0.9277,1.0000,是
9,检验_白球比 → 检验_C反应蛋白 → 疾病_低钾血症,0.1515,"[0.0934, 0.2141]",0.0374,0.1889,0.9074,1.0000,是
10,检验_白球比 → 检验_C反应蛋白 → 检验_总蛋白,0.0892,"[0.0323, 0.1444]",0.0480,0.1372,0.8756,0.9990,是
11,检验_白球比 → 检验_前白蛋白 → 检验_胆碱酯酶,0.1890,"[0.1323, 0.2523]",0.0914,0.2805,0.6955,1.0000,是
12,检验_白球比 → 检验_前白蛋白 → 检验_镁,0.1196,"[0.0683, 0.1732]",0.0992,0.2187,0.5855,1.0000,是
13,检验_白球比 → 检验_前白蛋白 → 检验_总胆红素,0.1475,"[0.0883, 0.2031]",-0.0248,0.1227,1.6244,1.0000,是
14,检验_白球比 → 检验_白蛋白 → 检验_总蛋白,0.1279,"[0.0780, 0.1817]",0.0099,0.1378,1.1411,1.0000,是
15,检验_白球比 → 检验_血小板 → 药物_维生素C注射液,0.0391,"[0.0041, 0.0748]",0.2079,0.2470,0.1685,0.9885,是
16,检验_白球比 → 检验_血小板 → 检验_血小板比容,0.1033,"[0.0570, 0.1513]",-0.0005,0.1027,3.6603,1.0000,是
17,检验_白球比 → 疾病_高脂血症 → 疾病_动脉硬化,-0.0897,"[-0.1349, -0.0464]",0.0671,-0.0226,0.1934,1.0000,是
18,检验_白球比 → 疾病_高脂血症 → 药物_匹伐他汀钙片,-0.0728,"[-0.1138, -0.0352]",-0.0187,-0.0915,-0.5655,1.0000,是
19,检验_白球比 → 疾病_高脂血症 → 药物_阿托伐他汀钙片,-0.0761,"[-0.1159, -0.0372]",0.1593,0.0832,-0.4243,1.0000,是
20,检验_白球比 → 疾病_高脂血症 → 疾病_腔隙性脑梗死,-0.0435,"[-0.0757, -0.0142]",-0.0469,-0.0904,1.1449,0.9990,是
21,检验_白球比 → 疾病_高脂血症 → 疾病_前列腺增生,-0.0368,"[-0.0683, -0.0082]",-0.0185,-0.0553,1.5686,0.9970,是
22,检验_白球比 → 药物_氯化钾注射液 → 疾病_肺部感染,0.2443,"[0.1812, 0.3188]",0.0579,0.3023,0.8285,1.0000,是
23,检验_白球比 → 药物_氯化钾注射液 → 药物_维生素C注射液,0.2551,"[0.1930, 0.3314]",-0.0086,0.2465,1.0819,1.0000,是
24,检验_白球比 → 药物_氯化钾注射液 → 药物_氯化钠注射液,0.2304,"[0.1659, 0.3028]",0.0813,0.3118,0.7553,1.0000,是
25,检验_白球比 → 药物_氯化钾注射液 → 检验_平均血红蛋白浓度,0.1433,"[0.0868, 0.2012]",-0.1124,0.0310,-1.6833,1.0000,是
26,检验_白球比 → 药物_氯化钾注射液 → 药物_盐酸氨溴索注射液,0.4016,"[0.3102, 0.4989]",-0.0000,0.4016,1.0022,1.0000,是
27,检验_白球比 → 检验_钙 → 检验_嗜碱性粒细胞比率,-0.0126,"[-0.0419, 0.0128]",-0.0908,-0.1033,-0.2869,0.8260,否
28,检验_白球比 → 药物_盐酸吗啡注射液 → 药物_盐酸布桂嗪注射液,0.0417,"[0.0125, 0.0721]",0.0613,0.1030,0.6795,0.9995,是
29,疾病_糖尿病 → 疾病_糖尿病性周围神经病 → 疾病_糖尿病性周围血管病,0.1740,"[0.1154, 0.2343]",0.0849,0.2589,0.7001,1.0000,是
30,疾病_糖尿病 → 疾病_糖尿病性周围神经病 → 疾病_糖尿病性视网膜病变,0.1310,"[0.0827, 0.1889]",0.0386,0.1696,0.9095,1.0000,是
31,疾病_糖尿病 → 疾病_糖尿病性周围神经病 → 疾病_高尿酸血症,0.1105,"[0.0621, 0.1587]",0.1426,0.2532,0.4576,1.0000,是
32,疾病_糖尿病 → 疾病_糖尿病性周围神经病 → 药物_甲钴胺片,0.0946,"[0.0468, 0.1497]",0.0340,0.1287,2.5736,1.0000,是
33,疾病_糖尿病 → 检验_葡萄糖 → 疾病_肝囊肿,-0.0797,"[-0.1350, -0.0249]",-0.1144,-0.1941,0.4581,0.9995,是
34,疾病_糖尿病 → 检验_葡萄糖 → 药物_地西泮注射液,0.0738,"[0.0181, 0.1327]",-0.0338,0.0401,1.3450,0.9900,是
35,疾病_糖尿病 → 检验_葡萄糖 → 药物_碳酸钙片,-0.0066,"[-0.0639, 0.0444]",-0.0036,-0.0102,-0.2236,0.5865,否
36,疾病_糖尿病 → 药物_甲钴胺分散片 → 药物_卡维地洛片,0.0844,"[0.0442, 0.1314]",0.0174,0.1018,1.1606,1.0000,是
37,疾病_糖尿病 → 药物_阿卡波糖片 → 疾病_非毒性单个甲状腺结节,0.1209,"[0.0674, 0.1789]",0.0317,0.1526,0.9441,1.0000,是
38,疾病_糖尿病 → 药物_阿卡波糖片 → 药物_精蛋白生物合成人胰岛素注射液,0.0806,"[0.0259, 0.1374]",0.0518,0.1324,0.7610,0.9990,是
39,疾病_糖尿病 → 药物_阿卡波糖片 → 检验_谷草转氨酶,0.1004,"[0.0444, 0.1578]",-0.1204,-0.0200,-5.8122,1.0000,是
40,疾病_糖尿病 → 药物_阿卡波糖片 → 疾病_糖尿病性周围神经病,0.1177,"[0.0621, 0.1704]",0.2563,0.3740,0.3203,1.0000,是
41,疾病_糖尿病 → 药物_阿卡波糖片 → 疾病_泌尿系感染,0.1203,"[0.0654, 0.1783]",-0.0095,0.1108,3.4447,1.0000,是
42,疾病_糖尿病 → 检验_尿酸 → 疾病_高尿酸血症,0.0311,"[0.0053, 0.0565]",0.2226,0.2537,0.1287,0.9990,是
43,疾病_糖尿病 → 检验_尿酸 → 疾病_重度骨质疏松,0.0040,"[-0.0150, 0.0254]",-0.0112,-0.0072,-0.1231,0.6700,否
44,疾病_糖尿病 → 检验_尿酸 → 检验_钾,0.0276,"[0.0037, 0.0551]",-0.0084,0.0192,0.0358,0.9945,是
45,疾病_糖尿病 → 检验_尿酸 → 疾病_慢性胃炎,-0.0150,"[-0.0380, 0.0030]",-0.1059,-0.1209,0.0950,0.9415,否
46,疾病_糖尿病 → 检验_尿酸 → 药物_劳拉西泮片,0.0094,"[-0.0089, 0.0315]",-0.0722,-0.0628,0.0675,0.8235,否
47,疾病_糖尿病 → 疾病_肝囊肿 → 疾病_结肠息肉,-0.0449,"[-0.0754, -0.0151]",-0.0453,-0.0902,-2.1127,0.9995,是
48,检验_淋巴细胞数量 → 检验_淋巴细胞比率 → 检验_中性粒细胞比率,0.2864,"[0.2165, 0.3663]",0.0214,0.3078,0.9498,1.0000,是
49,检验_淋巴细胞数量 → 检验_淋巴细胞比率 → 药物_维生素B6注射液,0.0772,"[0.0247, 0.1325]",-0.0612,0.0159,-2.7401,1.0000,是
50,检验_淋巴细胞数量 → 检验_直接胆红素 → 检验_总胆汁酸,0.0762,"[0.0383, 0.1190]",0.0568,0.1330,0.9031,1.0000,是
51,检验_淋巴细胞数量 → 检验_直接胆红素 → 检验_碱性磷酸酶,0.0686,"[0.0333, 0.1066]",0.2713,0.3398,0.2063,1.0000,是
52,检验_淋巴细胞数量 → 检验_直接胆红素 → 药物_盐酸羟考酮缓释片,0.0816,"[0.0377, 0.1224]",0.1789,0.2605,0.3288,1.0000,是
53,检验_淋巴细胞数量 → 检验_直接胆红素 → 检验_总胆红素,0.1604,"[0.0991, 0.2272]",-0.1148,0.0456,1.5046,1.0000,是
54,检验_淋巴细胞数量 → 检验_直接胆红素 → 疾病_泌尿系感染,-0.0386,"[-0.0746, -0.0092]",0.1169,0.0783,14.8486,0.9880,是
55,疾病_低蛋白血症 → 检验_白球比 → 检验_C反应蛋白,0.1633,"[0.0962, 0.2321]",0.2703,0.4336,0.3813,1.0000,是
56,疾病_低蛋白血症 → 检验_白球比 → 检验_前白蛋白,0.1121,"[0.0496, 0.1802]",0.3466,0.4587,0.2470,0.9995,是
57,疾病_低蛋白血症 → 检验_白球比 → 检验_白蛋白,0.1500,"[0.0868, 0.2270]",0.0441,0.1940,0.8689,1.0000,是
58,疾病_低蛋白血症 → 检验_白球比 → 检验_血小板,0.1391,"[0.0756, 0.2169]",0.0626,0.2017,0.7636,1.0000,是
59,疾病_低蛋白血症 → 检验_白球比 → 疾病_高脂血症,-0.0966,"[-0.1626, -0.0181]",-0.1050,-0.2016,0.5379,0.9930,是
60,疾病_低蛋白血症 → 检验_白球比 → 药物_氯化钾注射液,0.2338,"[0.1634, 0.3109]",-0.0309,0.2029,1.2698,1.0000,是
61,疾病_低蛋白血症 → 检验_白球比 → 检验_钙,0.0825,"[0.0144, 0.1491]",0.1577,0.2403,0.3659,0.9895,是
62,疾病_低蛋白血症 → 检验_白球比 → 药物_盐酸吗啡注射液,0.1259,"[0.0528, 0.2002]",-0.0303,0.0956,1.1436,0.9990,是
63,疾病_低蛋白血症 → 检验_C反应蛋白 → 药物_复方鲜竹沥液,0.1168,"[0.0647, 0.1784]",0.0330,0.1499,0.6943,1.0000,是
64,疾病_低蛋白血症 → 检验_C反应蛋白 → 疾病_低钾血症,0.1629,"[0.1021, 0.2231]",-0.0550,0.1079,0.6930,1.0000,是
65,疾病_低蛋白血症 → 检验_C反应蛋白 → 检验_总蛋白,0.0753,"[0.0179, 0.1252]",0.1112,0.1865,0.4598,0.9980,是
66,检验_中性粒细胞数量 → 检验_白细胞 → 药物_二羟丙茶碱注射液,-0.0695,"[-0.1379, -0.0064]",0.1157,0.0461,-0.4073,0.9760,是
67,检验_中性粒细胞数量 → 检验_镁 → 检验_碳酸氢盐,0.0351,"[0.0089, 0.0691]",-0.0856,-0.0504,-0.6773,0.9945,是
68,检验_中性粒细胞数量 → 药物_苯磺酸氨氯地平片 → 疾病_高血压,-0.0304,"[-0.0586, -0.0034]",-0.0327,-0.0631,-0.1941,0.9895,是
69,药物_螺内酯片 → 药物_酒石酸美托洛尔片 → 药物_富马酸比索洛尔片,-0.0397,"[-0.0845, 0.0039]",0.0345,-0.0052,0.6806,0.9620,是
70,药物_螺内酯片 → 药物_酒石酸美托洛尔片 → 药物_硝苯地平缓释片,0.0782,"[0.0288, 0.1258]",-0.1291,-0.0509,-1.7113,0.9995,是
71,检验_氯 → 检验_钠 → 药物_重组人促红素注射液,0.1187,"[0.0627, 0.1753]",0.2495,0.3682,0.3287,1.0000,是
72,检验_氯 → 检验_钠 → 检验_淋巴细胞比率,0.1002,"[0.0429, 0.1556]",0.1967,0.2969,0.3503,1.0000,是
73,检验_氯 → 检验_钠 → 检验_葡萄糖,0.1220,"[0.0628, 0.1842]",-0.0549,0.0672,3.4496,1.0000,是
74,检验_氯 → 药物_单硝酸异山梨酯缓释片 → 药物_裸花紫珠分散片,0.0532,"[0.0181, 0.0883]",-0.0872,-0.0340,-2.8829,0.9995,是
75,药物_重组人促红素注射液 → 疾病_尿毒症 → 检验_胆碱酯酶,0.2436,"[0.0306, 0.4426]",0.2251,0.4687,0.5256,0.9850,是
76,药物_重组人促红素注射液 → 疾病_尿毒症 → 检验_谷丙转氨酶,0.2249,"[0.0041, 0.4316]",0.2186,0.4434,0.5127,0.9770,是
77,药物_重组人促红素注射液 → 疾病_尿毒症 → 疾病_高血压,-0.3304,"[-0.5670, -0.1093]",0.1375,-0.1929,1.9069,0.9965,是
78,药物_重组人促红素注射液 → 疾病_尿毒症 → 检验_淋巴细胞数量,0.2074,"[-0.0094, 0.4356]",0.1648,0.3721,0.5672,0.9580,是
79,药物_重组人促红素注射液 → 疾病_尿毒症 → 检验_肌酐,0.1985,"[-0.0218, 0.4183]",0.1401,0.3386,0.6037,0.9545,是
80,药物_重组人促红素注射液 → 疾病_尿毒症 → 检验_红细胞平均体积,0.3775,"[0.1560, 0.6095]",-0.0762,0.3013,1.3017,0.9995,是
81,药物_重组人促红素注射液 → 检验_磷 → 药物_碳酸钙片,0.0553,"[0.0096, 0.1047]",0.0689,0.1242,0.6876,0.9915,是
82,药物_重组人促红素注射液 → 检验_钠 → 检验_淋巴细胞比率,0.1030,"[0.0519, 0.1523]",0.0951,0.1981,0.5605,1.0000,是
83,药物_重组人促红素注射液 → 检验_钠 → 检验_葡萄糖,0.0709,"[0.0299, 0.1208]",0.1351,0.2060,0.3702,0.9990,是
84,药物_重组人促红素注射液 → 检验_钠 → 检验_氯,0.1390,"[0.0854, 0.1924]",0.2298,0.3688,0.3827,1.0000,是
85,药物_重组人促红素注射液 → 检验_谷丙转氨酶 → 检验_谷草转氨酶,0.1223,"[0.0672, 0.1804]",0.1496,0.2719,0.4702,1.0000,是
86,药物_重组人促红素注射液 → 检验_谷丙转氨酶 → 检验_谷草/谷丙,0.1208,"[0.0571, 0.1786]",-0.0349,0.0860,1.3182,1.0000,是
87,药物_重组人促红素注射液 → 检验_谷丙转氨酶 → 疾病_肺恶性肿瘤,0.0928,"[0.0362, 0.1484]",-0.1493,-0.0565,-0.4409,1.0000,是
88,疾病_冠状动脉粥样硬化性心脏病 → 药物_盐酸曲美他嗪片 → 药物_硫酸氢氯吡格雷片,0.1888,"[0.1303, 0.2528]",0.1667,0.3555,0.5405,1.0000,是
89,疾病_冠状动脉粥样硬化性心脏病 → 药物_盐酸曲美他嗪片 → 疾病_低蛋白血症,0.1283,"[0.0781, 0.1843]",0.1308,0.2590,0.5201,1.0000,是
90,疾病_冠状动脉粥样硬化性心脏病 → 药物_盐酸曲美他嗪片 → 药物_阿卡波糖片,0.1223,"[0.0623, 0.1728]",0.1325,0.2548,0.5043,1.0000,是
91,疾病_冠状动脉粥样硬化性心脏病 → 药物_盐酸曲美他嗪片 → 疾病_陈旧性脑梗死,0.1721,"[0.1127, 0.2361]",0.1420,0.3141,0.5614,1.0000,是
92,疾病_冠状动脉粥样硬化性心脏病 → 疾病_不稳定性心绞痛 → 疾病_心功能,0.1442,"[0.0897, 0.2019]",0.1336,0.2778,0.5382,1.0000,是
93,疾病_冠状动脉粥样硬化性心脏病 → 疾病_不稳定性心绞痛 → 疾病_反流性食管炎,0.1150,"[0.0597, 0.1686]",0.0711,0.1861,0.6952,1.0000,是
94,疾病_冠状动脉粥样硬化性心脏病 → 疾病_不稳定性心绞痛 → 药物_盐酸曲美他嗪片,0.1828,"[0.1245, 0.2404]",0.2310,0.4138,0.4458,1.0000,是
95,疾病_冠状动脉粥样硬化性心脏病 → 药物_单硝酸异山梨酯片 → 疾病_类风湿性关节炎,0.1232,"[0.0711, 0.1802]",-0.0165,0.1067,0.5867,1.0000,是
96,疾病_冠状动脉粥样硬化性心脏病 → 药物_阿托伐他汀钙片 → 药物_硫酸氢氯吡格雷片,0.0442,"[0.0132, 0.0750]",0.3122,0.3564,0.1262,1.0000,是
97,疾病_冠状动脉粥样硬化性心脏病 → 药物_阿托伐他汀钙片 → 疾病_心律失常,-0.0176,"[-0.0423, 0.0079]",0.1435,0.1259,-0.2580,0.9220,否
98,疾病_冠状动脉粥样硬化性心脏病 → 疾病_尿毒症 → 检验_胆碱酯酶,-0.0505,"[-0.0995, 0.0001]",0.0547,0.0042,0.3126,0.9755,是
99,疾病_冠状动脉粥样硬化性心脏病 → 疾病_尿毒症 → 检验_谷丙转氨酶,-0.0476,"[-0.0991, -0.0035]",0.0495,0.0019,-0.4774,0.9730,是
100,疾病_冠状动脉粥样硬化性心脏病 → 疾病_尿毒症 → 疾病_高血压,0.0231,"[-0.0012, 0.0501]",0.1932,0.2162,0.1118,0.9685,是
101,疾病_冠状动脉粥样硬化性心脏病 → 疾病_尿毒症 → 检验_淋巴细胞数量,-0.0400,"[-0.0817, 0.0006]",0.0742,0.0343,8.1144,0.9685,是
102,疾病_冠状动脉粥样硬化性心脏病 → 疾病_尿毒症 → 检验_肌酐,-0.0383,"[-0.0750, 0.0044]",0.1373,0.0989,-0.6690,0.9710,是
103,疾病_冠状动脉粥样硬化性心脏病 → 疾病_尿毒症 → 检验_红细胞平均体积,-0.0343,"[-0.0702, 0.0019]",-0.0938,-0.1281,1.1356,0.9685,是
104,检验_C反应蛋白 → 疾病_低钾血症 → 疾病_心功能,0.0563,"[0.0077, 0.0973]",0.1046,0.1609,0.4142,0.9945,是
105,检验_C反应蛋白 → 疾病_低钾血症 → 检验_钾,0.0997,"[0.0542, 0.1487]",0.0788,0.1785,0.6247,1.0000,是
106,检验_C反应蛋白 → 检验_总蛋白 → 检验_钙,0.0557,"[0.0224, 0.0911]",0.1563,0.2120,0.2824,1.0000,是
107,检验_C反应蛋白 → 检验_总蛋白 → 检验_球蛋白,0.0741,"[0.0352, 0.1199]",-0.1434,-0.0693,-0.5525,1.0000,是
108,检验_C反应蛋白 → 检验_总蛋白 → 检验_白蛋白,0.0872,"[0.0437, 0.1365]",0.1497,0.2370,0.3837,1.0000,是
109,疾病_不稳定性心绞痛 → 疾病_反流性食管炎 → 药物_贞芪扶正,0.1196,"[0.0711, 0.1728]",-0.1937,-0.0741,-0.4533,1.0000,是
110,疾病_不稳定性心绞痛 → 疾病_反流性食管炎 → 疾病_恶性肿瘤维持性化学治疗,0.1126,"[0.0667, 0.1671]",-0.1299,-0.0173,6.7980,1.0000,是
111,疾病_不稳定性心绞痛 → 疾病_反流性食管炎 → 疾病_胆囊结石,0.0029,"[-0.0338, 0.0362]",-0.0891,-0.0862,-0.1795,0.5690,否
112,疾病_不稳定性心绞痛 → 疾病_反流性食管炎 → 疾病_贫血,0.0720,"[0.0331, 0.1130]",-0.0601,0.0120,-0.8616,1.0000,是
113,疾病_不稳定性心绞痛 → 疾病_反流性食管炎 → 疾病_混合痔,-0.0570,"[-0.0955, -0.0156]",-0.0232,-0.0802,2.3589,0.9985,是
114,疾病_不稳定性心绞痛 → 疾病_反流性食管炎 → 疾病_糖尿病性周围神经病,-0.0348,"[-0.0751, -0.0020]",0.1634,0.1285,0.0666,0.9690,是
115,疾病_不稳定性心绞痛 → 疾病_反流性食管炎 → 药物_琥珀酸亚铁片,-0.0087,"[-0.0460, 0.0245]",-0.0398,-0.0485,0.1098,0.6840,否
116,疾病_不稳定性心绞痛 → 药物_盐酸曲美他嗪片 → 药物_硫酸氢氯吡格雷片,0.2407,"[0.1720, 0.3141]",0.1399,0.3806,0.6427,1.0000,是
117,疾病_不稳定性心绞痛 → 药物_盐酸曲美他嗪片 → 疾病_低蛋白血症,0.1715,"[0.1037, 0.2449]",0.0857,0.2573,0.7339,1.0000,是
118,疾病_不稳定性心绞痛 → 药物_盐酸曲美他嗪片 → 药物_阿卡波糖片,0.1870,"[0.1164, 0.2672]",0.0107,0.1976,1.0568,1.0000,是
119,疾病_不稳定性心绞痛 → 药物_盐酸曲美他嗪片 → 疾病_陈旧性脑梗死,0.2336,"[0.1623, 0.3110]",0.0801,0.3137,0.7654,1.0000,是
120,疾病_混合痔 → 疾病_肛乳头肥大 → 检验_谷草/谷丙,0.0864,"[0.0050, 0.1663]",-0.0623,0.0241,0.3849,0.9795,是
121,药物_盐酸羟考酮缓释片 → 检验_碱性磷酸酶 → 检验_转肽酶,0.1856,"[0.1257, 0.2483]",0.1271,0.3127,0.6088,1.0000,是
122,药物_盐酸羟考酮缓释片 → 检验_碱性磷酸酶 → 药物_盐酸吗啡注射液,0.0651,"[0.0175, 0.1189]",0.3111,0.3762,0.1766,0.9965,是
123,药物_盐酸羟考酮缓释片 → 检验_碱性磷酸酶 → 检验_尿酸,0.0846,"[0.0286, 0.1393]",0.1002,0.1848,0.6013,1.0000,是
124,药物_盐酸羟考酮缓释片 → 检验_碱性磷酸酶 → 疾病_肝功能异常,0.0891,"[0.0364, 0.1472]",0.0985,0.1876,1.0996,1.0000,是
125,疾病_肾性贫血 → 药物_碳酸氢钠片 → 检验_磷,0.0844,"[0.0275, 0.1332]",0.0077,0.0921,1.0489,0.9985,是
126,疾病_肾性贫血 → 药物_骨化三醇胶丸 → 疾病_类风湿性关节炎,0.1097,"[0.0588, 0.1602]",-0.1270,-0.0173,-9.0664,1.0000,是
127,疾病_肾性贫血 → 药物_骨化三醇胶丸 → 药物_碳酸钙片,0.0915,"[0.0474, 0.1355]",0.2282,0.3197,0.2919,1.0000,是
128,疾病_肾性贫血 → 药物_骨化三醇胶丸 → 药物_酒石酸美托洛尔片,0.0710,"[0.0323, 0.1093]",0.0460,0.1170,0.6767,1.0000,是
129,疾病_肾性贫血 → 药物_琥珀酸亚铁片 → 药物_叶酸片,0.1263,"[0.0716, 0.1732]",0.1799,0.3062,0.4218,1.0000,是
130,疾病_肾性贫血 → 药物_琥珀酸亚铁片 → 疾病_糖尿病性周围血管病,0.1046,"[0.0588, 0.1550]",-0.1436,-0.0391,-28.0984,1.0000,是
131,疾病_糖尿病性周围神经病 → 疾病_糖尿病性周围血管病 → 疾病_血糖控制不佳,0.2592,"[0.1904, 0.3367]",0.0159,0.2751,0.9773,1.0000,是
132,疾病_糖尿病性周围神经病 → 疾病_糖尿病性视网膜病变 → 疾病_白内障,0.0858,"[0.0380, 0.1334]",0.1195,0.2053,0.4708,1.0000,是
133,疾病_糖尿病性周围神经病 → 疾病_糖尿病性视网膜病变 → 药物_厄贝沙坦片,0.0692,"[0.0265, 0.1191]",0.1110,0.1802,0.5009,0.9995,是
134,疾病_糖尿病性周围神经病 → 疾病_高尿酸血症 → 药物_碳酸氢钠片,0.1254,"[0.0767, 0.1803]",0.0714,0.1968,0.7037,1.0000,是
135,疾病_糖尿病性周围神经病 → 疾病_高尿酸血症 → 药物_硝苯地平控释片,0.1102,"[0.0670, 0.1636]",0.1050,0.2153,0.5516,1.0000,是
136,疾病_高尿酸血症 → 药物_碳酸氢钠片 → 检验_磷,0.0916,"[0.0427, 0.1421]",-0.0867,0.0049,-5.7747,1.0000,是
137,疾病_高尿酸血症 → 药物_硝苯地平控释片 → 药物_厄贝沙坦片,0.0881,"[0.0402, 0.1363]",0.1544,0.2425,0.3837,1.0000,是
138,疾病_高尿酸血症 → 药物_硝苯地平控释片 → 药物_厄贝沙坦氢氯噻嗪片,0.0961,"[0.0511, 0.1469]",0.0988,0.1949,0.5426,1.0000,是
139,疾病_高血压 → 药物_阿司匹林肠溶片 → 疾病_重度骨质疏松,-0.0501,"[-0.0898, -0.0167]",0.1811,0.1310,-0.4776,0.9985,是
140,疾病_高血压 → 药物_阿司匹林肠溶片 → 药物_阿托伐他汀钙片,0.0916,"[0.0463, 0.1359]",0.0762,0.1678,1.0762,1.0000,是
141,疾病_高血压 → 药物_阿司匹林肠溶片 → 药物_厄贝沙坦片,0.0557,"[0.0164, 0.0959]",0.0724,0.1281,0.5739,0.9995,是
142,疾病_高血压 → 药物_富马酸比索洛尔片 → 药物_硝苯地平缓释片,0.0568,"[0.0245, 0.0941]",0.0732,0.1301,-0.7340,1.0000,是
143,疾病_高血压 → 药物_富马酸比索洛尔片 → 疾病_心律失常,0.0402,"[0.0115, 0.0751]",0.0257,0.0660,1.0899,0.9965,是
144,疾病_高血压 → 药物_富马酸比索洛尔片 → 药物_甲钴胺片,0.0138,"[-0.0137, 0.0432]",0.0184,0.0322,-1.3464,0.8465,否
145,疾病_高血压 → 药物_硝苯地平控释片 → 药物_厄贝沙坦片,0.0643,"[0.0243, 0.1015]",0.0625,0.1268,0.6854,1.0000,是
146,疾病_高血压 → 药物_硝苯地平控释片 → 药物_厄贝沙坦氢氯噻嗪片,0.0637,"[0.0267, 0.1024]",0.1075,0.1712,0.4284,1.0000,是
147,疾病_高血压 → 药物_厄贝沙坦氢氯噻嗪片 → 疾病_低钾血症,0.0412,"[0.0110, 0.0708]",0.0627,0.1039,0.1342,0.9995,是
148,疾病_高血压 → 疾病_糖尿病 → 疾病_糖尿病性周围神经病,0.0958,"[0.0512, 0.1426]",0.0803,0.1761,0.5567,1.0000,是
149,疾病_高血压 → 疾病_糖尿病 → 检验_葡萄糖,0.1176,"[0.0655, 0.1726]",0.0840,0.2016,0.6315,1.0000,是
150,疾病_高血压 → 疾病_糖尿病 → 药物_甲钴胺分散片,0.0736,"[0.0343, 0.1161]",-0.0399,0.0337,-3.8396,1.0000,是
151,疾病_高血压 → 疾病_糖尿病 → 药物_阿卡波糖片,0.1078,"[0.0570, 0.1543]",0.1103,0.2181,0.5221,1.0000,是
152,疾病_高血压 → 疾病_糖尿病 → 药物_盐酸二甲双胍片,0.0775,"[0.0371, 0.1195]",0.1117,0.1892,0.4791,1.0000,是
153,疾病_高血压 → 疾病_糖尿病 → 检验_尿酸,0.0414,"[0.0086, 0.0772]",0.0517,0.0930,0.5933,0.9945,是
154,疾病_高血压 → 疾病_糖尿病 → 疾病_肝囊肿,-0.0632,"[-0.1011, -0.0263]",0.1451,0.0820,-0.5906,1.0000,是
155,疾病_高血压 → 疾病_反流性食管炎 → 药物_贞芪扶正,0.0105,"[-0.0250, 0.0491]",-0.0811,-0.0706,-0.4118,0.7080,否
156,疾病_高血压 → 疾病_反流性食管炎 → 疾病_恶性肿瘤维持性化学治疗,0.0098,"[-0.0259, 0.0469]",0.0245,0.0343,0.1566,0.7015,否
157,疾病_高血压 → 疾病_反流性食管炎 → 疾病_胆囊结石,-0.0007,"[-0.0084, 0.0066]",0.0863,0.0856,-0.0013,0.5670,否
158,疾病_高血压 → 疾病_反流性食管炎 → 疾病_贫血,0.0070,"[-0.0160, 0.0315]",-0.0437,-0.0366,0.0004,0.7210,否
159,疾病_高血压 → 疾病_反流性食管炎 → 疾病_混合痔,-0.0058,"[-0.0265, 0.0163]",-0.2625,-0.2683,0.0205,0.7050,否
160,疾病_高血压 → 疾病_反流性食管炎 → 疾病_糖尿病性周围神经病,-0.0023,"[-0.0132, 0.0067]",0.1764,0.1741,-0.0197,0.6795,否
161,疾病_高血压 → 疾病_反流性食管炎 → 药物_琥珀酸亚铁片,-0.0014,"[-0.0104, 0.0066]",0.1222,0.1208,-0.0054,0.6040,否
162,疾病_高血压 → 疾病_动脉硬化 → 疾病_慢性胃炎,0.0321,"[0.0081, 0.0611]",-0.0578,-0.0257,-4.5163,0.9945,是
163,疾病_高血压 → 疾病_动脉硬化 → 疾病_高脂血症,0.0518,"[0.0138, 0.0908]",0.1910,0.2428,0.2209,0.9955,是
164,疾病_高血压 → 疾病_脂肪肝 → 疾病_胆囊结石,0.0715,"[0.0334, 0.1133]",0.0152,0.0867,2.3924,1.0000,是
165,疾病_高血压 → 疾病_脂肪肝 → 检验_C反应蛋白,-0.0509,"[-0.0880, -0.0186]",0.1488,0.0980,-0.5781,1.0000,是
166,疾病_高血压 → 疾病_脂肪肝 → 疾病_糖尿病性周围血管病,0.0575,"[0.0243, 0.0955]",0.0285,0.0860,10.4035,1.0000,是
167,疾病_高血压 → 疾病_脂肪肝 → 疾病_肺恶性肿瘤,0.0480,"[0.0134, 0.0791]",0.1359,0.1839,0.2930,1.0000,是
168,疾病_高血压 → 疾病_混合痔 → 药物_裸花紫珠分散片,-0.1787,"[-0.2560, -0.1106]",-0.0073,-0.1860,1.0459,1.0000,是
169,疾病_高血压 → 疾病_混合痔 → 药物_头孢地尼分散片,-0.1019,"[-0.1481, -0.0534]",0.0020,-0.0999,1.4742,1.0000,是
170,疾病_高血压 → 疾病_混合痔 → 疾病_肛乳头肥大,-0.1592,"[-0.2196, -0.0920]",0.0166,-0.1426,1.3798,1.0000,是
171,疾病_高血压 → 检验_嗜酸性粒细胞数量 → 检验_嗜酸性粒细胞比率,-0.0192,"[-0.0813, 0.0408]",-0.0497,-0.0689,3.3185,0.7270,否
172,疾病_高血压 → 检验_嗜酸性粒细胞数量 → 疾病_心功能,-0.0061,"[-0.0246, 0.0151]",0.0918,0.0857,-0.1600,0.7240,否
173,疾病_高血压 → 疾病_非毒性多个甲状腺结节 → 疾病_血糖控制不佳,0.0349,"[-0.0019, 0.0777]",-0.0146,0.0203,-0.9469,0.9595,是
174,疾病_高血压 → 疾病_非毒性多个甲状腺结节 → 疾病_脂肪肝,0.0270,"[-0.0055, 0.0582]",0.1872,0.2143,0.1309,0.9545,是
175,疾病_高血压 → 疾病_非毒性多个甲状腺结节 → 检验_红细胞压积,-0.0269,"[-0.0573, 0.0028]",-0.0195,-0.0464,-1.8272,0.9590,是
176,疾病_高血压 → 疾病_非毒性多个甲状腺结节 → 疾病_老年性白内障,0.0167,"[-0.0031, 0.0398]",0.1186,0.1353,0.1538,0.9540,是
177,疾病_高血压 → 疾病_非毒性多个甲状腺结节 → 疾病_后天性肾囊肿,0.0214,"[-0.0031, 0.0497]",0.0869,0.1083,0.1511,0.9515,是
178,疾病_高血压 → 检验_红细胞压积 → 检验_红细胞分布宽度CV,-0.0183,"[-0.0581, 0.0207]",0.0740,0.0556,-0.4415,0.8090,否
179,疾病_高血压 → 检验_红细胞压积 → 检验_红细胞,-0.0245,"[-0.0769, 0.0273]",0.0150,-0.0096,3.4244,0.8095,否
180,疾病_高血压 → 检验_红细胞压积 → 检验_直接胆红素,-0.0029,"[-0.0139, 0.0060]",-0.1720,-0.1749,0.0180,0.7030,否
181,疾病_高血压 → 检验_红细胞压积 → 药物_碳酸氢钠片,-0.0072,"[-0.0262, 0.0106]",0.1145,0.1073,-0.1078,0.7835,否
182,疾病_高血压 → 药物_贞芪扶正 → 疾病_肺恶性肿瘤,-0.0199,"[-0.0513, 0.0121]",0.2043,0.1845,-0.1396,0.8875,否
183,疾病_高血压 → 药物_贞芪扶正 → 疾病_恶性肿瘤维持性化学治疗,-0.0196,"[-0.0514, 0.0116]",0.0535,0.0338,-0.4407,0.8870,否
184,疾病_高血压 → 检验_谷丙转氨酶 → 检验_谷草转氨酶,0.0165,"[-0.0219, 0.0527]",0.0220,0.0385,0.0081,0.7980,否
185,疾病_高血压 → 检验_谷丙转氨酶 → 检验_谷草/谷丙,0.0122,"[-0.0139, 0.0416]",-0.0990,-0.0868,-0.2367,0.7855,否
186,疾病_高血压 → 检验_谷丙转氨酶 → 疾病_肺恶性肿瘤,0.0064,"[-0.0102, 0.0243]",0.1770,0.1834,0.0348,0.7755,否
187,疾病_高血压 → 疾病_前列腺增生 → 检验_钙,0.0204,"[-0.0000, 0.0427]",0.1881,0.2085,0.1083,0.9860,是
188,疾病_高血压 → 疾病_陈旧性脑梗死 → 药物_硫酸氢氯吡格雷片,0.1218,"[0.0649, 0.1841]",0.0891,0.2109,0.6041,1.0000,是
189,疾病_高血压 → 疾病_陈旧性脑梗死 → 疾病_重度骨质疏松,0.0654,"[0.0292, 0.1042]",0.0642,0.1296,0.4983,1.0000,是
190,疾病_高血压 → 检验_血小板比容 → 检验_血小板,-0.0705,"[-0.1123, -0.0308]",0.0192,-0.0513,6.8463,0.9995,是
191,疾病_高血压 → 疾病_肝囊肿 → 疾病_结肠息肉,0.0203,"[-0.0056, 0.0492]",-0.0784,-0.0581,-2.3787,0.9245,否
192,疾病_高脂血症 → 疾病_动脉硬化 → 疾病_慢性胃炎,0.0678,"[0.0260, 0.1169]",0.0315,0.0993,13.1210,0.9995,是
193,疾病_高脂血症 → 药物_匹伐他汀钙片 → 疾病_脂肪肝,0.0827,"[0.0405, 0.1255]",0.1618,0.2445,0.3607,1.0000,是
194,疾病_高脂血症 → 药物_匹伐他汀钙片 → 药物_阿托伐他汀钙片,-0.0804,"[-0.1224, -0.0383]",0.3671,0.2866,-0.2960,1.0000,是
195,疾病_高脂血症 → 药物_阿托伐他汀钙片 → 药物_硫酸氢氯吡格雷片,0.0692,"[0.0299, 0.1080]",0.1151,0.1843,0.4296,1.0000,是
196,疾病_高脂血症 → 药物_阿托伐他汀钙片 → 疾病_心律失常,-0.0200,"[-0.0560, 0.0126]",0.0582,0.0382,-0.5174,0.8765,否
197,疾病_高脂血症 → 疾病_腔隙性脑梗死 → 药物_劳拉西泮片,0.0459,"[0.0162, 0.0784]",0.0875,0.1334,0.2816,1.0000,是
198,疾病_高脂血症 → 疾病_腔隙性脑梗死 → 疾病_高尿酸血症,-0.0109,"[-0.0354, 0.0106]",0.1415,0.1306,-0.1346,0.8225,否
199,疾病_高脂血症 → 疾病_前列腺增生 → 检验_钙,0.0310,"[0.0032, 0.0557]",-0.0349,-0.0039,0.1033,0.9980,是
200,检验_血红蛋白 → 检验_红细胞分布宽度CV → 检验_钾,0.1304,"[0.0779, 0.1963]",0.0215,0.1519,0.6140,1.0000,是
201,检验_血红蛋白 → 检验_红细胞分布宽度CV → 检验_红细胞分布宽度SD,0.2835,"[0.2098, 0.3474]",0.0670,0.3504,0.8217,1.0000,是
202,检验_血红蛋白 → 检验_红细胞分布宽度CV → 疾病_胆囊结石,0.0954,"[0.0410, 0.1568]",0.0024,0.0978,1.1131,0.9985,是
203,检验_血红蛋白 → 检验_红细胞分布宽度CV → 检验_血小板,0.0511,"[-0.0003, 0.1080]",0.1059,0.1571,0.4014,0.9635,是
204,检验_血红蛋白 → 检验_红细胞分布宽度CV → 检验_磷,0.0715,"[0.0140, 0.1272]",0.0295,0.1010,0.4546,0.9940,是
205,检验_血红蛋白 → 检验_红细胞分布宽度CV → 检验_镁,0.0951,"[0.0347, 0.1489]",0.1137,0.2089,0.5024,1.0000,是
206,检验_血红蛋白 → 检验_红细胞分布宽度CV → 检验_谷草/谷丙,0.0854,"[0.0363, 0.1476]",0.1353,0.2207,0.4182,0.9990,是
207,检验_血红蛋白 → 检验_红细胞压积 → 检验_红细胞分布宽度CV,0.0970,"[0.0203, 0.1764]",0.3530,0.4500,0.2183,0.9905,是
208,检验_血红蛋白 → 检验_红细胞压积 → 检验_红细胞,0.1012,"[0.0369, 0.1640]",0.5501,0.6513,0.1560,0.9965,是
209,检验_血红蛋白 → 检验_红细胞压积 → 检验_直接胆红素,-0.0470,"[-0.1323, 0.0342]",0.2355,0.1886,-0.3067,0.8685,否
210,检验_血红蛋白 → 检验_红细胞压积 → 药物_碳酸氢钠片,0.1076,"[0.0235, 0.1891]",-0.0480,0.0596,0.5761,0.9915,是
211,检验_血红蛋白 → 检验_红细胞 → 疾病_贫血,0.1159,"[0.0170, 0.2089]",0.0677,0.1836,0.7488,0.9890,是
212,检验_血红蛋白 → 检验_红细胞 → 检验_白蛋白,0.1443,"[0.0546, 0.2373]",0.1385,0.2828,0.5354,0.9995,是
213,检验_血红蛋白 → 检验_红细胞 → 疾病_白内障,0.0993,"[0.0053, 0.1966]",-0.1559,-0.0567,0.5778,0.9755,是
214,检验_血红蛋白 → 疾病_低蛋白血症 → 检验_白球比,0.1535,"[0.0985, 0.2131]",0.1434,0.2969,0.5285,1.0000,是
215,检验_血红蛋白 → 疾病_低蛋白血症 → 疾病_泌尿系感染,0.1221,"[0.0715, 0.1743]",-0.0330,0.0891,-1.5238,1.0000,是
216,检验_血红蛋白 → 疾病_低蛋白血症 → 检验_C反应蛋白,0.1243,"[0.0758, 0.1760]",0.0967,0.2210,0.6008,1.0000,是
217,检验_血红蛋白 → 检验_胆碱酯酶 → 检验_前白蛋白,0.1727,"[0.1118, 0.2349]",0.0471,0.2199,0.8330,1.0000,是
218,检验_碱性磷酸酶 → 检验_转肽酶 → 疾病_恶性肿瘤维持性化学治疗,0.1023,"[0.0436, 0.1630]",0.2153,0.3176,0.3314,0.9995,是
219,检验_碱性磷酸酶 → 检验_转肽酶 → 药物_骨化三醇胶丸,0.0006,"[-0.0565, 0.0612]",-0.0466,-0.0461,0.0715,0.5135,否
220,检验_碱性磷酸酶 → 检验_转肽酶 → 疾病_非毒性单个甲状腺结节,0.1111,"[0.0488, 0.1770]",-0.1763,-0.0652,-1.6554,0.9995,是
221,检验_碱性磷酸酶 → 药物_盐酸吗啡注射液 → 药物_盐酸布桂嗪注射液,0.0439,"[0.0083, 0.0791]",0.1843,0.2283,0.1056,0.9935,是
222,检验_碱性磷酸酶 → 药物_盐酸羟考酮缓释片 → 药物_盐酸布桂嗪注射液,0.2117,"[0.1471, 0.2804]",0.0150,0.2268,0.9966,1.0000,是
223,检验_碱性磷酸酶 → 药物_盐酸羟考酮缓释片 → 药物_硝苯地平缓释片,0.1811,"[0.1181, 0.2389]",0.0573,0.2384,0.8002,1.0000,是
224,检验_碱性磷酸酶 → 检验_尿酸 → 疾病_高尿酸血症,0.0647,"[0.0273, 0.1030]",-0.2012,-0.1365,-0.5983,1.0000,是
225,检验_碱性磷酸酶 → 检验_尿酸 → 疾病_重度骨质疏松,0.0081,"[-0.0184, 0.0371]",-0.0621,-0.0540,-0.2178,0.7035,否
226,检验_碱性磷酸酶 → 检验_尿酸 → 检验_钾,0.0403,"[0.0102, 0.0726]",-0.0119,0.0284,0.2668,1.0000,是
227,检验_碱性磷酸酶 → 检验_尿酸 → 疾病_慢性胃炎,-0.0288,"[-0.0569, -0.0009]",0.0506,0.0218,-0.7761,0.9855,是
228,检验_碱性磷酸酶 → 检验_尿酸 → 药物_劳拉西泮片,0.0146,"[-0.0115, 0.0444]",-0.0688,-0.0542,-0.0373,0.8705,否
229,药物_肝素钠注射液 → 疾病_脑梗死 → 疾病_糖尿病性视网膜病变,0.0336,"[-0.0416, 0.1005]",-0.0604,-0.0268,-2.8744,0.8250,否
230,药物_肝素钠注射液 → 药物_氯化钠注射液 → 药物_葡萄糖注射液,0.1764,"[0.1165, 0.2426]",0.3649,0.5412,0.3278,1.0000,是
231,检验_前白蛋白 → 检验_镁 → 检验_碳酸氢盐,0.0618,"[0.0244, 0.1086]",0.1206,0.1824,0.3813,0.9995,是
232,检验_前白蛋白 → 检验_总胆红素 → 检验_直接胆红素,0.1879,"[0.1312, 0.2504]",0.0922,0.2801,0.6903,1.0000,是
233,检验_前白蛋白 → 检验_总胆红素 → 检验_间接胆红素,0.2974,"[0.2055, 0.3771]",-0.0303,0.2671,1.1373,1.0000,是
234,检验_前白蛋白 → 检验_总胆红素 → 疾病_非毒性单个甲状腺结节,0.0870,"[0.0409, 0.1348]",-0.1275,-0.0405,1.7909,1.0000,是
235,检验_红细胞平均体积 → 检验_平均血红蛋白含量 → 疾病_贫血,0.0672,"[0.0111, 0.1308]",0.0685,0.1357,0.6236,0.9830,是
236,检验_红细胞平均体积 → 检验_平均血红蛋白含量 → 疾病_类风湿性关节炎,0.0639,"[0.0053, 0.1227]",-0.1254,-0.0615,-0.5518,0.9820,是
237,疾病_反流性食管炎 → 药物_贞芪扶正 → 疾病_肺恶性肿瘤,0.0995,"[0.0546, 0.1505]",-0.0755,0.0240,3.5770,1.0000,是
238,疾病_反流性食管炎 → 药物_贞芪扶正 → 疾病_恶性肿瘤维持性化学治疗,0.0658,"[0.0242, 0.1037]",0.2600,0.3257,0.2074,0.9995,是
239,疾病_反流性食管炎 → 疾病_恶性肿瘤维持性化学治疗 → 检验_尿酸,0.0562,"[0.0176, 0.0995]",0.0728,0.1290,0.5814,0.9970,是
240,疾病_反流性食管炎 → 疾病_胆囊结石 → 疾病_脂肪肝,-0.0062,"[-0.0417, 0.0306]",-0.0867,-0.0929,0.1321,0.6305,否
241,疾病_反流性食管炎 → 疾病_胆囊结石 → 检验_钙,0.0005,"[-0.0059, 0.0089]",0.0836,0.0841,-0.0522,0.5295,否
242,疾病_反流性食管炎 → 疾病_胆囊结石 → 药物_盐酸二甲双胍片,-0.0048,"[-0.0357, 0.0250]",-0.1440,-0.1488,0.1879,0.6135,否
243,疾病_反流性食管炎 → 疾病_胆囊结石 → 药物_甲钴胺片,-0.0029,"[-0.0209, 0.0160]",0.0714,0.0686,-0.0345,0.6220,否
244,疾病_反流性食管炎 → 疾病_贫血 → 药物_琥珀酸亚铁片,0.0591,"[0.0264, 0.0996]",-0.0977,-0.0387,-5.3294,1.0000,是
245,疾病_反流性食管炎 → 疾病_混合痔 → 药物_裸花紫珠分散片,-0.1264,"[-0.2013, -0.0604]",-0.0112,-0.1376,1.0555,0.9995,是
246,疾病_反流性食管炎 → 疾病_混合痔 → 药物_头孢地尼分散片,-0.0709,"[-0.1146, -0.0300]",-0.0008,-0.0718,-6.1660,0.9995,是
247,疾病_反流性食管炎 → 疾病_混合痔 → 疾病_肛乳头肥大,-0.1103,"[-0.1706, -0.0461]",-0.0027,-0.1130,1.4249,1.0000,是
248,疾病_反流性食管炎 → 疾病_糖尿病性周围神经病 → 疾病_糖尿病性周围血管病,-0.0309,"[-0.0801, 0.0254]",-0.0430,-0.0739,0.5000,0.8605,否
249,疾病_反流性食管炎 → 疾病_糖尿病性周围神经病 → 疾病_糖尿病性视网膜病变,-0.0232,"[-0.0601, 0.0144]",-0.0721,-0.0953,0.0938,0.8735,否
250,疾病_反流性食管炎 → 疾病_糖尿病性周围神经病 → 疾病_高尿酸血症,-0.0220,"[-0.0573, 0.0112]",-0.1311,-0.1531,0.1732,0.8785,否
251,疾病_反流性食管炎 → 疾病_糖尿病性周围神经病 → 药物_甲钴胺片,-0.0170,"[-0.0475, 0.0105]",0.0869,0.0699,-0.0191,0.8675,否
252,疾病_反流性食管炎 → 药物_琥珀酸亚铁片 → 药物_叶酸片,-0.0173,"[-0.0604, 0.0283]",0.0356,0.0183,-2.4628,0.7575,否
253,疾病_反流性食管炎 → 药物_琥珀酸亚铁片 → 疾病_糖尿病性周围血管病,-0.0107,"[-0.0412, 0.0172]",-0.0642,-0.0749,0.0712,0.7465,否
254,检验_淋巴细胞比率 → 检验_中性粒细胞比率 → 检验_中性粒细胞数量,0.2986,"[0.2074, 0.3960]",0.0769,0.3755,0.8091,1.0000,是
255,检验_淋巴细胞比率 → 检验_淋巴细胞数量 → 检验_直接胆红素,0.1009,"[0.0439, 0.1569]",0.0967,0.1976,0.5714,1.0000,是
256,检验_淋巴细胞比率 → 检验_淋巴细胞数量 → 检验_碳酸氢盐,0.0178,"[-0.0389, 0.0653]",0.0822,0.1000,0.0924,0.7415,否
257,检验_嗜酸性粒细胞比率 → 检验_嗜酸性粒细胞数量 → 疾病_心功能,0.0752,"[-0.0086, 0.1451]",0.0944,0.1696,0.5314,0.9645,是
258,检验_嗜酸性粒细胞比率 → 药物_硝苯地平控释片 → 药物_厄贝沙坦片,-0.0281,"[-0.0652, 0.0049]",0.1111,0.0830,-0.1247,0.9515,是
259,检验_嗜酸性粒细胞比率 → 药物_硝苯地平控释片 → 药物_厄贝沙坦氢氯噻嗪片,-0.0277,"[-0.0632, 0.0038]",-0.0345,-0.0622,0.6580,0.9505,是
260,检验_嗜酸性粒细胞比率 → 疾病_医疗机构新收治患者及陪护人员 → 疾病_慢性胃炎,0.0075,"[-0.0213, 0.0351]",-0.1103,-0.1028,0.4755,0.6915,否
261,药物_匹伐他汀钙片 → 疾病_脂肪肝 → 疾病_胆囊结石,0.0847,"[0.0447, 0.1287]",0.2158,0.3006,0.2911,1.0000,是
262,药物_匹伐他汀钙片 → 疾病_脂肪肝 → 检验_C反应蛋白,-0.0552,"[-0.0952, -0.0171]",-0.1041,-0.1594,0.3812,0.9955,是
263,药物_匹伐他汀钙片 → 疾病_脂肪肝 → 疾病_糖尿病性周围血管病,0.0537,"[0.0171, 0.0900]",0.3282,0.3818,0.1436,0.9985,是
264,药物_匹伐他汀钙片 → 疾病_脂肪肝 → 疾病_肺恶性肿瘤,0.0987,"[0.0557, 0.1491]",-0.1887,-0.0900,-2.8772,1.0000,是
265,药物_匹伐他汀钙片 → 药物_阿托伐他汀钙片 → 药物_硫酸氢氯吡格雷片,-0.0391,"[-0.0729, -0.0090]",0.0283,-0.0108,-1.2058,0.9910,是
266,药物_匹伐他汀钙片 → 药物_阿托伐他汀钙片 → 疾病_心律失常,0.0064,"[-0.0097, 0.0249]",0.0390,0.0454,-0.2136,0.7800,否
267,药物_氯化钾注射液 → 疾病_肺部感染 → 疾病_低钾血症,0.1787,"[0.1000, 0.2692]",0.1120,0.2907,0.6392,1.0000,是
268,药物_氯化钾注射液 → 疾病_肺部感染 → 药物_葡萄糖注射液,0.0572,"[-0.0079, 0.1145]",0.6353,0.6926,0.0830,0.9580,是
269,药物_氯化钾注射液 → 疾病_肺部感染 → 检验_血小板,0.1270,"[0.0413, 0.2106]",-0.0675,0.0595,8.9529,0.9995,是
270,药物_氯化钾注射液 → 疾病_肺部感染 → 检验_镁,-0.0092,"[-0.0942, 0.0708]",0.1482,0.1391,-0.0744,0.5820,否
271,药物_氯化钾注射液 → 药物_维生素C注射液 → 药物_维生素B6注射液,0.4314,"[0.3532, 0.5057]",0.1644,0.5958,0.7255,1.0000,是
272,药物_氯化钾注射液 → 药物_氯化钠注射液 → 药物_葡萄糖注射液,0.1083,"[0.0530, 0.1687]",0.5843,0.6927,0.1568,1.0000,是
273,药物_氯化钾注射液 → 检验_平均血红蛋白浓度 → 药物_复方鲜竹沥液,0.0318,"[0.0002, 0.0644]",0.3263,0.3581,0.0910,0.9755,是
274,药物_氯化钾注射液 → 检验_平均血红蛋白浓度 → 药物_佐匹克隆片,0.0705,"[0.0302, 0.1123]",-0.0922,-0.0216,1.5682,1.0000,是
275,药物_氯化钾注射液 → 药物_盐酸氨溴索注射液 → 药物_二羟丙茶碱注射液,0.8435,"[0.6758, 0.9948]",0.0050,0.8485,0.9950,1.0000,是
276,药物_氯化钾注射液 → 药物_盐酸氨溴索注射液 → 检验_碳酸氢盐,0.3197,"[-0.0018, 0.6382]",-0.0866,0.2330,1.4815,0.9695,是
277,药物_氯化钾注射液 → 药物_盐酸氨溴索注射液 → 药物_肝素钠注射液,0.7934,"[0.6057, 0.9851]",0.0050,0.7983,0.9954,1.0000,是
278,疾病_高同型半胱氨酸血症 → 药物_叶酸片 → 药物_卡维地洛片,0.1510,"[0.0955, 0.2071]",0.2239,0.3749,0.4088,1.0000,是
279,疾病_高同型半胱氨酸血症 → 药物_叶酸片 → 药物_甲钴胺分散片,0.1209,"[0.0691, 0.1803]",0.1084,0.2292,0.5604,1.0000,是
280,疾病_高同型半胱氨酸血症 → 药物_叶酸片 → 药物_琥珀酸亚铁片,0.2323,"[0.1677, 0.3027]",-0.2700,-0.0377,-1.6067,1.0000,是
281,疾病_高同型半胱氨酸血症 → 疾病_肢体动脉硬化 → 疾病_颈总动脉斑块,0.1123,"[0.0617, 0.1662]",0.0128,0.1250,1.0635,1.0000,是
282,疾病_高同型半胱氨酸血症 → 疾病_肢体动脉硬化 → 药物_艾司唑仑片,0.0695,"[0.0324, 0.1094]",-0.1147,-0.0452,1.5923,1.0000,是
283,检验_大型血小板比率 → 检验_血小板分布宽度 → 检验_平均血小板体积,0.2689,"[0.1973, 0.3442]",0.1132,0.3821,0.7141,1.0000,是
284,检验_大型血小板比率 → 检验_血小板分布宽度 → 检验_中性粒细胞数量,0.0903,"[0.0188, 0.1535]",0.0249,0.1153,-0.2223,0.9935,是
285,检验_大型血小板比率 → 疾病_医疗机构新收治患者及陪护人员 → 疾病_慢性胃炎,0.0514,"[0.0198, 0.0885]",-0.0936,-0.0422,0.2551,0.9995,是
286,检验_大型血小板比率 → 疾病_老年性白内障 → 疾病_白内障,0.1233,"[0.0726, 0.1776]",0.0321,0.1555,0.9788,1.0000,是
287,检验_血小板分布宽度 → 检验_大型血小板比率 → 疾病_医疗机构新收治患者及陪护人员,0.1191,"[0.0492, 0.1844]",-0.0807,0.0384,-6.6130,1.0000,是
288,检验_血小板分布宽度 → 检验_大型血小板比率 → 疾病_老年性白内障,0.1984,"[0.1322, 0.2744]",-0.0108,0.1876,1.1825,1.0000,是
289,检验_血小板分布宽度 → 检验_中性粒细胞数量 → 检验_白细胞,0.0939,"[0.0377, 0.1455]",0.0755,0.1694,0.6130,1.0000,是
290,检验_血小板分布宽度 → 检验_中性粒细胞数量 → 检验_单核细胞数量,0.0604,"[0.0243, 0.1013]",0.0271,0.0875,0.9787,0.9985,是
291,检验_血小板分布宽度 → 检验_中性粒细胞数量 → 检验_镁,0.0320,"[0.0074, 0.0600]",-0.1115,-0.0796,0.0825,0.9990,是
292,检验_血小板分布宽度 → 检验_中性粒细胞数量 → 药物_复方鲜竹沥液,0.0143,"[-0.0058, 0.0407]",0.0121,0.0264,-0.1953,0.9000,否
293,检验_血小板分布宽度 → 检验_中性粒细胞数量 → 药物_苯磺酸氨氯地平片,-0.0235,"[-0.0490, -0.0009]",-0.0113,-0.0348,-1.8532,0.9825,是
294,检验_直接胆红素 → 检验_总胆汁酸 → 检验_转肽酶,0.0642,"[0.0295, 0.1052]",0.2180,0.2822,0.2362,1.0000,是
295,检验_直接胆红素 → 检验_碱性磷酸酶 → 检验_转肽酶,0.1413,"[0.0934, 0.1991]",0.1424,0.2837,0.5154,1.0000,是
296,检验_直接胆红素 → 检验_碱性磷酸酶 → 药物_盐酸吗啡注射液,0.0801,"[0.0386, 0.1223]",0.1190,0.1991,0.4446,1.0000,是
297,检验_直接胆红素 → 检验_碱性磷酸酶 → 药物_盐酸羟考酮缓释片,0.1170,"[0.0688, 0.1650]",0.2301,0.3470,0.3433,1.0000,是
298,检验_直接胆红素 → 检验_碱性磷酸酶 → 检验_尿酸,0.0673,"[0.0282, 0.1106]",0.0947,0.1620,0.4758,1.0000,是
299,检验_直接胆红素 → 检验_碱性磷酸酶 → 疾病_肝功能异常,0.0769,"[0.0372, 0.1210]",0.0210,0.0979,0.5365,1.0000,是
300,检验_直接胆红素 → 药物_盐酸羟考酮缓释片 → 药物_盐酸布桂嗪注射液,0.1666,"[0.1104, 0.2255]",0.0289,0.1955,0.8166,1.0000,是
301,检验_直接胆红素 → 药物_盐酸羟考酮缓释片 → 药物_硝苯地平缓释片,0.1563,"[0.1021, 0.2149]",-0.0211,0.1352,0.5490,1.0000,是
302,检验_直接胆红素 → 药物_盐酸羟考酮缓释片 → 检验_碱性磷酸酶,0.1273,"[0.0804, 0.1818]",0.1967,0.3240,0.4016,1.0000,是
303,检验_直接胆红素 → 检验_总胆红素 → 检验_间接胆红素,0.4134,"[0.3370, 0.4987]",0.1005,0.5138,0.8071,1.0000,是
304,检验_直接胆红素 → 检验_总胆红素 → 疾病_非毒性单个甲状腺结节,0.1350,"[0.0582, 0.2075]",-0.0896,0.0454,-2.4723,1.0000,是
305,检验_谷丙转氨酶 → 检验_谷草转氨酶 → 疾病_腰椎间盘突出,-0.0439,"[-0.0861, -0.0031]",-0.0638,-0.1078,0.7404,0.9785,是
306,检验_谷丙转氨酶 → 疾病_肺恶性肿瘤 → 疾病_前列腺增生,0.0165,"[-0.0005, 0.0384]",-0.0454,-0.0290,-0.1909,0.9735,是
307,检验_谷丙转氨酶 → 疾病_肺恶性肿瘤 → 疾病_恶性肿瘤维持性化学治疗,0.0422,"[0.0099, 0.0778]",0.0035,0.0457,0.5911,0.9975,是
308,检验_谷丙转氨酶 → 疾病_肺恶性肿瘤 → 检验_单核细胞数量,0.0053,"[-0.0121, 0.0227]",0.0126,0.0179,0.0866,0.7455,否
309,检验_红细胞分布宽度CV → 检验_红细胞分布宽度SD → 检验_红细胞,0.1832,"[0.0927, 0.2722]",0.1952,0.3784,0.4940,1.0000,是
310,检验_红细胞分布宽度CV → 检验_红细胞分布宽度SD → 检验_红细胞平均体积,0.0772,"[-0.0161, 0.1776]",0.1329,0.2102,0.4182,0.9325,否
311,检验_红细胞分布宽度CV → 疾病_胆囊结石 → 疾病_脂肪肝,0.0756,"[0.0339, 0.1193]",-0.0966,-0.0210,0.1847,0.9995,是
312,检验_红细胞分布宽度CV → 疾病_胆囊结石 → 检验_钙,-0.0121,"[-0.0358, 0.0121]",0.1355,0.1233,-0.0857,0.8415,否
313,检验_红细胞分布宽度CV → 疾病_胆囊结石 → 药物_盐酸二甲双胍片,0.0605,"[0.0248, 0.0976]",0.0363,0.0968,-23.0104,1.0000,是
314,检验_红细胞分布宽度CV → 疾病_胆囊结石 → 药物_甲钴胺片,0.0359,"[0.0069, 0.0642]",-0.0403,-0.0044,-0.0815,0.9980,是
315,检验_红细胞分布宽度CV → 检验_血小板 → 药物_维生素C注射液,0.0264,"[0.0047, 0.0535]",0.1882,0.2145,0.1322,0.9955,是
316,检验_红细胞分布宽度CV → 检验_血小板 → 检验_血小板比容,0.0573,"[0.0156, 0.0974]",-0.0312,0.0261,-0.3004,0.9990,是
317,检验_红细胞分布宽度CV → 检验_磷 → 药物_碳酸钙片,0.0284,"[0.0045, 0.0548]",0.0180,0.0464,0.1103,0.9975,是
318,检验_红细胞分布宽度CV → 检验_镁 → 检验_碳酸氢盐,0.0514,"[0.0204, 0.0860]",0.0885,0.1399,0.4947,1.0000,是
319,药物_盐酸氨溴索注射液 → 药物_二羟丙茶碱注射液 → 药物_阿卡波糖片,0.3685,"[0.1600, 0.5813]",-0.0688,0.2998,1.2740,0.9995,是
320,药物_盐酸氨溴索注射液 → 药物_二羟丙茶碱注射液 → 药物_富马酸比索洛尔片,0.2174,"[-0.0132, 0.4167]",-0.0669,0.1505,1.5894,0.9695,是
321,药物_盐酸氨溴索注射液 → 药物_二羟丙茶碱注射液 → 药物_酒石酸美托洛尔片,0.3038,"[0.0818, 0.4938]",-0.0458,0.2580,1.2387,0.9960,是
322,药物_盐酸氨溴索注射液 → 药物_二羟丙茶碱注射液 → 药物_维生素C注射液,-0.7531,"[-0.9205, -0.5753]",1.2543,0.5012,-1.5181,1.0000,是
323,药物_盐酸氨溴索注射液 → 药物_肝素钠注射液 → 疾病_脑梗死,0.4780,"[0.3243, 0.6294]",-0.0451,0.4329,1.1195,1.0000,是
324,药物_盐酸氨溴索注射液 → 药物_肝素钠注射液 → 药物_氯化钠注射液,0.1706,"[0.0248, 0.3055]",0.3860,0.5566,0.3090,0.9885,是
325,检验_转肽酶 → 疾病_恶性肿瘤维持性化学治疗 → 检验_尿酸,0.0549,"[0.0141, 0.0935]",0.0766,0.1315,0.5649,0.9990,是
326,检验_转肽酶 → 检验_碱性磷酸酶 → 药物_盐酸吗啡注射液,0.1152,"[0.0569, 0.1790]",0.0917,0.2069,0.6341,1.0000,是
327,检验_转肽酶 → 检验_碱性磷酸酶 → 药物_盐酸羟考酮缓释片,0.1797,"[0.1141, 0.2396]",0.1323,0.3121,0.5914,1.0000,是
328,检验_转肽酶 → 检验_碱性磷酸酶 → 检验_尿酸,0.1091,"[0.0520, 0.1727]",0.0199,0.1290,1.2847,1.0000,是
329,检验_转肽酶 → 检验_碱性磷酸酶 → 疾病_肝功能异常,0.1121,"[0.0567, 0.1784]",0.0294,0.1415,1.0156,1.0000,是
330,检验_转肽酶 → 药物_骨化三醇胶丸 → 疾病_类风湿性关节炎,-0.0085,"[-0.0510, 0.0317]",-0.0540,-0.0625,0.1777,0.6430,否
331,检验_转肽酶 → 药物_骨化三醇胶丸 → 药物_碳酸钙片,-0.0086,"[-0.0529, 0.0366]",0.0725,0.0639,0.2031,0.6455,否
332,检验_转肽酶 → 药物_骨化三醇胶丸 → 药物_酒石酸美托洛尔片,-0.0058,"[-0.0388, 0.0265]",0.0261,0.0204,-0.0614,0.6400,否
333,药物_二羟丙茶碱注射液 → 药物_阿卡波糖片 → 疾病_非毒性单个甲状腺结节,0.1259,"[0.0755, 0.1863]",-0.1564,-0.0305,9.7874,1.0000,是
334,药物_二羟丙茶碱注射液 → 药物_阿卡波糖片 → 药物_精蛋白生物合成人胰岛素注射液,0.0874,"[0.0399, 0.1346]",-0.1086,-0.0212,0.1306,1.0000,是
335,药物_二羟丙茶碱注射液 → 药物_阿卡波糖片 → 检验_谷草转氨酶,0.0556,"[0.0140, 0.1005]",0.0847,0.1403,0.3818,0.9920,是
336,药物_二羟丙茶碱注射液 → 药物_阿卡波糖片 → 疾病_糖尿病性周围神经病,0.1652,"[0.1083, 0.2275]",-0.2297,-0.0645,-9.4879,1.0000,是
337,药物_二羟丙茶碱注射液 → 药物_阿卡波糖片 → 疾病_泌尿系感染,0.0763,"[0.0351, 0.1233]",0.1796,0.2559,0.3150,1.0000,是
338,药物_二羟丙茶碱注射液 → 药物_富马酸比索洛尔片 → 药物_硝苯地平缓释片,0.0430,"[0.0133, 0.0731]",0.1255,0.1686,0.2967,1.0000,是
339,药物_二羟丙茶碱注射液 → 药物_富马酸比索洛尔片 → 疾病_心律失常,0.0325,"[0.0065, 0.0616]",-0.0158,0.0167,-0.2053,0.9970,是
340,药物_二羟丙茶碱注射液 → 药物_富马酸比索洛尔片 → 药物_甲钴胺片,0.0129,"[-0.0074, 0.0372]",-0.0561,-0.0432,-0.0797,0.8850,否
341,药物_二羟丙茶碱注射液 → 药物_酒石酸美托洛尔片 → 药物_富马酸比索洛尔片,-0.0481,"[-0.0834, -0.0118]",0.2288,0.1807,-0.3133,0.9980,是
342,药物_二羟丙茶碱注射液 → 药物_酒石酸美托洛尔片 → 药物_硝苯地平缓释片,0.0351,"[0.0014, 0.0742]",0.1339,0.1690,0.2525,0.9755,是
343,药物_二羟丙茶碱注射液 → 药物_维生素C注射液 → 药物_维生素B6注射液,0.2250,"[0.1414, 0.3055]",-0.0641,0.1608,1.5427,1.0000,是
344,检验_总蛋白 → 检验_钙 → 检验_嗜碱性粒细胞比率,-0.0231,"[-0.0603, 0.0095]",0.0181,-0.0050,-0.1096,0.9140,否
345,检验_总蛋白 → 检验_球蛋白 → 疾病_结肠息肉,0.0444,"[0.0074, 0.0823]",-0.0809,-0.0365,1.9166,0.9905,是
346,疾病_动脉硬化 → 疾病_慢性胃炎 → 疾病_结肠息肉,0.0472,"[0.0171, 0.0798]",0.0724,0.1195,0.3295,1.0000,是
347,疾病_动脉硬化 → 疾病_高脂血症 → 药物_匹伐他汀钙片,0.1007,"[0.0538, 0.1483]",0.0949,0.1957,0.5675,1.0000,是
348,疾病_动脉硬化 → 疾病_高脂血症 → 药物_阿托伐他汀钙片,0.0820,"[0.0401, 0.1319]",0.1660,0.2480,0.3485,1.0000,是
349,疾病_动脉硬化 → 疾病_高脂血症 → 疾病_腔隙性脑梗死,0.0520,"[0.0091, 0.0956]",0.1436,0.1956,0.3128,0.9950,是
350,疾病_动脉硬化 → 疾病_高脂血症 → 疾病_前列腺增生,0.0559,"[0.0125, 0.1004]",0.0206,0.0765,-4.1783,0.9960,是
351,检验_总胆红素 → 检验_直接胆红素 → 检验_总胆汁酸,0.1399,"[0.0665, 0.2122]",0.0714,0.2112,0.7306,1.0000,是
352,检验_总胆红素 → 检验_直接胆红素 → 检验_碱性磷酸酶,0.1758,"[0.0990, 0.2449]",0.0053,0.1811,1.1115,1.0000,是
353,检验_总胆红素 → 检验_直接胆红素 → 药物_盐酸羟考酮缓释片,0.1526,"[0.0803, 0.2245]",0.1272,0.2798,0.5666,1.0000,是
354,检验_总胆红素 → 检验_直接胆红素 → 疾病_泌尿系感染,-0.0504,"[-0.1162, 0.0279]",-0.0317,-0.0820,0.1536,0.9025,否
355,疾病_尿毒症 → 检验_胆碱酯酶 → 检验_前白蛋白,0.3267,"[0.2422, 0.4059]",-0.3670,-0.0402,28.5998,1.0000,是
356,疾病_尿毒症 → 检验_谷丙转氨酶 → 检验_谷草转氨酶,0.1123,"[0.0526, 0.1659]",0.2056,0.3178,0.3637,1.0000,是
357,疾病_尿毒症 → 检验_谷丙转氨酶 → 检验_谷草/谷丙,0.1166,"[0.0582, 0.1767]",-0.0146,0.1020,1.3907,1.0000,是
358,疾病_尿毒症 → 检验_谷丙转氨酶 → 疾病_肺恶性肿瘤,0.0934,"[0.0365, 0.1528]",-0.1449,-0.0515,-1.1407,1.0000,是
359,疾病_尿毒症 → 疾病_高血压 → 药物_阿司匹林肠溶片,-0.0693,"[-0.1104, -0.0336]",-0.0290,-0.0983,1.2277,1.0000,是
360,疾病_尿毒症 → 疾病_高血压 → 药物_富马酸比索洛尔片,-0.0559,"[-0.0913, -0.0199]",-0.0166,-0.0725,0.8598,1.0000,是
361,疾病_尿毒症 → 疾病_高血压 → 药物_硝苯地平控释片,-0.0529,"[-0.0866, -0.0182]",-0.0054,-0.0584,0.7395,1.0000,是
362,疾病_尿毒症 → 疾病_高血压 → 疾病_肝功能异常,-0.0354,"[-0.0648, -0.0041]",-0.0135,-0.0489,1.2134,0.9945,是
363,疾病_尿毒症 → 疾病_高血压 → 药物_厄贝沙坦氢氯噻嗪片,-0.0405,"[-0.0723, -0.0087]",-0.0006,-0.0412,1.7228,1.0000,是
364,疾病_尿毒症 → 疾病_高血压 → 疾病_糖尿病,-0.0585,"[-0.0940, -0.0236]",-0.1240,-0.1824,0.3949,1.0000,是
365,疾病_尿毒症 → 疾病_高血压 → 疾病_反流性食管炎,-0.0014,"[-0.0281, 0.0255]",-0.1055,-0.1069,-0.0106,0.5430,否
366,疾病_尿毒症 → 疾病_高血压 → 疾病_动脉硬化,-0.0338,"[-0.0658, -0.0043]",-0.0604,-0.0942,0.5760,0.9890,是
367,疾病_尿毒症 → 疾病_高血压 → 疾病_脂肪肝,-0.0481,"[-0.0808, -0.0149]",-0.0436,-0.0917,0.5956,0.9990,是
368,疾病_尿毒症 → 疾病_高血压 → 疾病_混合痔,0.0724,"[0.0349, 0.1104]",-0.1345,-0.0621,-2.3905,1.0000,是
369,疾病_尿毒症 → 疾病_高血压 → 检验_嗜酸性粒细胞数量,0.0130,"[-0.0149, 0.0402]",-0.0806,-0.0676,-0.4389,0.8175,否
370,疾病_尿毒症 → 疾病_高血压 → 疾病_非毒性多个甲状腺结节,-0.0198,"[-0.0476, 0.0072]",-0.0450,-0.0649,-0.2607,0.9190,否
371,疾病_尿毒症 → 疾病_高血压 → 检验_红细胞压积,0.0032,"[-0.0246, 0.0297]",0.1482,0.1514,0.0374,0.5880,否
372,疾病_尿毒症 → 疾病_高血压 → 药物_贞芪扶正,0.0217,"[-0.0053, 0.0510]",-0.0799,-0.0582,0.0823,0.9415,否
373,疾病_尿毒症 → 疾病_高血压 → 检验_谷丙转氨酶,-0.0392,"[-0.0696, -0.0125]",0.4860,0.4468,-0.0895,0.9980,是
374,疾病_尿毒症 → 疾病_高血压 → 药物_盐酸二甲双胍片,-0.0437,"[-0.0776, -0.0138]",-0.0119,-0.0556,3.5219,0.9985,是
375,疾病_尿毒症 → 疾病_高血压 → 疾病_前列腺增生,-0.0271,"[-0.0564, 0.0004]",-0.0384,-0.0655,-0.4228,0.9745,是
376,疾病_尿毒症 → 疾病_高血压 → 疾病_陈旧性脑梗死,-0.0542,"[-0.0883, -0.0195]",0.0006,-0.0536,0.1933,1.0000,是
377,疾病_尿毒症 → 疾病_高血压 → 检验_血小板比容,0.0520,"[0.0218, 0.0871]",-0.0791,-0.0272,-0.4644,1.0000,是
378,疾病_尿毒症 → 疾病_高血压 → 药物_苯磺酸氨氯地平片,-0.0569,"[-0.0929, -0.0208]",-0.0007,-0.0577,0.8570,1.0000,是
379,疾病_尿毒症 → 疾病_高血压 → 疾病_肝囊肿,-0.0180,"[-0.0472, 0.0079]",-0.0249,-0.0428,-2.4576,0.9025,否
380,疾病_尿毒症 → 检验_淋巴细胞数量 → 检验_淋巴细胞比率,0.1502,"[0.0955, 0.2050]",0.0921,0.2423,0.6535,1.0000,是
381,疾病_尿毒症 → 检验_淋巴细胞数量 → 检验_直接胆红素,0.0839,"[0.0384, 0.1354]",0.1425,0.2264,0.3934,1.0000,是
382,疾病_尿毒症 → 检验_淋巴细胞数量 → 检验_碳酸氢盐,0.0139,"[-0.0310, 0.0607]",0.1067,0.1205,0.0314,0.7250,否
383,疾病_尿毒症 → 检验_肌酐 → 疾病_腔隙性脑梗死,-0.0503,"[-0.0924, -0.0094]",-0.0094,-0.0597,-0.2527,0.9935,是
384,疾病_尿毒症 → 检验_红细胞平均体积 → 检验_平均血红蛋白含量,0.1718,"[0.1072, 0.2281]",-0.1116,0.0602,24.1047,1.0000,是
385,疾病_肺部感染 → 疾病_低钾血症 → 疾病_心功能,0.0830,"[0.0405, 0.1356]",-0.0890,-0.0061,0.0455,1.0000,是
386,疾病_肺部感染 → 疾病_低钾血症 → 检验_钾,0.1013,"[0.0530, 0.1536]",0.0813,0.1826,0.6144,1.0000,是
387,疾病_肺部感染 → 检验_血小板 → 药物_维生素C注射液,0.0232,"[0.0028, 0.0466]",0.3393,0.3625,0.0651,0.9935,是
388,疾病_肺部感染 → 检验_血小板 → 检验_血小板比容,0.0618,"[0.0182, 0.1040]",-0.1105,-0.0486,0.2487,0.9990,是
389,疾病_肺部感染 → 检验_镁 → 检验_碳酸氢盐,0.0160,"[-0.0069, 0.0413]",0.0828,0.0988,0.2497,0.9080,否
390,疾病_非毒性多个甲状腺结节 → 疾病_血糖控制不佳 → 药物_精蛋白生物合成人胰岛素注射液,0.0388,"[-0.0052, 0.0840]",-0.0019,0.0369,-0.2305,0.9545,是
391,疾病_非毒性多个甲状腺结节 → 疾病_脂肪肝 → 疾病_胆囊结石,0.1017,"[0.0569, 0.1480]",0.0017,0.1034,2.1554,1.0000,是
392,疾病_非毒性多个甲状腺结节 → 疾病_脂肪肝 → 检验_C反应蛋白,-0.0612,"[-0.1048, -0.0263]",-0.0122,-0.0734,-1.1501,1.0000,是
393,疾病_非毒性多个甲状腺结节 → 疾病_脂肪肝 → 疾病_糖尿病性周围血管病,0.0688,"[0.0306, 0.1101]",0.1595,0.2284,0.3223,1.0000,是
394,疾病_非毒性多个甲状腺结节 → 疾病_脂肪肝 → 疾病_肺恶性肿瘤,0.0697,"[0.0319, 0.1142]",0.0824,0.1521,0.5237,1.0000,是
395,疾病_非毒性多个甲状腺结节 → 检验_红细胞压积 → 检验_红细胞分布宽度CV,-0.1009,"[-0.1492, -0.0561]",-0.0582,-0.1591,0.6970,1.0000,是
396,疾病_非毒性多个甲状腺结节 → 检验_红细胞压积 → 检验_红细胞,-0.1413,"[-0.2018, -0.0893]",0.0148,-0.1265,1.0976,1.0000,是
397,疾病_非毒性多个甲状腺结节 → 检验_红细胞压积 → 检验_直接胆红素,-0.0177,"[-0.0499, 0.0137]",-0.0276,-0.0453,0.0283,0.8620,否
398,疾病_非毒性多个甲状腺结节 → 检验_红细胞压积 → 药物_碳酸氢钠片,-0.0504,"[-0.0902, -0.0180]",0.1245,0.0741,-0.5352,0.9985,是
399,疾病_非毒性多个甲状腺结节 → 疾病_老年性白内障 → 疾病_白内障,0.0581,"[0.0234, 0.0991]",0.1369,0.1950,0.3962,0.9985,是
400,疾病_非毒性多个甲状腺结节 → 疾病_老年性白内障 → 检验_大型血小板比率,0.0746,"[0.0312, 0.1219]",-0.0874,-0.0128,-1.0730,0.9995,是
401,药物_阿司匹林肠溶片 → 疾病_重度骨质疏松 → 药物_骨化三醇胶丸,-0.0655,"[-0.1269, -0.0055]",0.0245,-0.0410,1.1788,0.9780,是
402,药物_阿司匹林肠溶片 → 疾病_重度骨质疏松 → 药物_碳酸钙片,-0.0453,"[-0.0886, 0.0000]",0.0503,0.0050,0.4858,0.9760,是
403,药物_阿司匹林肠溶片 → 药物_阿托伐他汀钙片 → 药物_硫酸氢氯吡格雷片,0.0758,"[0.0326, 0.1203]",0.1367,0.2125,0.3829,1.0000,是
404,药物_阿司匹林肠溶片 → 药物_阿托伐他汀钙片 → 疾病_心律失常,-0.0199,"[-0.0603, 0.0170]",0.0330,0.0132,-0.1509,0.8405,否
405,药物_骨化三醇胶丸 → 药物_碳酸钙片 → 疾病_糖尿病性视网膜病变,0.0746,"[0.0248, 0.1266]",-0.0313,0.0433,6.0504,0.9990,是
406,药物_骨化三醇胶丸 → 药物_酒石酸美托洛尔片 → 药物_富马酸比索洛尔片,-0.0312,"[-0.0660, 0.0061]",0.0521,0.0210,-0.4397,0.9550,是
407,药物_骨化三醇胶丸 → 药物_酒石酸美托洛尔片 → 药物_硝苯地平缓释片,0.0481,"[0.0116, 0.0842]",-0.0346,0.0135,0.4881,0.9960,是
408,检验_尿酸 → 疾病_高尿酸血症 → 药物_碳酸氢钠片,0.0851,"[0.0411, 0.1331]",0.0128,0.0979,0.7932,1.0000,是
409,检验_尿酸 → 疾病_高尿酸血症 → 药物_硝苯地平控释片,0.0794,"[0.0372, 0.1254]",-0.0120,0.0674,1.5256,1.0000,是
410,检验_尿酸 → 疾病_重度骨质疏松 → 药物_骨化三醇胶丸,0.0136,"[-0.0451, 0.0761]",-0.0325,-0.0189,-0.2741,0.6665,否
411,检验_尿酸 → 疾病_重度骨质疏松 → 药物_碳酸钙片,0.0094,"[-0.0290, 0.0503]",-0.0391,-0.0297,0.3588,0.6600,否
412,检验_尿酸 → 疾病_慢性胃炎 → 疾病_结肠息肉,-0.0263,"[-0.0557, -0.0005]",-0.0833,-0.1096,-0.1393,0.9760,是
413,药物_贞芪扶正 → 疾病_肺恶性肿瘤 → 疾病_前列腺增生,0.0418,"[0.0096, 0.0805]",-0.1544,-0.1126,-0.4164,0.9945,是
414,药物_贞芪扶正 → 疾病_肺恶性肿瘤 → 疾病_恶性肿瘤维持性化学治疗,0.0649,"[0.0259, 0.1029]",0.2165,0.2814,0.2392,1.0000,是
415,药物_贞芪扶正 → 疾病_肺恶性肿瘤 → 检验_单核细胞数量,0.0139,"[-0.0200, 0.0470]",-0.0401,-0.0262,0.0732,0.7995,否
416,药物_贞芪扶正 → 疾病_恶性肿瘤维持性化学治疗 → 检验_尿酸,0.0614,"[0.0252, 0.1036]",-0.0627,-0.0013,-0.0943,1.0000,是
417,疾病_重度骨质疏松 → 药物_骨化三醇胶丸 → 疾病_类风湿性关节炎,0.1541,"[0.0814, 0.2313]",0.2181,0.3722,0.4227,1.0000,是
418,疾病_重度骨质疏松 → 药物_骨化三醇胶丸 → 药物_碳酸钙片,0.1610,"[0.0863, 0.2299]",0.2289,0.3898,0.4197,1.0000,是
419,疾病_重度骨质疏松 → 药物_骨化三醇胶丸 → 药物_酒石酸美托洛尔片,0.1820,"[0.1035, 0.2589]",-0.0476,0.1344,4.0703,1.0000,是
420,疾病_重度骨质疏松 → 药物_碳酸钙片 → 药物_骨化三醇胶丸,0.0876,"[0.0453, 0.1340]",0.4823,0.5699,0.1544,1.0000,是
421,疾病_重度骨质疏松 → 药物_碳酸钙片 → 疾病_糖尿病性视网膜病变,0.0702,"[0.0243, 0.1221]",-0.0344,0.0357,-1.0215,0.9995,是
422,检验_葡萄糖 → 疾病_肝囊肿 → 疾病_结肠息肉,-0.0538,"[-0.0850, -0.0198]",-0.0082,-0.0621,0.0343,1.0000,是
423,检验_葡萄糖 → 疾病_糖尿病 → 疾病_糖尿病性周围神经病,0.1580,"[0.0932, 0.2155]",0.0519,0.2099,0.8225,1.0000,是
424,检验_葡萄糖 → 疾病_糖尿病 → 药物_甲钴胺分散片,0.1242,"[0.0622, 0.1832]",-0.0364,0.0878,2.1576,1.0000,是
425,检验_葡萄糖 → 疾病_糖尿病 → 药物_阿卡波糖片,0.1590,"[0.1028, 0.2223]",0.1557,0.3147,0.5197,1.0000,是
426,检验_葡萄糖 → 疾病_糖尿病 → 药物_盐酸二甲双胍片,0.1592,"[0.0984, 0.2221]",-0.0860,0.0733,1.5063,1.0000,是
427,检验_葡萄糖 → 疾病_糖尿病 → 检验_尿酸,0.0761,"[0.0186, 0.1332]",-0.0075,0.0687,0.9283,0.9915,是
428,检验_葡萄糖 → 疾病_糖尿病 → 疾病_肝囊肿,-0.0523,"[-0.1054, 0.0030]",-0.1740,-0.2263,0.2508,0.9675,是
429,检验_葡萄糖 → 药物_碳酸钙片 → 药物_骨化三醇胶丸,-0.0057,"[-0.0479, 0.0383]",-0.0059,-0.0116,0.2312,0.6065,否
430,检验_葡萄糖 → 药物_碳酸钙片 → 疾病_糖尿病性视网膜病变,-0.0017,"[-0.0216, 0.0171]",0.1279,0.1263,-0.0256,0.5765,否
431,疾病_前列腺增生 → 检验_钙 → 检验_嗜碱性粒细胞比率,-0.0125,"[-0.0367, 0.0076]",-0.0166,-0.0291,-0.3858,0.8720,否
432,疾病_颈总动脉斑块 → 疾病_心律失常 → 疾病_慢性支气管炎,0.0429,"[0.0053, 0.0809]",-0.0789,-0.0360,-0.4815,0.9885,是
433,疾病_颈总动脉斑块 → 疾病_肢体动脉硬化 → 药物_艾司唑仑片,0.1178,"[0.0578, 0.1721]",-0.0658,0.0520,0.4484,1.0000,是
434,疾病_颈总动脉斑块 → 疾病_老年性白内障 → 疾病_白内障,0.1204,"[0.0695, 0.1763]",0.0399,0.1603,0.8892,1.0000,是
435,疾病_颈总动脉斑块 → 疾病_老年性白内障 → 检验_大型血小板比率,0.1249,"[0.0738, 0.1768]",0.1324,0.2573,0.5097,1.0000,是
436,药物_叶酸片 → 药物_甲钴胺分散片 → 药物_卡维地洛片,0.0680,"[0.0254, 0.1047]",0.3845,0.4525,0.1520,1.0000,是
437,药物_叶酸片 → 药物_琥珀酸亚铁片 → 疾病_糖尿病性周围血管病,0.1177,"[0.0570, 0.1731]",0.0020,0.1197,1.4205,1.0000,是
438,疾病_老年性白内障 → 检验_大型血小板比率 → 检验_血小板分布宽度,0.1961,"[0.1325, 0.2563]",-0.0086,0.1875,1.1573,1.0000,是
439,疾病_老年性白内障 → 检验_大型血小板比率 → 疾病_医疗机构新收治患者及陪护人员,0.0675,"[0.0182, 0.1150]",0.0236,0.0912,0.6266,0.9980,是
440,药物_盐酸曲美他嗪片 → 药物_硫酸氢氯吡格雷片 → 药物_单硝酸异山梨酯片,0.1650,"[0.0944, 0.2361]",0.0983,0.2633,0.6564,1.0000,是
441,药物_盐酸曲美他嗪片 → 药物_硫酸氢氯吡格雷片 → 疾病_陈旧性脑梗死,0.2186,"[0.1528, 0.2827]",0.2556,0.4742,0.4647,1.0000,是
442,药物_盐酸曲美他嗪片 → 疾病_低蛋白血症 → 检验_白球比,0.1847,"[0.1241, 0.2468]",0.0923,0.2770,0.6854,1.0000,是
443,药物_盐酸曲美他嗪片 → 疾病_低蛋白血症 → 疾病_泌尿系感染,0.1188,"[0.0713, 0.1710]",0.1584,0.2773,0.4451,1.0000,是
444,药物_盐酸曲美他嗪片 → 疾病_低蛋白血症 → 检验_C反应蛋白,0.1556,"[0.0963, 0.2090]",0.0189,0.1745,1.0540,1.0000,是
445,药物_盐酸曲美他嗪片 → 药物_阿卡波糖片 → 疾病_非毒性单个甲状腺结节,0.1257,"[0.0727, 0.1779]",-0.1693,-0.0436,-3.9545,1.0000,是
446,药物_盐酸曲美他嗪片 → 药物_阿卡波糖片 → 药物_精蛋白生物合成人胰岛素注射液,0.0560,"[0.0123, 0.1000]",0.1455,0.2014,0.3086,0.9950,是
447,药物_盐酸曲美他嗪片 → 药物_阿卡波糖片 → 检验_谷草转氨酶,0.0555,"[0.0131, 0.0987]",0.0788,0.1343,0.5750,0.9920,是
448,药物_盐酸曲美他嗪片 → 药物_阿卡波糖片 → 疾病_糖尿病性周围神经病,0.1304,"[0.0786, 0.1812]",0.0420,0.1724,-0.2287,1.0000,是
449,药物_盐酸曲美他嗪片 → 药物_阿卡波糖片 → 疾病_泌尿系感染,0.0735,"[0.0316, 0.1185]",0.2035,0.2770,0.2765,1.0000,是
450,药物_盐酸曲美他嗪片 → 疾病_陈旧性脑梗死 → 药物_硫酸氢氯吡格雷片,0.1867,"[0.1294, 0.2448]",0.3337,0.5203,0.3606,1.0000,是
451,药物_盐酸曲美他嗪片 → 疾病_陈旧性脑梗死 → 疾病_重度骨质疏松,0.1543,"[0.0899, 0.2193]",-0.0457,0.1085,6.4089,1.0000,是
452,药物_阿卡波糖片 → 检验_谷草转氨酶 → 疾病_腰椎间盘突出,-0.0327,"[-0.0596, -0.0078]",0.1252,0.0925,-0.8894,0.9995,是
453,药物_阿卡波糖片 → 疾病_糖尿病性周围神经病 → 疾病_糖尿病性周围血管病,0.1844,"[0.1201, 0.2431]",0.0471,0.2314,0.8407,1.0000,是
454,药物_阿卡波糖片 → 疾病_糖尿病性周围神经病 → 疾病_糖尿病性视网膜病变,0.1229,"[0.0757, 0.1792]",0.1210,0.2439,0.5328,1.0000,是
455,药物_阿卡波糖片 → 疾病_糖尿病性周围神经病 → 疾病_高尿酸血症,0.1495,"[0.0995, 0.2129]",-0.0971,0.0524,4.7251,1.0000,是
456,药物_阿卡波糖片 → 疾病_糖尿病性周围神经病 → 药物_甲钴胺片,0.0977,"[0.0473, 0.1472]",0.0290,0.1267,1.0670,1.0000,是
457,疾病_腔隙性脑梗死 → 疾病_高尿酸血症 → 药物_碳酸氢钠片,-0.0095,"[-0.0481, 0.0322]",0.0457,0.0362,-0.0377,0.6725,否
458,疾病_腔隙性脑梗死 → 疾病_高尿酸血症 → 药物_硝苯地平控释片,-0.0089,"[-0.0461, 0.0305]",-0.0171,-0.0260,-0.0281,0.6675,否
459,疾病_陈旧性脑梗死 → 药物_硫酸氢氯吡格雷片 → 药物_单硝酸异山梨酯片,0.1808,"[0.1089, 0.2615]",0.0646,0.2454,0.7823,1.0000,是
460,疾病_陈旧性脑梗死 → 药物_硫酸氢氯吡格雷片 → 药物_盐酸曲美他嗪片,0.2063,"[0.1355, 0.2778]",0.2695,0.4758,0.4371,1.0000,是
461,疾病_陈旧性脑梗死 → 疾病_重度骨质疏松 → 药物_骨化三醇胶丸,0.1692,"[0.1055, 0.2293]",0.0563,0.2255,0.7923,1.0000,是
462,疾病_陈旧性脑梗死 → 疾病_重度骨质疏松 → 药物_碳酸钙片,0.1236,"[0.0741, 0.1751]",-0.0669,0.0567,-2.5264,1.0000,是
463,疾病_糖尿病性周围血管病 → 疾病_血糖控制不佳 → 药物_精蛋白生物合成人胰岛素注射液,0.0164,"[-0.0526, 0.0847]",0.1454,0.1618,0.1396,0.6790,否
464,药物_硝苯地平控释片 → 药物_厄贝沙坦氢氯噻嗪片 → 疾病_低钾血症,0.0803,"[0.0383, 0.1259]",-0.0422,0.0381,-7.7352,1.0000,是
465,疾病_医疗机构新收治患者及陪护人员 → 疾病_慢性胃炎 → 疾病_结肠息肉,0.0711,"[0.0334, 0.1088]",-0.1076,-0.0365,17.1303,1.0000,是
466,药物_苯磺酸氨氯地平片 → 疾病_高血压 → 药物_阿司匹林肠溶片,0.0695,"[0.0315, 0.1088]",0.0210,0.0905,0.6538,1.0000,是
467,药物_苯磺酸氨氯地平片 → 疾病_高血压 → 药物_富马酸比索洛尔片,0.0586,"[0.0248, 0.0997]",-0.0355,0.0232,1.1407,1.0000,是
468,药物_苯磺酸氨氯地平片 → 疾病_高血压 → 药物_硝苯地平控释片,0.0593,"[0.0245, 0.0967]",-0.1163,-0.0570,9.3312,1.0000,是
469,药物_苯磺酸氨氯地平片 → 疾病_高血压 → 疾病_肝功能异常,0.0373,"[0.0100, 0.0715]",-0.0248,0.0126,-2.1792,0.9970,是
470,药物_苯磺酸氨氯地平片 → 疾病_高血压 → 药物_厄贝沙坦氢氯噻嗪片,0.0471,"[0.0150, 0.0802]",-0.1141,-0.0670,-0.2815,1.0000,是
471,药物_苯磺酸氨氯地平片 → 疾病_高血压 → 疾病_糖尿病,0.0671,"[0.0318, 0.1054]",-0.0381,0.0289,2.5928,1.0000,是
472,药物_苯磺酸氨氯地平片 → 疾病_高血压 → 疾病_反流性食管炎,0.0134,"[-0.0143, 0.0401]",-0.1092,-0.0958,-0.2231,0.8490,否
473,药物_苯磺酸氨氯地平片 → 疾病_高血压 → 疾病_动脉硬化,0.0331,"[0.0044, 0.0624]",0.0727,0.1058,-1.3598,0.9925,是
474,药物_苯磺酸氨氯地平片 → 疾病_高血压 → 疾病_脂肪肝,0.0525,"[0.0204, 0.0886]",-0.0282,0.0242,0.4934,1.0000,是
475,药物_苯磺酸氨氯地平片 → 疾病_高血压 → 疾病_混合痔,-0.0619,"[-0.0965, -0.0277]",-0.0385,-0.1004,0.8580,1.0000,是
476,药物_苯磺酸氨氯地平片 → 疾病_高血压 → 检验_嗜酸性粒细胞数量,-0.0106,"[-0.0362, 0.0197]",0.0432,0.0326,-0.7763,0.7675,否
477,药物_苯磺酸氨氯地平片 → 疾病_高血压 → 疾病_非毒性多个甲状腺结节,0.0215,"[-0.0062, 0.0522]",0.0230,0.0444,-0.4992,0.9390,否
478,药物_苯磺酸氨氯地平片 → 疾病_高血压 → 检验_红细胞压积,-0.0022,"[-0.0318, 0.0224]",-0.1593,-0.1615,0.0131,0.5660,否
479,药物_苯磺酸氨氯地平片 → 疾病_高血压 → 药物_贞芪扶正,-0.0144,"[-0.0409, 0.0125]",-0.0401,-0.0545,0.0858,0.8570,否
480,药物_苯磺酸氨氯地平片 → 疾病_高血压 → 检验_谷丙转氨酶,0.0093,"[-0.0188, 0.0377]",0.0319,0.0412,-0.1793,0.7345,否
481,药物_苯磺酸氨氯地平片 → 疾病_高血压 → 药物_盐酸二甲双胍片,0.0435,"[0.0116, 0.0759]",0.0299,0.0735,0.3477,0.9985,是
482,药物_苯磺酸氨氯地平片 → 疾病_高血压 → 疾病_前列腺增生,0.0307,"[0.0020, 0.0614]",-0.0278,0.0029,3.2558,0.9865,是
483,药物_苯磺酸氨氯地平片 → 疾病_高血压 → 疾病_陈旧性脑梗死,0.0494,"[0.0176, 0.0845]",0.0778,0.1271,0.5482,1.0000,是
484,药物_苯磺酸氨氯地平片 → 疾病_高血压 → 检验_血小板比容,-0.0476,"[-0.0806, -0.0156]",0.0006,-0.0469,1.7402,0.9995,是
485,药物_苯磺酸氨氯地平片 → 疾病_高血压 → 疾病_肝囊肿,0.0151,"[-0.0133, 0.0455]",0.0792,0.0943,0.1233,0.8655,否
486,检验_红细胞分布宽度SD → 检验_红细胞 → 检验_血红蛋白,0.2501,"[0.1822, 0.3177]",0.1009,0.3510,0.7223,1.0000,是
487,检验_红细胞分布宽度SD → 检验_红细胞 → 疾病_贫血,0.1002,"[0.0468, 0.1560]",-0.0566,0.0436,0.8331,1.0000,是
488,检验_红细胞分布宽度SD → 检验_红细胞 → 检验_白蛋白,0.1279,"[0.0702, 0.1827]",-0.0109,0.1170,1.9032,1.0000,是
489,检验_红细胞分布宽度SD → 检验_红细胞 → 疾病_白内障,0.0375,"[-0.0102, 0.0903]",-0.1042,-0.0667,-1.5069,0.9245,否
490,检验_红细胞分布宽度SD → 检验_红细胞平均体积 → 检验_平均血红蛋白含量,0.0960,"[0.0445, 0.1539]",-0.0532,0.0428,3.8272,0.9990,是
491,检验_红细胞 → 检验_血红蛋白 → 检验_红细胞分布宽度CV,0.2291,"[0.1415, 0.3232]",0.1511,0.3803,0.6117,1.0000,是
492,检验_红细胞 → 检验_血红蛋白 → 检验_红细胞压积,0.3287,"[0.2487, 0.4090]",0.1739,0.5026,0.6590,1.0000,是
493,检验_红细胞 → 检验_血红蛋白 → 疾病_低蛋白血症,0.1349,"[0.0439, 0.2267]",0.1595,0.2944,0.4785,0.9995,是
494,检验_红细胞 → 检验_血红蛋白 → 检验_胆碱酯酶,0.2657,"[0.1708, 0.3699]",-0.0948,0.1709,1.7440,1.0000,是
495,检验_红细胞 → 疾病_贫血 → 药物_琥珀酸亚铁片,0.0536,"[0.0199, 0.0900]",0.0631,0.1167,2.2481,1.0000,是
496,检验_红细胞 → 检验_白蛋白 → 检验_总蛋白,0.1236,"[0.0730, 0.1729]",0.1026,0.2262,0.5766,1.0000,是
497,检验_红细胞压积 → 检验_红细胞分布宽度CV → 检验_钾,0.1162,"[0.0657, 0.1695]",-0.0291,0.0871,2.3199,1.0000,是
498,检验_红细胞压积 → 检验_红细胞分布宽度CV → 检验_红细胞分布宽度SD,0.2478,"[0.1725, 0.3207]",0.0114,0.2591,0.9917,1.0000,是
499,检验_红细胞压积 → 检验_红细胞分布宽度CV → 疾病_胆囊结石,0.0899,"[0.0409, 0.1394]",-0.0715,0.0184,10.4972,0.9995,是
500,检验_红细胞压积 → 检验_红细胞分布宽度CV → 检验_血小板,0.0389,"[-0.0071, 0.0806]",0.1542,0.1931,0.3891,0.9545,是
501,检验_红细胞压积 → 检验_红细胞分布宽度CV → 检验_磷,0.0599,"[0.0174, 0.1080]",0.0365,0.0964,0.7884,0.9945,是
502,检验_红细胞压积 → 检验_红细胞分布宽度CV → 检验_镁,0.0924,"[0.0433, 0.1455]",0.0459,0.1383,0.8662,1.0000,是
503,检验_红细胞压积 → 检验_红细胞分布宽度CV → 检验_谷草/谷丙,0.0687,"[0.0236, 0.1177]",0.1740,0.2428,0.3030,0.9985,是
504,检验_红细胞压积 → 检验_红细胞 → 检验_血红蛋白,0.2300,"[0.1743, 0.2949]",0.3860,0.6160,0.3742,1.0000,是
505,检验_红细胞压积 → 检验_红细胞 → 疾病_贫血,0.0835,"[0.0197, 0.1480]",0.1135,0.1970,0.5037,0.9940,是
506,检验_红细胞压积 → 检验_红细胞 → 检验_白蛋白,0.1114,"[0.0467, 0.1773]",0.1754,0.2868,0.4049,0.9995,是
507,检验_红细胞压积 → 检验_红细胞 → 疾病_白内障,0.0394,"[-0.0208, 0.1070]",-0.0556,-0.0163,-1.3544,0.8855,否
508,检验_红细胞压积 → 检验_直接胆红素 → 检验_总胆汁酸,0.0209,"[-0.0115, 0.0546]",0.0066,0.0275,0.1649,0.8925,否
509,检验_红细胞压积 → 检验_直接胆红素 → 检验_碱性磷酸酶,0.0224,"[-0.0098, 0.0562]",0.1748,0.1972,0.1157,0.8970,否
510,检验_红细胞压积 → 检验_直接胆红素 → 药物_盐酸羟考酮缓释片,0.0243,"[-0.0106, 0.0619]",0.1187,0.1431,0.1595,0.8990,否
511,检验_红细胞压积 → 检验_直接胆红素 → 检验_总胆红素,0.0396,"[-0.0213, 0.0952]",-0.0834,-0.0438,0.9239,0.9060,否
512,检验_红细胞压积 → 检验_直接胆红素 → 疾病_泌尿系感染,-0.0085,"[-0.0248, 0.0050]",0.1185,0.1100,0.0198,0.8895,否
513,检验_红细胞压积 → 药物_碳酸氢钠片 → 检验_磷,0.0288,"[0.0031, 0.0535]",0.0685,0.0973,-0.0039,0.9945,是
514,疾病_脑梗死 → 药物_肝素钠注射液 → 药物_氯化钠注射液,0.2833,"[0.2107, 0.3614]",-0.0044,0.2789,1.0549,1.0000,是
515,疾病_脑梗死 → 疾病_糖尿病性视网膜病变 → 疾病_白内障,0.0080,"[-0.0238, 0.0368]",-0.0373,-0.0293,0.2664,0.6875,否
516,疾病_脑梗死 → 疾病_糖尿病性视网膜病变 → 药物_厄贝沙坦片,0.0070,"[-0.0173, 0.0335]",0.0216,0.0286,0.2847,0.7055,否
517,检验_胆碱酯酶 → 检验_前白蛋白 → 检验_镁,0.1656,"[0.1000, 0.2432]",0.0439,0.2095,0.8579,1.0000,是
518,检验_胆碱酯酶 → 检验_前白蛋白 → 检验_总胆红素,0.1680,"[0.1011, 0.2380]",0.0743,0.2423,0.7349,1.0000,是
519,检验_平均血红蛋白含量 → 疾病_贫血 → 药物_琥珀酸亚铁片,0.0435,"[0.0129, 0.0750]",0.0424,0.0859,0.5451,1.0000,是
520,检验_总胆汁酸 → 检验_转肽酶 → 疾病_恶性肿瘤维持性化学治疗,0.0868,"[0.0432, 0.1299]",0.0232,0.1100,1.2833,1.0000,是
521,检验_总胆汁酸 → 检验_转肽酶 → 检验_碱性磷酸酶,0.1290,"[0.0746, 0.1814]",0.0875,0.2165,0.6314,1.0000,是
522,检验_总胆汁酸 → 检验_转肽酶 → 药物_骨化三醇胶丸,-0.0027,"[-0.0358, 0.0334]",-0.0356,-0.0383,0.8290,0.5650,否
523,检验_总胆汁酸 → 检验_转肽酶 → 疾病_非毒性单个甲状腺结节,0.0392,"[0.0048, 0.0777]",0.0271,0.0663,1.1763,0.9870,是
524,检验_白细胞 → 检验_中性粒细胞数量 → 检验_单核细胞数量,0.1316,"[0.0658, 0.2020]",0.1411,0.2727,0.5035,1.0000,是
525,检验_白细胞 → 检验_中性粒细胞数量 → 检验_镁,0.0821,"[0.0150, 0.1474]",-0.0135,0.0687,4.5317,0.9935,是
526,检验_白细胞 → 检验_中性粒细胞数量 → 药物_复方鲜竹沥液,0.0499,"[-0.0186, 0.1162]",-0.0315,0.0184,-1.6135,0.9230,否
527,检验_白细胞 → 检验_中性粒细胞数量 → 药物_苯磺酸氨氯地平片,-0.0660,"[-0.1343, 0.0009]",-0.0079,-0.0739,-6.9794,0.9710,是
528,检验_白细胞 → 药物_二羟丙茶碱注射液 → 药物_阿卡波糖片,-0.0255,"[-0.0626, 0.0142]",0.0062,-0.0193,1.3551,0.9035,否
529,检验_白细胞 → 药物_二羟丙茶碱注射液 → 药物_富马酸比索洛尔片,-0.0137,"[-0.0374, 0.0096]",0.0829,0.0692,-0.5099,0.8875,否
530,检验_白细胞 → 药物_二羟丙茶碱注射液 → 药物_酒石酸美托洛尔片,-0.0212,"[-0.0568, 0.0088]",-0.0270,-0.0482,-0.2007,0.9005,否
531,检验_白细胞 → 药物_二羟丙茶碱注射液 → 药物_维生素C注射液,-0.0197,"[-0.0496, 0.0085]",0.0868,0.0671,-5.0048,0.9095,否
532,疾病_胆囊结石 → 疾病_脂肪肝 → 检验_C反应蛋白,-0.0634,"[-0.1028, -0.0245]",-0.0452,-0.1086,0.4782,0.9990,是
533,疾病_胆囊结石 → 疾病_脂肪肝 → 疾病_糖尿病性周围血管病,0.0760,"[0.0327, 0.1225]",0.1393,0.2153,0.3863,1.0000,是
534,疾病_胆囊结石 → 疾病_脂肪肝 → 疾病_肺恶性肿瘤,0.1037,"[0.0584, 0.1540]",-0.1624,-0.0588,-40.4312,1.0000,是
535,疾病_胆囊结石 → 检验_钙 → 检验_嗜碱性粒细胞比率,0.0020,"[-0.0068, 0.0130]",0.0649,0.0670,0.0117,0.6455,否
536,疾病_脂肪肝 → 疾病_胆囊结石 → 检验_钙,0.0023,"[-0.0410, 0.0379]",-0.1031,-0.1008,0.0373,0.5355,否
537,疾病_脂肪肝 → 疾病_胆囊结石 → 药物_盐酸二甲双胍片,0.0739,"[0.0311, 0.1187]",0.2159,0.2899,0.2645,1.0000,是
538,疾病_脂肪肝 → 疾病_胆囊结石 → 药物_甲钴胺片,0.0607,"[0.0174, 0.1050]",-0.0531,0.0077,-6.9965,0.9975,是
539,疾病_脂肪肝 → 检验_C反应蛋白 → 药物_复方鲜竹沥液,-0.0612,"[-0.1018, -0.0290]",0.0604,-0.0007,-2.1575,1.0000,是
540,疾病_脂肪肝 → 检验_C反应蛋白 → 疾病_低钾血症,-0.0742,"[-0.1167, -0.0338]",0.0419,-0.0323,0.4285,0.9995,是
541,疾病_脂肪肝 → 检验_C反应蛋白 → 检验_总蛋白,-0.0415,"[-0.0721, -0.0124]",-0.0947,-0.1361,0.4547,1.0000,是
542,疾病_脂肪肝 → 疾病_糖尿病性周围血管病 → 疾病_血糖控制不佳,0.1454,"[0.0836, 0.2043]",0.0085,0.1538,0.9273,1.0000,是
543,疾病_脂肪肝 → 疾病_肺恶性肿瘤 → 疾病_前列腺增生,0.0287,"[0.0002, 0.0617]",-0.0239,0.0048,-0.2622,0.9720,是
544,疾病_脂肪肝 → 疾病_肺恶性肿瘤 → 疾病_恶性肿瘤维持性化学治疗,0.0783,"[0.0373, 0.1195]",-0.0470,0.0313,2.0026,1.0000,是
545,疾病_脂肪肝 → 疾病_肺恶性肿瘤 → 检验_单核细胞数量,0.0165,"[-0.0139, 0.0468]",-0.0994,-0.0830,-0.2900,0.8535,否
546,检验_钠 → 药物_重组人促红素注射液 → 疾病_尿毒症,0.3328,"[0.2452, 0.4237]",0.0456,0.3785,0.8815,1.0000,是
547,检验_钠 → 药物_重组人促红素注射液 → 检验_磷,0.1308,"[0.0807, 0.1911]",0.0950,0.2258,0.6211,1.0000,是
548,检验_钠 → 药物_重组人促红素注射液 → 检验_谷丙转氨酶,0.1715,"[0.1085, 0.2272]",-0.0400,0.1315,1.3351,1.0000,是
549,检验_钠 → 检验_淋巴细胞比率 → 检验_中性粒细胞比率,0.2228,"[0.1431, 0.2952]",-0.1332,0.0896,5.9512,1.0000,是
550,检验_钠 → 检验_淋巴细胞比率 → 检验_淋巴细胞数量,0.1303,"[0.0791, 0.1820]",0.0351,0.1654,0.9682,1.0000,是
551,检验_钠 → 检验_淋巴细胞比率 → 药物_维生素B6注射液,0.0507,"[0.0151, 0.0948]",-0.0349,0.0158,1.0701,0.9965,是
552,检验_钠 → 检验_葡萄糖 → 疾病_肝囊肿,-0.0528,"[-0.0864, -0.0201]",-0.0204,-0.0732,0.5949,1.0000,是
553,检验_钠 → 检验_葡萄糖 → 疾病_糖尿病,0.1174,"[0.0664, 0.1753]",-0.1751,-0.0576,3.4166,1.0000,是
554,检验_钠 → 检验_葡萄糖 → 药物_地西泮注射液,0.0383,"[0.0064, 0.0692]",-0.0344,0.0039,-0.5422,0.9990,是
555,检验_钠 → 检验_葡萄糖 → 药物_碳酸钙片,-0.0073,"[-0.0344, 0.0203]",0.0689,0.0616,0.2604,0.7170,否
556,检验_钠 → 检验_氯 → 药物_单硝酸异山梨酯缓释片,0.0962,"[0.0407, 0.1599]",-0.0614,0.0348,3.1388,0.9990,是
557,检验_钠 → 检验_氯 → 药物_葡萄糖注射液,0.1319,"[0.0749, 0.1936]",-0.0712,0.0607,1.5839,1.0000,是
558,检验_嗜酸性粒细胞数量 → 检验_嗜酸性粒细胞比率 → 药物_硝苯地平控释片,-0.0350,"[-0.1125, 0.0375]",-0.0498,-0.0847,0.4434,0.8090,否
559,检验_嗜酸性粒细胞数量 → 检验_嗜酸性粒细胞比率 → 疾病_医疗机构新收治患者及陪护人员,-0.0055,"[-0.0844, 0.0685]",0.0703,0.0648,-0.1234,0.5675,否
560,检验_嗜酸性粒细胞数量 → 疾病_心功能 → 疾病_不稳定性心绞痛,0.0796,"[0.0310, 0.1290]",-0.1207,-0.0412,-1.4939,0.9990,是
561,疾病_肢体动脉硬化 → 疾病_颈总动脉斑块 → 疾病_心律失常,0.1379,"[0.0763, 0.1945]",-0.0069,0.1310,1.4382,1.0000,是
562,疾病_肢体动脉硬化 → 疾病_颈总动脉斑块 → 疾病_老年性白内障,0.1264,"[0.0733, 0.1841]",0.2085,0.3349,0.3872,1.0000,是
563,检验_球蛋白 → 检验_总蛋白 → 检验_钙,0.0868,"[0.0442, 0.1347]",0.0137,0.1005,1.1499,1.0000,是
564,检验_球蛋白 → 检验_总蛋白 → 检验_白蛋白,0.1448,"[0.0833, 0.1973]",-0.1535,-0.0086,8.4224,1.0000,是
565,检验_单核细胞比率 → 检验_白细胞 → 检验_中性粒细胞数量,0.0953,"[0.0385, 0.1544]",-0.1637,-0.0684,-3.8458,0.9995,是
566,检验_单核细胞比率 → 检验_白细胞 → 药物_二羟丙茶碱注射液,-0.0109,"[-0.0339, 0.0082]",-0.0565,-0.0675,0.1242,0.8580,否
567,检验_白蛋白 → 检验_总蛋白 → 检验_钙,0.1100,"[0.0524, 0.1658]",0.0737,0.1837,0.6999,1.0000,是
568,检验_白蛋白 → 检验_总蛋白 → 检验_球蛋白,0.1629,"[0.1048, 0.2292]",-0.1729,-0.0101,-5.3462,1.0000,是
569,药物_呋塞米片 → 药物_螺内酯片 → 药物_酒石酸美托洛尔片,0.2924,"[0.1658, 0.4313]",0.0165,0.3089,0.9754,1.0000,是
570,药物_呋塞米片 → 药物_螺内酯片 → 药物_艾司唑仑片,0.0424,"[-0.1094, 0.1691]",0.1521,0.1946,0.2405,0.7205,否
571,药物_单硝酸异山梨酯片 → 疾病_冠状动脉粥样硬化性心脏病 → 药物_盐酸曲美他嗪片,0.1443,"[0.0926, 0.2017]",0.1175,0.2619,0.5782,1.0000,是
572,药物_单硝酸异山梨酯片 → 疾病_冠状动脉粥样硬化性心脏病 → 疾病_不稳定性心绞痛,0.1330,"[0.0815, 0.1872]",0.1930,0.3260,0.4178,1.0000,是
573,药物_单硝酸异山梨酯片 → 疾病_冠状动脉粥样硬化性心脏病 → 药物_阿托伐他汀钙片,0.0481,"[0.0029, 0.0945]",0.2371,0.2852,0.1758,0.9800,是
574,药物_单硝酸异山梨酯片 → 疾病_冠状动脉粥样硬化性心脏病 → 疾病_尿毒症,-0.0410,"[-0.0895, 0.0044]",-0.0024,-0.0435,0.5724,0.9560,是
575,检验_肌酐 → 疾病_腔隙性脑梗死 → 药物_劳拉西泮片,-0.0355,"[-0.0666, -0.0083]",-0.0461,-0.0816,0.5914,0.9930,是
576,检验_肌酐 → 疾病_腔隙性脑梗死 → 疾病_高尿酸血症,0.0035,"[-0.0153, 0.0213]",0.0047,0.0082,-0.2293,0.6570,否
577,疾病_贫血 → 药物_琥珀酸亚铁片 → 药物_叶酸片,0.1143,"[0.0646, 0.1680]",-0.0400,0.0743,0.7517,1.0000,是
578,疾病_贫血 → 药物_琥珀酸亚铁片 → 疾病_糖尿病性周围血管病,0.0655,"[0.0269, 0.1021]",0.0403,0.1058,0.8306,1.0000,是
579,药物_琥珀酸亚铁片 → 药物_叶酸片 → 药物_卡维地洛片,0.2103,"[0.1401, 0.2724]",-0.0605,0.1498,1.7712,1.0000,是
580,药物_琥珀酸亚铁片 → 药物_叶酸片 → 药物_甲钴胺分散片,0.1363,"[0.0819, 0.1949]",0.0476,0.1839,0.8498,1.0000,是
581,药物_琥珀酸亚铁片 → 疾病_糖尿病性周围血管病 → 疾病_血糖控制不佳,0.1417,"[0.0818, 0.1993]",-0.0095,0.1322,1.4106,1.0000,是
582,检验_钙 → 检验_嗜碱性粒细胞比率 → 检验_嗜碱性粒细胞数量,-0.0325,"[-0.0784, 0.0185]",-0.0284,-0.0609,0.4982,0.8950,否
583,疾病_肛乳头肥大 → 疾病_混合痔 → 药物_裸花紫珠分散片,0.3248,"[0.2536, 0.4036]",0.1812,0.5060,0.6459,1.0000,是
584,疾病_肛乳头肥大 → 疾病_混合痔 → 药物_头孢地尼分散片,0.2532,"[0.1710, 0.3370]",-0.1047,0.1485,2.2585,1.0000,是
585,检验_血小板 → 药物_维生素C注射液 → 药物_维生素B6注射液,0.1602,"[0.0750, 0.2452]",-0.0556,0.1047,1.8707,1.0000,是
586,疾病_恶性肿瘤维持性化学治疗 → 检验_尿酸 → 疾病_高尿酸血症,0.0515,"[0.0188, 0.0859]",-0.1680,-0.1166,-0.9351,1.0000,是
587,疾病_恶性肿瘤维持性化学治疗 → 检验_尿酸 → 疾病_重度骨质疏松,0.0059,"[-0.0171, 0.0307]",-0.0416,-0.0357,0.0056,0.6925,否
588,疾病_恶性肿瘤维持性化学治疗 → 检验_尿酸 → 检验_钾,0.0281,"[0.0021, 0.0548]",0.1232,0.1513,0.2363,0.9890,是
589,疾病_恶性肿瘤维持性化学治疗 → 检验_尿酸 → 疾病_慢性胃炎,-0.0199,"[-0.0468, 0.0003]",-0.0459,-0.0658,0.5133,0.9680,是
590,疾病_恶性肿瘤维持性化学治疗 → 检验_尿酸 → 药物_劳拉西泮片,0.0081,"[-0.0115, 0.0357]",0.0252,0.0333,0.2828,0.7540,否
591,药物_碳酸钙片 → 药物_骨化三醇胶丸 → 疾病_类风湿性关节炎,0.1754,"[0.1180, 0.2395]",-0.0773,0.0981,2.8660,1.0000,是
592,药物_碳酸钙片 → 药物_骨化三醇胶丸 → 药物_酒石酸美托洛尔片,0.1355,"[0.0803, 0.1935]",-0.0917,0.0438,-1.8684,1.0000,是
593,药物_碳酸钙片 → 疾病_糖尿病性视网膜病变 → 疾病_白内障,0.0459,"[0.0130, 0.0796]",0.0241,0.0700,0.4716,0.9990,是
594,药物_碳酸钙片 → 疾病_糖尿病性视网膜病变 → 药物_厄贝沙坦片,0.0406,"[0.0120, 0.0725]",-0.0740,-0.0335,0.4040,0.9985,是
595,检验_间接胆红素 → 检验_总胆红素 → 检验_直接胆红素,0.3090,"[0.1732, 0.4305]",0.2045,0.5135,0.6068,1.0000,是
596,检验_间接胆红素 → 检验_总胆红素 → 疾病_非毒性单个甲状腺结节,0.1173,"[-0.0298, 0.2692]",0.0622,0.1795,0.4515,0.9220,否
597,药物_硫酸氢氯吡格雷片 → 药物_单硝酸异山梨酯片 → 疾病_冠状动脉粥样硬化性心脏病,0.1110,"[0.0611, 0.1605]",0.2461,0.3571,0.3164,1.0000,是
598,药物_硫酸氢氯吡格雷片 → 药物_单硝酸异山梨酯片 → 疾病_类风湿性关节炎,0.1101,"[0.0606, 0.1607]",0.0069,0.1170,0.9178,1.0000,是
599,药物_硫酸氢氯吡格雷片 → 药物_盐酸曲美他嗪片 → 疾病_低蛋白血症,0.1868,"[0.1131, 0.2574]",0.0181,0.2049,1.0115,1.0000,是
600,药物_硫酸氢氯吡格雷片 → 药物_盐酸曲美他嗪片 → 药物_阿卡波糖片,0.1719,"[0.0985, 0.2450]",0.0453,0.2173,0.8568,1.0000,是
601,药物_硫酸氢氯吡格雷片 → 药物_盐酸曲美他嗪片 → 疾病_陈旧性脑梗死,0.1348,"[0.0766, 0.1944]",0.4165,0.5513,0.2460,1.0000,是
602,药物_硫酸氢氯吡格雷片 → 疾病_陈旧性脑梗死 → 疾病_重度骨质疏松,0.1753,"[0.1048, 0.2531]",-0.0262,0.1491,1.6339,1.0000,是
603,药物_酒石酸美托洛尔片 → 药物_富马酸比索洛尔片 → 药物_硝苯地平缓释片,-0.0243,"[-0.0564, 0.0032]",0.1802,0.1559,-0.1727,0.9450,否
604,药物_酒石酸美托洛尔片 → 药物_富马酸比索洛尔片 → 疾病_心律失常,-0.0163,"[-0.0377, 0.0047]",0.1036,0.0874,0.6401,0.9470,否
605,药物_酒石酸美托洛尔片 → 药物_富马酸比索洛尔片 → 药物_甲钴胺片,-0.0054,"[-0.0203, 0.0059]",-0.0320,-0.0374,0.2007,0.8250,否
606,疾病_心功能 → 疾病_不稳定性心绞痛 → 疾病_反流性食管炎,0.1184,"[0.0668, 0.1715]",0.0360,0.1544,0.9262,1.0000,是
607,疾病_心功能 → 疾病_不稳定性心绞痛 → 药物_盐酸曲美他嗪片,0.2242,"[0.1565, 0.2881]",-0.0449,0.1793,1.2963,1.0000,是
608,检验_血小板比容 → 检验_血小板 → 药物_维生素C注射液,0.0804,"[0.0321, 0.1267]",-0.1023,-0.0219,11.1791,1.0000,是
609,药物_阿托伐他汀钙片 → 药物_硫酸氢氯吡格雷片 → 药物_单硝酸异山梨酯片,0.0843,"[0.0429, 0.1257]",0.2016,0.2859,0.3045,1.0000,是
610,药物_阿托伐他汀钙片 → 药物_硫酸氢氯吡格雷片 → 药物_盐酸曲美他嗪片,0.1496,"[0.0901, 0.2145]",-0.0920,0.0577,2.7911,1.0000,是
611,药物_阿托伐他汀钙片 → 药物_硫酸氢氯吡格雷片 → 疾病_陈旧性脑梗死,0.1559,"[0.0966, 0.2182]",-0.0503,0.1056,2.6765,1.0000,是
612,药物_阿托伐他汀钙片 → 疾病_心律失常 → 疾病_慢性支气管炎,-0.0055,"[-0.0208, 0.0063]",0.0060,0.0005,0.0900,0.7910,否
613,检验_磷 → 药物_碳酸钙片 → 药物_骨化三醇胶丸,0.0697,"[0.0261, 0.1165]",-0.0015,0.0682,-2.7516,0.9985,是
614,检验_磷 → 药物_碳酸钙片 → 疾病_糖尿病性视网膜病变,0.0272,"[0.0027, 0.0522]",0.0359,0.0631,-0.3308,0.9965,是
615,药物_碳酸氢钠片 → 检验_磷 → 药物_碳酸钙片,0.0314,"[0.0055, 0.0602]",0.0772,0.1086,-0.5983,0.9950,是
616,疾病_肺恶性肿瘤 → 疾病_前列腺增生 → 检验_钙,0.0203,"[-0.0010, 0.0440]",-0.0246,-0.0043,0.1207,0.9765,是
617,疾病_肺恶性肿瘤 → 疾病_恶性肿瘤维持性化学治疗 → 检验_尿酸,0.0699,"[0.0282, 0.1128]",-0.1324,-0.0625,-1.6333,1.0000,是
618,疾病_低钾血症 → 疾病_心功能 → 疾病_不稳定性心绞痛,0.0820,"[0.0381, 0.1349]",-0.0630,0.0190,4.9812,1.0000,是
619,药物_富马酸比索洛尔片 → 疾病_心律失常 → 疾病_慢性支气管炎,0.0203,"[-0.0010, 0.0445]",-0.0027,0.0175,3.0445,0.9775,是
620,药物_厄贝沙坦氢氯噻嗪片 → 疾病_低钾血症 → 疾病_心功能,0.0446,"[0.0130, 0.0792]",0.0700,0.1145,0.6346,0.9995,是
621,药物_厄贝沙坦氢氯噻嗪片 → 疾病_低钾血症 → 检验_钾,0.0784,"[0.0371, 0.1208]",-0.0158,0.0626,0.4472,1.0000,是
