方程,变量,系数,标准误,t统计量,变量类型
疾病_高血压,(截距),0.000000,0.000000,N/A,截距
疾病_高血压,疾病_尿毒症,0.000000,0.000000,N/A,解释变量
疾病_高血压,药物_苯磺酸氨氯地平片,0.000000,0.000000,N/A,解释变量
疾病_高脂血症,(截距),0.000000,0.052404,0.0000,截距
疾病_高脂血症,疾病_动脉硬化,0.357702,0.052415,6.8244,解释变量
疾病_高脂血症,检验_白球比,-0.230324,0.052415,-4.3942,解释变量
疾病_糖尿病,(截距),-0.000000,N/A,N/A,截距
疾病_冠状动脉粥样硬化性心脏病,(截距),-0.000000,0.053221,-0.0000,截距
疾病_冠状动脉粥样硬化性心脏病,药物_单硝酸异山梨酯片,0.394876,0.053221,7.4196,解释变量
疾病_反流性食管炎,(截距),-0.000000,N/A,N/A,截距
疾病_动脉硬化,(截距),-0.000000,N/A,N/A,截距
疾病_脂肪肝,(截距),-0.000000,N/A,N/A,截距
疾病_混合痔,(截距),-0.000000,N/A,N/A,截距
疾病_高尿酸血症,(截距),0.000000,0.053051,0.0000,截距
疾病_高尿酸血症,检验_尿酸,0.208126,0.053231,3.9099,解释变量
疾病_高尿酸血症,疾病_糖尿病性周围神经病,0.340538,0.053138,6.4085,解释变量
疾病_高尿酸血症,疾病_腔隙性脑梗死,-0.003652,0.053175,-0.0687,解释变量
疾病_心律失常,(截距),0.000000,0.053913,0.0000,截距
疾病_心律失常,疾病_颈总动脉斑块,0.320860,0.054734,5.8621,解释变量
疾病_心律失常,药物_阿托伐他汀钙片,-0.148514,0.056171,-2.6440,解释变量
疾病_心律失常,药物_富马酸比索洛尔片,0.185975,0.055533,3.3489,解释变量
疾病_肺部感染,(截距),-0.000000,0.045988,-0.0000,截距
疾病_肺部感染,药物_氯化钾注射液,0.608069,0.045988,13.2222,解释变量
疾病_尿毒症,(截距),0.000000,0.023731,0.0000,截距
疾病_尿毒症,药物_重组人促红素注射液,0.906994,0.023748,38.1932,解释变量
疾病_尿毒症,疾病_冠状动脉粥样硬化性心脏病,-0.071899,0.023748,-3.0277,解释变量
疾病_前列腺增生,(截距),0.000000,N/A,N/A,截距
疾病_非毒性多个甲状腺结节,(截距),0.000000,N/A,N/A,截距
疾病_腔隙性脑梗死,(截距),0.000000,0.056349,0.0000,截距
疾病_腔隙性脑梗死,疾病_高脂血症,0.187686,0.056563,3.3182,解释变量
疾病_腔隙性脑梗死,检验_肌酐,-0.132027,0.056563,-2.3342,解释变量
疾病_泌尿系感染,(截距),0.000000,0.051910,0.0000,截距
疾病_泌尿系感染,疾病_低蛋白血症,0.355546,0.054180,6.5623,解释变量
疾病_泌尿系感染,检验_直接胆红素,-0.139238,0.052715,-2.6413,解释变量
疾病_泌尿系感染,药物_阿卡波糖片,0.181605,0.053949,3.3662,解释变量
疾病_后天性肾囊肿,(截距),-0.000000,0.056274,-0.0000,截距
疾病_后天性肾囊肿,疾病_非毒性多个甲状腺结节,0.237278,0.056274,4.2165,解释变量
疾病_糖尿病性周围神经病,(截距),0.000000,0.051694,0.0000,截距
疾病_糖尿病性周围神经病,疾病_糖尿病,0.257057,0.057137,4.4990,解释变量
疾病_糖尿病性周围神经病,疾病_反流性食管炎,-0.076290,0.051719,-1.4751,解释变量
疾病_糖尿病性周围神经病,药物_阿卡波糖片,0.279278,0.057152,4.8866,解释变量
疾病_低蛋白血症,(截距),-0.000000,0.051303,-0.0000,截距
疾病_低蛋白血症,检验_血红蛋白,0.289080,0.051396,5.6245,解释变量
疾病_低蛋白血症,药物_盐酸曲美他嗪片,0.350053,0.051396,6.8108,解释变量
疾病_肢体动脉硬化,(截距),-0.000000,0.050705,-0.0000,截距
疾病_肢体动脉硬化,疾病_高同型半胱氨酸血症,0.205780,0.051111,4.0261,解释变量
疾病_肢体动脉硬化,疾病_颈总动脉斑块,0.415396,0.051111,8.1273,解释变量
疾病_脑梗死,(截距),0.000000,0.048872,0.0000,截距
疾病_脑梗死,药物_肝素钠注射液,0.536867,0.048872,10.9851,解释变量
疾病_白内障,(截距),-0.000000,0.052099,-0.0000,截距
疾病_白内障,疾病_老年性白内障,0.343659,0.052129,6.5925,解释变量
疾病_白内障,疾病_糖尿病性视网膜病变,0.286213,0.052291,5.4735,解释变量
疾病_白内障,检验_红细胞,0.033868,0.052278,0.6478,解释变量
疾病_心功能,(截距),-0.000000,0.050760,-0.0000,截距
疾病_心功能,疾病_不稳定性心绞痛,0.410688,0.050816,8.0819,解释变量
疾病_心功能,检验_嗜酸性粒细胞数量,0.192229,0.050913,3.7756,解释变量
疾病_心功能,疾病_低钾血症,0.177121,0.050876,3.4814,解释变量
疾病_肝囊肿,(截距),-0.000000,N/A,N/A,截距
疾病_恶性肿瘤维持性化学治疗,(截距),-0.000000,0.048893,-0.0000,截距
疾病_恶性肿瘤维持性化学治疗,疾病_反流性食管炎,0.283458,0.051938,5.4576,解释变量
疾病_恶性肿瘤维持性化学治疗,检验_转肽酶,0.305225,0.048975,6.2322,解释变量
疾病_恶性肿瘤维持性化学治疗,药物_贞芪扶正,0.101418,0.054155,1.8728,解释变量
疾病_恶性肿瘤维持性化学治疗,疾病_肺恶性肿瘤,0.260625,0.051070,5.1033,解释变量
疾病_重度骨质疏松,(截距),-0.000000,0.054261,-0.0000,截距
疾病_重度骨质疏松,药物_阿司匹林肠溶片,-0.194743,0.055783,-3.4911,解释变量
疾病_重度骨质疏松,疾病_陈旧性脑梗死,0.347528,0.055804,6.2276,解释变量
疾病_重度骨质疏松,检验_尿酸,0.009170,0.054511,0.1682,解释变量
疾病_肺恶性肿瘤,(截距),-0.000000,0.052652,-0.0000,截距
疾病_肺恶性肿瘤,药物_贞芪扶正,0.294284,0.052770,5.5767,解释变量
疾病_肺恶性肿瘤,疾病_脂肪肝,0.275044,0.052872,5.2020,解释变量
疾病_肺恶性肿瘤,检验_谷丙转氨酶,0.188370,0.052979,3.5556,解释变量
疾病_胆囊结石,(截距),-0.000000,0.053211,-0.0000,截距
疾病_胆囊结石,检验_红细胞分布宽度CV,0.218811,0.053247,4.1093,解释变量
疾病_胆囊结石,疾病_反流性食管炎,0.007831,0.053485,0.1464,解释变量
疾病_胆囊结石,疾病_脂肪肝,0.342643,0.053467,6.4085,解释变量
疾病_腰椎间盘突出,(截距),-0.000000,0.054498,-0.0000,截距
疾病_腰椎间盘突出,疾病_颈椎病,0.308763,0.054608,5.6542,解释变量
疾病_腰椎间盘突出,检验_谷草转氨酶,-0.131919,0.054608,-2.4158,解释变量
疾病_肝功能异常,(截距),-0.000000,N/A,N/A,截距
疾病_颈总动脉斑块,(截距),-0.000000,0.051982,-0.0000,截距
疾病_颈总动脉斑块,疾病_肢体动脉硬化,0.441309,0.051982,8.4896,解释变量
疾病_低钾血症,(截距),-0.000000,0.050603,-0.0000,截距
疾病_低钾血症,疾病_肺部感染,0.266119,0.053187,5.0034,解释变量
疾病_低钾血症,检验_C反应蛋白,0.261445,0.053053,4.9280,解释变量
疾病_低钾血症,药物_厄贝沙坦氢氯噻嗪片,0.210926,0.050846,4.1483,解释变量
疾病_陈旧性脑梗死,(截距),-0.000000,N/A,N/A,截距
疾病_贫血,(截距),0.000000,0.054462,0.0000,截距
疾病_贫血,检验_红细胞,0.191293,0.055048,3.4750,解释变量
疾病_贫血,疾病_反流性食管炎,0.207867,0.055328,3.7570,解释变量
疾病_贫血,检验_平均血红蛋白含量,0.194789,0.054772,3.5563,解释变量
疾病_老年性白内障,(截距),0.000000,0.049608,0.0000,截距
疾病_老年性白内障,检验_大型血小板比率,0.303982,0.051361,5.9185,解释变量
疾病_老年性白内障,疾病_非毒性多个甲状腺结节,0.203980,0.049648,4.1085,解释变量
疾病_老年性白内障,疾病_颈总动脉斑块,0.308912,0.051399,6.0101,解释变量
疾病_不稳定性心绞痛,(截距),-0.000000,0.049797,-0.0000,截距
疾病_不稳定性心绞痛,疾病_冠状动脉粥样硬化性心脏病,0.327338,0.051837,6.3148,解释变量
疾病_不稳定性心绞痛,疾病_心功能,0.314834,0.051837,6.0736,解释变量
疾病_慢性胃炎,(截距),0.000000,0.054706,0.0000,截距
疾病_慢性胃炎,疾病_动脉硬化,0.197795,0.054739,3.6134,解释变量
疾病_慢性胃炎,疾病_医疗机构新收治患者及陪护人员,0.247971,0.054822,4.5232,解释变量
疾病_慢性胃炎,检验_尿酸,-0.099398,0.054837,-1.8126,解释变量
疾病_糖尿病性周围血管病,(截距),-0.000000,0.046706,-0.0000,截距
疾病_糖尿病性周围血管病,疾病_糖尿病性周围神经病,0.472030,0.046882,10.0684,解释变量
疾病_糖尿病性周围血管病,疾病_脂肪肝,0.226026,0.047046,4.8044,解释变量
疾病_糖尿病性周围血管病,药物_琥珀酸亚铁片,0.209471,0.047101,4.4472,解释变量
疾病_肛乳头肥大,(截距),0.000000,0.046970,0.0000,截距
疾病_肛乳头肥大,疾病_混合痔,0.585287,0.046970,12.4609,解释变量
疾病_医疗机构新收治患者及陪护人员,(截距),-0.000000,0.056979,-0.0000,截距
疾病_医疗机构新收治患者及陪护人员,检验_大型血小板比率,0.186878,0.057042,3.2761,解释变量
疾病_医疗机构新收治患者及陪护人员,检验_嗜酸性粒细胞比率,0.021359,0.057042,0.3744,解释变量
疾病_血糖控制不佳,(截距),0.000000,0.047044,0.0000,截距
疾病_血糖控制不佳,疾病_非毒性多个甲状腺结节,0.255626,0.048317,5.2906,解释变量
疾病_血糖控制不佳,疾病_糖尿病性周围血管病,0.471562,0.048317,9.7597,解释变量
疾病_糖尿病性视网膜病变,(截距),-0.000000,0.053049,-0.0000,截距
疾病_糖尿病性视网膜病变,疾病_糖尿病性周围神经病,0.372577,0.053228,6.9996,解释变量
疾病_糖尿病性视网膜病变,疾病_脑梗死,0.002134,0.053198,0.0401,解释变量
疾病_糖尿病性视网膜病变,药物_碳酸钙片,0.180523,0.053079,3.4010,解释变量
疾病_结肠息肉,(截距),-0.000000,0.054719,-0.0000,截距
疾病_结肠息肉,疾病_肝囊肿,0.195522,0.055641,3.5140,解释变量
疾病_结肠息肉,检验_球蛋白,0.103928,0.054866,1.8942,解释变量
疾病_结肠息肉,疾病_慢性胃炎,0.216793,0.055496,3.9064,解释变量
疾病_非毒性单个甲状腺结节,(截距),0.000000,0.053626,0.0000,截距
疾病_非毒性单个甲状腺结节,药物_阿卡波糖片,0.310340,0.053768,5.7719,解释变量
疾病_非毒性单个甲状腺结节,检验_转肽酶,0.145013,0.054277,2.6717,解释变量
疾病_非毒性单个甲状腺结节,检验_总胆红素,0.176308,0.054136,3.2568,解释变量
疾病_慢性支气管炎,(截距),-0.000000,0.055847,-0.0000,截距
疾病_慢性支气管炎,疾病_高同型半胱氨酸血症,0.246854,0.056004,4.4078,解释变量
疾病_慢性支气管炎,疾病_心律失常,0.095968,0.056004,1.7136,解释变量
疾病_类风湿性关节炎,(截距),0.000000,0.051729,0.0000,截距
疾病_类风湿性关节炎,药物_骨化三醇胶丸,0.336258,0.053321,6.3062,解释变量
疾病_类风湿性关节炎,检验_平均血红蛋白含量,0.065509,0.051897,1.2623,解释变量
疾病_类风湿性关节炎,药物_单硝酸异山梨酯片,0.230216,0.053254,4.3229,解释变量
药物_氯化钠注射液,(截距),-0.000000,0.046684,-0.0000,截距
药物_氯化钠注射液,药物_氯化钾注射液,0.451998,0.077369,5.8421,解释变量
药物_氯化钠注射液,药物_肝素钠注射液,0.167143,0.077369,2.1603,解释变量
药物_艾司唑仑片,(截距),0.000000,0.055741,0.0000,截距
药物_艾司唑仑片,疾病_肢体动脉硬化,0.224457,0.056081,4.0024,解释变量
药物_艾司唑仑片,检验_单核细胞比率,-0.007247,0.055879,-0.1297,解释变量
药物_艾司唑仑片,药物_螺内酯片,0.150417,0.056216,2.6757,解释变量
药物_阿司匹林肠溶片,(截距),-0.000000,N/A,N/A,截距
药物_盐酸羟考酮缓释片,(截距),-0.000000,0.050620,-0.0000,截距
药物_盐酸羟考酮缓释片,检验_碱性磷酸酶,0.362951,0.053532,6.7801,解释变量
药物_盐酸羟考酮缓释片,检验_直接胆红素,0.230032,0.053532,4.2971,解释变量
药物_阿托伐他汀钙片,(截距),0.000000,0.049900,0.0000,截距
药物_阿托伐他汀钙片,疾病_高脂血症,0.316925,0.053314,5.9445,解释变量
药物_阿托伐他汀钙片,药物_匹伐他汀钙片,-0.298216,0.052882,-5.6393,解释变量
药物_阿托伐他汀钙片,药物_阿司匹林肠溶片,0.311199,0.051335,6.0622,解释变量
药物_阿托伐他汀钙片,疾病_冠状动脉粥样硬化性心脏病,0.128839,0.051241,2.5144,解释变量
药物_苯磺酸氨氯地平片,(截距),-0.000000,N/A,N/A,截距
药物_阿卡波糖片,(截距),0.000000,0.045874,0.0000,截距
药物_阿卡波糖片,疾病_糖尿病,0.349287,0.046624,7.4915,解释变量
药物_阿卡波糖片,药物_二羟丙茶碱注射液,0.335466,0.046110,7.2753,解释变量
药物_阿卡波糖片,药物_盐酸曲美他嗪片,0.311849,0.046487,6.7083,解释变量
药物_碳酸钙片,(截距),-0.000000,0.051205,-0.0000,截距
药物_碳酸钙片,药物_骨化三醇胶丸,0.276993,0.062510,4.4312,解释变量
药物_碳酸钙片,疾病_重度骨质疏松,0.224166,0.062457,3.5891,解释变量
药物_碳酸钙片,检验_葡萄糖,-0.022204,0.051442,-0.4316,解释变量
药物_碳酸钙片,检验_磷,0.139539,0.051570,2.7058,解释变量
药物_硫酸氢氯吡格雷片,(截距),0.000000,0.043517,0.0000,截距
药物_硫酸氢氯吡格雷片,药物_盐酸曲美他嗪片,0.333812,0.049510,6.7423,解释变量
药物_硫酸氢氯吡格雷片,疾病_陈旧性脑梗死,0.371506,0.049705,7.4742,解释变量
药物_硫酸氢氯吡格雷片,药物_阿托伐他汀钙片,0.215410,0.043765,4.9219,解释变量
药物_肝素钠注射液,(截距),-0.000000,0.029636,-0.0000,截距
药物_肝素钠注射液,疾病_脑梗死,0.212414,0.032914,6.4537,解释变量
药物_肝素钠注射液,药物_盐酸氨溴索注射液,0.745785,0.032914,22.6588,解释变量
药物_酒石酸美托洛尔片,(截距),-0.000000,0.048084,-0.0000,截距
药物_酒石酸美托洛尔片,药物_螺内酯片,0.363876,0.048469,7.5074,解释变量
药物_酒石酸美托洛尔片,药物_二羟丙茶碱注射液,0.328135,0.048157,6.8138,解释变量
药物_酒石酸美托洛尔片,药物_骨化三醇胶丸,0.263036,0.048476,5.4261,解释变量
药物_单硝酸异山梨酯片,(截距),0.000000,0.051422,0.0000,截距
药物_单硝酸异山梨酯片,疾病_冠状动脉粥样硬化性心脏病,0.302417,0.055038,5.4947,解释变量
药物_单硝酸异山梨酯片,药物_硫酸氢氯吡格雷片,0.259376,0.055038,4.7127,解释变量
药物_骨化三醇胶丸,(截距),0.000000,0.044193,0.0000,截距
药物_骨化三醇胶丸,疾病_重度骨质疏松,0.531785,0.048906,10.8735,解释变量
药物_骨化三醇胶丸,检验_转肽酶,-0.075113,0.044514,-1.6874,解释变量
药物_骨化三醇胶丸,疾病_肾性贫血,0.242339,0.047750,5.0752,解释变量
药物_骨化三醇胶丸,药物_碳酸钙片,0.134522,0.051573,2.6084,解释变量
药物_头孢地尼分散片,(截距),-0.000000,0.053699,-0.0000,截距
药物_头孢地尼分散片,疾病_混合痔,0.375083,0.053699,6.9849,解释变量
药物_叶酸片,(截距),-0.000000,0.045454,-0.0000,截距
药物_叶酸片,疾病_高同型半胱氨酸血症,0.440616,0.045484,9.6873,解释变量
药物_叶酸片,药物_琥珀酸亚铁片,0.454536,0.045484,9.9934,解释变量
药物_硝苯地平控释片,(截距),-0.000000,N/A,N/A,截距
药物_重组人促红素注射液,(截距),-0.000000,0.053727,-0.0000,截距
药物_重组人促红素注射液,检验_钠,0.373880,0.053727,6.9588,解释变量
药物_磷酸可待因片,(截距),0.000000,0.056183,0.0000,截距
药物_磷酸可待因片,药物_地西泮片,0.243648,0.056183,4.3367,解释变量
药物_富马酸比索洛尔片,(截距),0.000000,N/A,N/A,截距
药物_甲钴胺分散片,(截距),-0.000000,0.053226,-0.0000,截距
药物_甲钴胺分散片,疾病_糖尿病,0.219457,0.053688,4.0876,解释变量
药物_甲钴胺分散片,药物_叶酸片,0.304823,0.053688,5.6777,解释变量
药物_琥珀酸亚铁片,(截距),-0.000000,0.048608,-0.0000,截距
药物_琥珀酸亚铁片,疾病_反流性食管炎,-0.095311,0.049784,-1.9145,解释变量
药物_琥珀酸亚铁片,疾病_贫血,0.261308,0.050030,5.2231,解释变量
药物_琥珀酸亚铁片,药物_叶酸片,0.347786,0.051304,6.7790,解释变量
药物_琥珀酸亚铁片,疾病_肾性贫血,0.239066,0.051236,4.6660,解释变量
药物_盐酸氨溴索注射液,(截距),0.000000,0.017765,0.0000,截距
药物_盐酸氨溴索注射液,药物_氯化钾注射液,0.951817,0.017765,53.5792,解释变量
药物_葡萄糖注射液,(截距),0.000000,0.045010,0.0000,截距
药物_葡萄糖注射液,疾病_肺部感染,0.309116,0.049025,6.3052,解释变量
药物_葡萄糖注射液,药物_氯化钠注射液,0.388819,0.048967,7.9404,解释变量
药物_葡萄糖注射液,检验_氯,0.181973,0.045383,4.0097,解释变量
药物_盐酸布桂嗪注射液,(截距),0.000000,0.050544,0.0000,截距
药物_盐酸布桂嗪注射液,药物_盐酸羟考酮缓释片,0.480815,0.054525,8.8182,解释变量
药物_盐酸布桂嗪注射液,药物_盐酸吗啡注射液,0.026033,0.054525,0.4774,解释变量
药物_佐匹克隆片,(截距),-0.000000,0.056583,-0.0000,截距
药物_佐匹克隆片,检验_平均血红蛋白浓度,0.214311,0.056583,3.7876,解释变量
药物_螺内酯片,(截距),-0.000000,0.035406,-0.0000,截距
药物_螺内酯片,药物_呋塞米片,0.791473,0.035406,22.3542,解释变量
药物_氯化钾注射液,(截距),-0.000000,0.052540,-0.0000,截距
药物_氯化钾注射液,检验_白球比,0.421171,0.052540,8.0162,解释变量
药物_裸花紫珠分散片,(截距),-0.000000,0.041484,-0.0000,截距
药物_裸花紫珠分散片,疾病_混合痔,0.645117,0.041611,15.5035,解释变量
药物_裸花紫珠分散片,药物_单硝酸异山梨酯缓释片,0.223906,0.041611,5.3809,解释变量
药物_碳酸氢钠片,(截距),-0.000000,N/A,N/A,截距
药物_盐酸二甲双胍片,(截距),-0.000000,N/A,N/A,截距
药物_二羟丙茶碱注射液,(截距),-0.000000,0.025784,-0.0000,截距
药物_二羟丙茶碱注射液,药物_盐酸氨溴索注射液,0.893009,0.025789,34.6277,解释变量
药物_二羟丙茶碱注射液,检验_白细胞,-0.089581,0.025789,-3.4736,解释变量
药物_硝苯地平缓释片,(截距),-0.000000,0.049966,-0.0000,截距
药物_硝苯地平缓释片,药物_盐酸羟考酮缓释片,0.412491,0.051287,8.0428,解释变量
药物_硝苯地平缓释片,药物_酒石酸美托洛尔片,0.196692,0.050205,3.9178,解释变量
药物_硝苯地平缓释片,药物_富马酸比索洛尔片,0.184393,0.051414,3.5864,解释变量
药物_贞芪扶正,(截距),0.000000,N/A,N/A,截距
药物_劳拉西泮片,(截距),-0.000000,0.056098,-0.0000,截距
药物_劳拉西泮片,疾病_腔隙性脑梗死,0.252242,0.056214,4.4872,解释变量
药物_劳拉西泮片,检验_尿酸,0.060850,0.056214,1.0825,解释变量
药物_单硝酸异山梨酯缓释片,(截距),-0.000000,0.056957,-0.0000,截距
药物_单硝酸异山梨酯缓释片,检验_氯,0.182326,0.056957,3.2011,解释变量
药物_盐酸曲美他嗪片,(截距),-0.000000,0.044065,-0.0000,截距
药物_盐酸曲美他嗪片,疾病_冠状动脉粥样硬化性心脏病,0.151110,0.049823,3.0329,解释变量
药物_盐酸曲美他嗪片,疾病_不稳定性心绞痛,0.346035,0.050395,6.8664,解释变量
药物_盐酸曲美他嗪片,药物_硫酸氢氯吡格雷片,0.337070,0.049080,6.8678,解释变量
药物_地西泮注射液,(截距),0.000000,0.057275,0.0000,截距
药物_地西泮注射液,检验_葡萄糖,0.149798,0.057275,2.6154,解释变量
药物_精蛋白生物合成人胰岛素注射液,(截距),-0.000000,0.056538,-0.0000,截距
药物_精蛋白生物合成人胰岛素注射液,药物_阿卡波糖片,0.199892,0.056990,3.5075,解释变量
药物_精蛋白生物合成人胰岛素注射液,疾病_血糖控制不佳,0.081163,0.056990,1.4242,解释变量
药物_盐酸吗啡注射液,(截距),-0.000000,0.054559,-0.0000,截距
药物_盐酸吗啡注射液,检验_碱性磷酸酶,0.264190,0.054933,4.8093,解释变量
药物_盐酸吗啡注射液,检验_白球比,0.186193,0.054933,3.3895,解释变量
药物_维生素C注射液,(截距),-0.000000,0.036842,-0.0000,截距
药物_维生素C注射液,药物_氯化钾注射液,1.324399,0.069676,19.0079,解释变量
药物_维生素C注射液,药物_二羟丙茶碱注射液,-0.857579,0.069613,-12.3193,解释变量
药物_维生素C注射液,检验_血小板,0.151328,0.036910,4.0999,解释变量
药物_厄贝沙坦片,(截距),-0.000000,0.053332,-0.0000,截距
药物_厄贝沙坦片,药物_硝苯地平控释片,0.266839,0.054947,4.8563,解释变量
药物_厄贝沙坦片,药物_阿司匹林肠溶片,0.132037,0.055039,2.3990,解释变量
药物_厄贝沙坦片,疾病_糖尿病性视网膜病变,0.216685,0.053430,4.0555,解释变量
药物_甲钴胺片,(截距),-0.000000,0.055356,-0.0000,截距
药物_甲钴胺片,疾病_糖尿病性周围神经病,0.255486,0.055518,4.6018,解释变量
药物_甲钴胺片,疾病_胆囊结石,0.136829,0.055836,2.4506,解释变量
药物_甲钴胺片,药物_富马酸比索洛尔片,0.048215,0.055676,0.8660,解释变量
药物_维生素B6注射液,(截距),0.000000,0.033400,0.0000,截距
药物_维生素B6注射液,药物_维生素C注射液,0.806525,0.033533,24.0518,解释变量
药物_维生素B6注射液,检验_淋巴细胞比率,0.081051,0.033533,2.4171,解释变量
药物_呋塞米片,(截距),-0.000000,0.035406,-0.0000,截距
药物_呋塞米片,药物_螺内酯片,0.791473,0.035406,22.3542,解释变量
药物_卡维地洛片,(截距),0.000000,0.050468,0.0000,截距
药物_卡维地洛片,药物_叶酸片,0.386021,0.053533,7.2109,解释变量
药物_卡维地洛片,药物_甲钴胺分散片,0.204578,0.053533,3.8215,解释变量
药物_复方鲜竹沥液,(截距),0.000000,0.054609,0.0000,截距
药物_复方鲜竹沥液,检验_C反应蛋白,0.282999,0.056956,4.9688,解释变量
药物_复方鲜竹沥液,检验_中性粒细胞数量,-0.035448,0.057707,-0.6143,解释变量
药物_复方鲜竹沥液,检验_平均血红蛋白浓度,0.193945,0.055426,3.4992,解释变量
药物_匹伐他汀钙片,(截距),0.000000,0.055012,0.0000,截距
药物_匹伐他汀钙片,疾病_高脂血症,0.313309,0.055012,5.6953,解释变量
药物_厄贝沙坦氢氯噻嗪片,(截距),-0.000000,N/A,N/A,截距
检验_碳酸氢盐,(截距),-0.000000,0.054897,-0.0000,截距
检验_碳酸氢盐,药物_盐酸氨溴索注射液,0.235393,0.055138,4.2692,解释变量
检验_碳酸氢盐,检验_淋巴细胞数量,0.051284,0.055100,0.9307,解释变量
检验_碳酸氢盐,检验_镁,0.198763,0.055217,3.5996,解释变量
检验_葡萄糖,(截距),0.000000,0.049361,0.0000,截距
检验_葡萄糖,疾病_糖尿病,0.468700,0.049443,9.4795,解释变量
检验_葡萄糖,检验_钠,0.266674,0.049443,5.3935,解释变量
检验_钾,(截距),-0.000000,0.052832,-0.0000,截距
检验_钾,检验_红细胞分布宽度CV,0.241963,0.054039,4.4776,解释变量
检验_钾,检验_尿酸,0.110604,0.053519,2.0666,解释变量
检验_钾,疾病_低钾血症,0.267048,0.053500,4.9915,解释变量
检验_尿酸,(截距),0.000000,0.055022,0.0000,截距
检验_尿酸,疾病_糖尿病,0.175112,0.055682,3.1448,解释变量
检验_尿酸,检验_碱性磷酸酶,0.216994,0.058490,3.7099,解释变量
检验_尿酸,疾病_恶性肿瘤维持性化学治疗,0.115374,0.058499,1.9723,解释变量
检验_氯,(截距),-0.000000,0.051444,-0.0000,截距
检验_氯,检验_钠,0.459739,0.051444,8.9368,解释变量
检验_钠,(截距),0.000000,0.049935,0.0000,截距
检验_钠,检验_氯,0.372347,0.053757,6.9265,解释变量
检验_钠,药物_重组人促红素注射液,0.235998,0.053757,4.3901,解释变量
检验_镁,(截距),-0.000000,0.053299,-0.0000,截距
检验_镁,检验_前白蛋白,0.291973,0.055181,5.2911,解释变量
检验_镁,检验_红细胞分布宽度CV,0.194472,0.057288,3.3946,解释变量
检验_镁,检验_中性粒细胞数量,0.091098,0.054268,1.6787,解释变量
检验_镁,疾病_肺部感染,-0.038632,0.056304,-0.6861,解释变量
检验_磷,(截距),0.000000,0.051919,0.0000,截距
检验_磷,药物_重组人促红素注射液,0.360183,0.052377,6.8768,解释变量
检验_磷,检验_红细胞分布宽度CV,0.157747,0.052063,3.0299,解释变量
检验_磷,药物_碳酸氢钠片,0.169806,0.052330,3.2449,解释变量
检验_总蛋白,(截距),0.000000,N/A,N/A,截距
检验_谷草/谷丙,(截距),0.000000,0.000000,N/A,截距
检验_谷草/谷丙,检验_谷丙转氨酶,0.000000,0.000000,N/A,解释变量
检验_谷草/谷丙,检验_红细胞分布宽度CV,0.000000,0.000000,N/A,解释变量
检验_谷草/谷丙,疾病_肛乳头肥大,0.000000,0.000000,N/A,解释变量
检验_白球比,(截距),0.000000,0.048758,0.0000,截距
检验_白球比,疾病_低蛋白血症,0.539944,0.048758,11.0739,解释变量
检验_球蛋白,(截距),-0.000000,0.055159,-0.0000,截距
检验_球蛋白,检验_总蛋白,0.305523,0.055159,5.5390,解释变量
检验_间接胆红素,(截距),0.000000,0.033935,0.0000,截距
检验_间接胆红素,检验_总胆红素,0.810455,0.033935,23.8829,解释变量
检验_直接胆红素,(截距),0.000000,N/A,N/A,截距
检验_红细胞压积,(截距),0.000000,N/A,N/A,截距
检验_白细胞,(截距),0.000000,0.047990,0.0000,截距
检验_白细胞,检验_中性粒细胞数量,0.535908,0.048103,11.1408,解释变量
检验_白细胞,检验_单核细胞比率,0.210427,0.048103,4.3745,解释变量
检验_红细胞,(截距),-0.000000,N/A,N/A,截距
检验_血红蛋白,(截距),0.000000,0.043851,0.0000,截距
检验_血红蛋白,检验_红细胞,0.653422,0.043851,14.9008,解释变量
检验_血小板,(截距),0.000000,0.051892,0.0000,截距
检验_血小板,检验_白球比,0.210554,0.055604,3.7867,解释变量
检验_血小板,检验_红细胞分布宽度CV,0.071361,0.055271,1.2911,解释变量
检验_血小板,疾病_肺部感染,0.099347,0.056425,1.7607,解释变量
检验_血小板,检验_血小板比容,0.331410,0.052367,6.3286,解释变量
检验_淋巴细胞数量,(截距),-0.000000,0.049670,-0.0000,截距
检验_淋巴细胞数量,检验_淋巴细胞比率,0.362224,0.051219,7.0721,解释变量
检验_淋巴细胞数量,疾病_尿毒症,0.290909,0.051219,5.6797,解释变量
检验_嗜酸性粒细胞数量,(截距),0.000000,N/A,N/A,截距
检验_嗜碱性粒细胞数量,(截距),-0.000000,0.051619,-0.0000,截距
检验_嗜碱性粒细胞数量,检验_嗜碱性粒细胞比率,0.453843,0.051619,8.7922,解释变量
检验_红细胞分布宽度SD,(截距),0.000000,0.043289,0.0000,截距
检验_红细胞分布宽度SD,检验_红细胞分布宽度CV,0.664509,0.043289,15.3506,解释变量
检验_红细胞分布宽度CV,(截距),-0.000000,N/A,N/A,截距
检验_血小板分布宽度,(截距),0.000000,0.049597,0.0000,截距
检验_血小板分布宽度,检验_大型血小板比率,0.516675,0.049597,10.4174,解释变量
检验_平均血小板体积,(截距),0.000000,0.047202,0.0000,截距
检验_平均血小板体积,检验_血小板分布宽度,0.579684,0.047202,12.2808,解释变量
检验_大型血小板比率,(截距),-0.000000,0.046752,-0.0000,截距
检验_大型血小板比率,检验_血小板分布宽度,0.461240,0.047601,9.6897,解释变量
检验_大型血小板比率,疾病_老年性白内障,0.294854,0.047601,6.1942,解释变量
检验_血小板比容,(截距),0.000000,N/A,N/A,截距
检验_单核细胞数量,(截距),-0.000000,0.053651,-0.0000,截距
检验_单核细胞数量,检验_中性粒细胞数量,0.340639,0.053778,6.3341,解释变量
检验_单核细胞数量,检验_单核细胞比率,0.199375,0.053778,3.7074,解释变量
检验_单核细胞数量,疾病_肺恶性肿瘤,0.041652,0.053652,0.7763,解释变量
检验_嗜碱性粒细胞比率,(截距),-0.000000,0.051639,-0.0000,截距
检验_嗜碱性粒细胞比率,检验_嗜碱性粒细胞数量,0.451058,0.051736,8.7185,解释变量
检验_嗜碱性粒细胞比率,检验_钙,-0.045520,0.051736,-0.8799,解释变量
检验_嗜酸性粒细胞比率,(截距),0.000000,0.047412,0.0000,截距
检验_嗜酸性粒细胞比率,检验_嗜酸性粒细胞数量,0.574574,0.047412,12.1188,解释变量
检验_淋巴细胞比率,(截距),0.000000,0.038524,0.0000,截距
检验_淋巴细胞比率,检验_淋巴细胞数量,0.214073,0.040944,5.2284,解释变量
检验_淋巴细胞比率,检验_中性粒细胞比率,0.590083,0.040535,14.5575,解释变量
检验_淋巴细胞比率,检验_钠,0.222383,0.039101,5.6874,解释变量
检验_中性粒细胞比率,(截距),0.000000,0.042688,0.0000,截距
检验_中性粒细胞比率,检验_淋巴细胞比率,0.675983,0.042688,15.8352,解释变量
检验_钙,(截距),0.000000,0.053583,0.0000,截距
检验_钙,检验_总蛋白,0.238475,0.054762,4.3547,解释变量
检验_钙,疾病_前列腺增生,0.169481,0.054214,3.1262,解释变量
检验_钙,检验_白球比,0.217995,0.054784,3.9792,解释变量
检验_钙,疾病_胆囊结石,-0.019621,0.054549,-0.3597,解释变量
检验_谷丙转氨酶,(截距),0.000000,N/A,N/A,截距
检验_谷草转氨酶,(截距),-0.000000,0.053324,-0.0000,截距
检验_谷草转氨酶,检验_谷丙转氨酶,0.347823,0.053338,6.5211,解释变量
检验_谷草转氨酶,药物_阿卡波糖片,0.193775,0.053338,3.6330,解释变量
检验_红细胞平均体积,(截距),-0.000000,0.052728,-0.0000,截距
检验_红细胞平均体积,检验_红细胞分布宽度SD,0.237554,0.052948,4.4866,解释变量
检验_红细胞平均体积,疾病_尿毒症,0.365530,0.052948,6.9036,解释变量
检验_平均血红蛋白浓度,(截距),0.000000,0.055373,0.0000,截距
检验_平均血红蛋白浓度,药物_氯化钾注射液,0.293751,0.055373,5.3050,解释变量
检验_总胆红素,(截距),-0.000000,0.031989,-0.0000,截距
检验_总胆红素,检验_前白蛋白,0.134828,0.033705,4.0002,解释变量
检验_总胆红素,检验_直接胆红素,0.153963,0.037886,4.0638,解释变量
检验_总胆红素,检验_间接胆红素,0.695225,0.037730,18.4264,解释变量
检验_C反应蛋白,(截距),0.000000,0.049620,0.0000,截距
检验_C反应蛋白,检验_白球比,0.296672,0.059030,5.0258,解释变量
检验_C反应蛋白,疾病_低蛋白血症,0.254441,0.059234,4.2955,解释变量
检验_C反应蛋白,疾病_脂肪肝,-0.132043,0.050235,-2.6285,解释变量
检验_平均血红蛋白含量,(截距),-0.000000,0.051261,-0.0000,截距
检验_平均血红蛋白含量,检验_红细胞平均体积,0.465775,0.051261,9.0863,解释变量
检验_中性粒细胞数量,(截距),-0.000000,0.043933,-0.0000,截距
检验_中性粒细胞数量,检验_中性粒细胞比率,0.395680,0.045358,8.7235,解释变量
检验_中性粒细胞数量,检验_白细胞,0.404435,0.046034,8.7855,解释变量
检验_中性粒细胞数量,检验_血小板分布宽度,0.113753,0.044615,2.5496,解释变量
检验_前白蛋白,(截距),-0.000000,0.047306,-0.0000,截距
检验_前白蛋白,检验_白球比,0.270646,0.049294,5.4905,解释变量
检验_前白蛋白,检验_胆碱酯酶,0.441506,0.049294,8.9566,解释变量
检验_肌酐,(截距),-0.000000,0.054344,-0.0000,截距
检验_肌酐,疾病_尿毒症,0.346291,0.054344,6.3722,解释变量
检验_胆碱酯酶,(截距),0.000000,0.039844,0.0000,截距
检验_胆碱酯酶,检验_前白蛋白,0.506561,0.041012,12.3515,解释变量
检验_胆碱酯酶,疾病_尿毒症,0.465273,0.040933,11.3666,解释变量
检验_胆碱酯酶,检验_血红蛋白,0.137359,0.041921,3.2767,解释变量
检验_总胆汁酸,(截距),-0.000000,0.055378,-0.0000,截距
检验_总胆汁酸,检验_直接胆红素,0.293435,0.055378,5.2987,解释变量
检验_转肽酶,(截距),0.000000,0.049740,0.0000,截距
检验_转肽酶,检验_碱性磷酸酶,0.440903,0.050952,8.6533,解释变量
检验_转肽酶,检验_总胆汁酸,0.187154,0.050952,3.6732,解释变量
检验_白蛋白,(截距),0.000000,0.000000,N/A,截距
检验_白蛋白,检验_白球比,0.000000,0.000000,N/A,解释变量
检验_白蛋白,检验_红细胞,0.000000,0.000000,N/A,解释变量
检验_白蛋白,检验_总蛋白,0.000000,0.000000,N/A,解释变量
检验_碱性磷酸酶,(截距),0.000000,0.047344,0.0000,截距
检验_碱性磷酸酶,检验_转肽酶,0.357488,0.050835,7.0323,解释变量
检验_碱性磷酸酶,药物_盐酸羟考酮缓释片,0.281934,0.052008,5.4210,解释变量
检验_碱性磷酸酶,检验_直接胆红素,0.125961,0.051496,2.4460,解释变量
