节点,类型,父节点,P(0),P(1),条件
疾病_高血压,条件概率,"疾病_尿毒症, 药物_苯磺酸氨氯地平片",1.0000,0.0000,"0,0"
疾病_高血压,条件概率,"疾病_尿毒症, 药物_苯磺酸氨氯地平片",1.0000,0.0000,"0,1"
疾病_高血压,条件概率,"疾病_尿毒症, 药物_苯磺酸氨氯地平片",1.0000,0.0000,"1,0"
疾病_高血压,条件概率,"疾病_尿毒症, 药物_苯磺酸氨氯地平片",0.5000,0.5000,"1,1"
疾病_高脂血症,条件概率,"疾病_动脉硬化, 检验_白球比",0.6205,0.3795,"0,0"
疾病_高脂血症,条件概率,"疾病_动脉硬化, 检验_白球比",0.8837,0.1163,"0,1"
疾病_高脂血症,条件概率,"疾病_动脉硬化, 检验_白球比",0.1538,0.8462,"1,0"
疾病_高脂血症,条件概率,"疾病_动脉硬化, 检验_白球比",0.6000,0.4000,"1,1"
疾病_糖尿病,条件概率,"疾病_高血压, 检验_葡萄糖",0.7351,0.2649,"0,0"
疾病_糖尿病,条件概率,"疾病_高血压, 检验_葡萄糖",0.2819,0.7181,"0,1"
疾病_糖尿病,条件概率,"疾病_高血压, 检验_葡萄糖",0.5000,0.5000,"1,0"
疾病_糖尿病,条件概率,"疾病_高血压, 检验_葡萄糖",0.5000,0.5000,"1,1"
疾病_冠状动脉粥样硬化性心脏病,条件概率,药物_单硝酸异山梨酯片,0.7951,0.2049,0
疾病_冠状动脉粥样硬化性心脏病,条件概率,药物_单硝酸异山梨酯片,0.0588,0.9412,1
疾病_反流性食管炎,条件概率,"疾病_高血压, 疾病_不稳定性心绞痛",0.7817,0.2183,"0,0"
疾病_反流性食管炎,条件概率,"疾病_高血压, 疾病_不稳定性心绞痛",0.1875,0.8125,"0,1"
疾病_反流性食管炎,条件概率,"疾病_高血压, 疾病_不稳定性心绞痛",0.5000,0.5000,"1,0"
疾病_反流性食管炎,条件概率,"疾病_高血压, 疾病_不稳定性心绞痛",0.5000,0.5000,"1,1"
疾病_动脉硬化,条件概率,"疾病_高脂血症, 疾病_高血压",0.9191,0.0809,"0,0"
疾病_动脉硬化,条件概率,"疾病_高脂血症, 疾病_高血压",0.5000,0.5000,"0,1"
疾病_动脉硬化,条件概率,"疾病_高脂血症, 疾病_高血压",0.6220,0.3780,"1,0"
疾病_动脉硬化,条件概率,"疾病_高脂血症, 疾病_高血压",0.5000,0.5000,"1,1"
疾病_脂肪肝,条件概率,"药物_匹伐他汀钙片, 疾病_高血压, 疾病_胆囊结石, 疾病_非毒性多个甲状腺结节",0.9159,0.0841,"0,0,0,0"
疾病_脂肪肝,条件概率,"药物_匹伐他汀钙片, 疾病_高血压, 疾病_胆囊结石, 疾病_非毒性多个甲状腺结节",0.3182,0.6818,"0,0,0,1"
疾病_脂肪肝,条件概率,"药物_匹伐他汀钙片, 疾病_高血压, 疾病_胆囊结石, 疾病_非毒性多个甲状腺结节",0.6471,0.3529,"0,0,1,0"
疾病_脂肪肝,条件概率,"药物_匹伐他汀钙片, 疾病_高血压, 疾病_胆囊结石, 疾病_非毒性多个甲状腺结节",0.5000,0.5000,"0,0,1,1"
疾病_脂肪肝,条件概率,"药物_匹伐他汀钙片, 疾病_高血压, 疾病_胆囊结石, 疾病_非毒性多个甲状腺结节",0.5000,0.5000,"0,1,0,0"
疾病_脂肪肝,条件概率,"药物_匹伐他汀钙片, 疾病_高血压, 疾病_胆囊结石, 疾病_非毒性多个甲状腺结节",0.5000,0.5000,"0,1,0,1"
疾病_脂肪肝,条件概率,"药物_匹伐他汀钙片, 疾病_高血压, 疾病_胆囊结石, 疾病_非毒性多个甲状腺结节",0.5000,0.5000,"0,1,1,0"
疾病_脂肪肝,条件概率,"药物_匹伐他汀钙片, 疾病_高血压, 疾病_胆囊结石, 疾病_非毒性多个甲状腺结节",0.5000,0.5000,"0,1,1,1"
疾病_脂肪肝,条件概率,"药物_匹伐他汀钙片, 疾病_高血压, 疾病_胆囊结石, 疾病_非毒性多个甲状腺结节",0.5385,0.4615,"1,0,0,0"
疾病_脂肪肝,条件概率,"药物_匹伐他汀钙片, 疾病_高血压, 疾病_胆囊结石, 疾病_非毒性多个甲状腺结节",1.0000,0.0000,"1,0,0,1"
疾病_脂肪肝,条件概率,"药物_匹伐他汀钙片, 疾病_高血压, 疾病_胆囊结石, 疾病_非毒性多个甲状腺结节",0.0000,1.0000,"1,0,1,0"
疾病_脂肪肝,条件概率,"药物_匹伐他汀钙片, 疾病_高血压, 疾病_胆囊结石, 疾病_非毒性多个甲状腺结节",1.0000,0.0000,"1,0,1,1"
疾病_脂肪肝,条件概率,"药物_匹伐他汀钙片, 疾病_高血压, 疾病_胆囊结石, 疾病_非毒性多个甲状腺结节",0.5000,0.5000,"1,1,0,0"
疾病_脂肪肝,条件概率,"药物_匹伐他汀钙片, 疾病_高血压, 疾病_胆囊结石, 疾病_非毒性多个甲状腺结节",0.5000,0.5000,"1,1,0,1"
疾病_脂肪肝,条件概率,"药物_匹伐他汀钙片, 疾病_高血压, 疾病_胆囊结石, 疾病_非毒性多个甲状腺结节",0.5000,0.5000,"1,1,1,0"
疾病_脂肪肝,条件概率,"药物_匹伐他汀钙片, 疾病_高血压, 疾病_胆囊结石, 疾病_非毒性多个甲状腺结节",0.5000,0.5000,"1,1,1,1"
疾病_混合痔,条件概率,"疾病_高血压, 疾病_反流性食管炎, 疾病_肛乳头肥大",0.9112,0.0888,"0,0,0"
疾病_混合痔,条件概率,"疾病_高血压, 疾病_反流性食管炎, 疾病_肛乳头肥大",0.0000,1.0000,"0,0,1"
疾病_混合痔,条件概率,"疾病_高血压, 疾病_反流性食管炎, 疾病_肛乳头肥大",1.0000,0.0000,"0,1,0"
疾病_混合痔,条件概率,"疾病_高血压, 疾病_反流性食管炎, 疾病_肛乳头肥大",0.5000,0.5000,"0,1,1"
疾病_混合痔,条件概率,"疾病_高血压, 疾病_反流性食管炎, 疾病_肛乳头肥大",0.5000,0.5000,"1,0,0"
疾病_混合痔,条件概率,"疾病_高血压, 疾病_反流性食管炎, 疾病_肛乳头肥大",0.5000,0.5000,"1,0,1"
疾病_混合痔,条件概率,"疾病_高血压, 疾病_反流性食管炎, 疾病_肛乳头肥大",0.5000,0.5000,"1,1,0"
疾病_混合痔,条件概率,"疾病_高血压, 疾病_反流性食管炎, 疾病_肛乳头肥大",0.5000,0.5000,"1,1,1"
疾病_高尿酸血症,条件概率,"检验_尿酸, 疾病_糖尿病性周围神经病, 疾病_腔隙性脑梗死",0.9277,0.0723,"0,0,0"
疾病_高尿酸血症,条件概率,"检验_尿酸, 疾病_糖尿病性周围神经病, 疾病_腔隙性脑梗死",1.0000,0.0000,"0,0,1"
疾病_高尿酸血症,条件概率,"检验_尿酸, 疾病_糖尿病性周围神经病, 疾病_腔隙性脑梗死",0.9091,0.0909,"0,1,0"
疾病_高尿酸血症,条件概率,"检验_尿酸, 疾病_糖尿病性周围神经病, 疾病_腔隙性脑梗死",0.0000,1.0000,"0,1,1"
疾病_高尿酸血症,条件概率,"检验_尿酸, 疾病_糖尿病性周围神经病, 疾病_腔隙性脑梗死",0.8551,0.1449,"1,0,0"
疾病_高尿酸血症,条件概率,"检验_尿酸, 疾病_糖尿病性周围神经病, 疾病_腔隙性脑梗死",1.0000,0.0000,"1,0,1"
疾病_高尿酸血症,条件概率,"检验_尿酸, 疾病_糖尿病性周围神经病, 疾病_腔隙性脑梗死",0.1429,0.8571,"1,1,0"
疾病_高尿酸血症,条件概率,"检验_尿酸, 疾病_糖尿病性周围神经病, 疾病_腔隙性脑梗死",0.5000,0.5000,"1,1,1"
疾病_心律失常,条件概率,"疾病_颈总动脉斑块, 药物_阿托伐他汀钙片, 药物_富马酸比索洛尔片",0.9455,0.0545,"0,0,0"
疾病_心律失常,条件概率,"疾病_颈总动脉斑块, 药物_阿托伐他汀钙片, 药物_富马酸比索洛尔片",0.6818,0.3182,"0,0,1"
疾病_心律失常,条件概率,"疾病_颈总动脉斑块, 药物_阿托伐他汀钙片, 药物_富马酸比索洛尔片",0.9643,0.0357,"0,1,0"
疾病_心律失常,条件概率,"疾病_颈总动脉斑块, 药物_阿托伐他汀钙片, 药物_富马酸比索洛尔片",0.9231,0.0769,"0,1,1"
疾病_心律失常,条件概率,"疾病_颈总动脉斑块, 药物_阿托伐他汀钙片, 药物_富马酸比索洛尔片",0.1250,0.8750,"1,0,0"
疾病_心律失常,条件概率,"疾病_颈总动脉斑块, 药物_阿托伐他汀钙片, 药物_富马酸比索洛尔片",1.0000,0.0000,"1,0,1"
疾病_心律失常,条件概率,"疾病_颈总动脉斑块, 药物_阿托伐他汀钙片, 药物_富马酸比索洛尔片",1.0000,0.0000,"1,1,0"
疾病_心律失常,条件概率,"疾病_颈总动脉斑块, 药物_阿托伐他汀钙片, 药物_富马酸比索洛尔片",0.5000,0.5000,"1,1,1"
疾病_肺部感染,条件概率,药物_氯化钾注射液,0.9412,0.0588,0
疾病_肺部感染,条件概率,药物_氯化钾注射液,0.0000,1.0000,1
疾病_尿毒症,条件概率,"药物_重组人促红素注射液, 疾病_冠状动脉粥样硬化性心脏病",1.0000,0.0000,"0,0"
疾病_尿毒症,条件概率,"药物_重组人促红素注射液, 疾病_冠状动脉粥样硬化性心脏病",1.0000,0.0000,"0,1"
疾病_尿毒症,条件概率,"药物_重组人促红素注射液, 疾病_冠状动脉粥样硬化性心脏病",0.0000,1.0000,"1,0"
疾病_尿毒症,条件概率,"药物_重组人促红素注射液, 疾病_冠状动脉粥样硬化性心脏病",1.0000,0.0000,"1,1"
疾病_前列腺增生,条件概率,"疾病_高血压, 疾病_高脂血症, 疾病_肺恶性肿瘤",0.9295,0.0705,"0,0,0"
疾病_前列腺增生,条件概率,"疾病_高血压, 疾病_高脂血症, 疾病_肺恶性肿瘤",0.9412,0.0588,"0,0,1"
疾病_前列腺增生,条件概率,"疾病_高血压, 疾病_高脂血症, 疾病_肺恶性肿瘤",0.8537,0.1463,"0,1,0"
疾病_前列腺增生,条件概率,"疾病_高血压, 疾病_高脂血症, 疾病_肺恶性肿瘤",0.0000,1.0000,"0,1,1"
疾病_前列腺增生,条件概率,"疾病_高血压, 疾病_高脂血症, 疾病_肺恶性肿瘤",0.5000,0.5000,"1,0,0"
疾病_前列腺增生,条件概率,"疾病_高血压, 疾病_高脂血症, 疾病_肺恶性肿瘤",0.5000,0.5000,"1,0,1"
疾病_前列腺增生,条件概率,"疾病_高血压, 疾病_高脂血症, 疾病_肺恶性肿瘤",0.5000,0.5000,"1,1,0"
疾病_前列腺增生,条件概率,"疾病_高血压, 疾病_高脂血症, 疾病_肺恶性肿瘤",0.5000,0.5000,"1,1,1"
疾病_非毒性多个甲状腺结节,条件概率,疾病_高血压,0.8900,0.1100,0
疾病_非毒性多个甲状腺结节,条件概率,疾病_高血压,0.5000,0.5000,1
疾病_腔隙性脑梗死,条件概率,"疾病_高脂血症, 检验_肌酐",0.9380,0.0620,"0,0"
疾病_腔隙性脑梗死,条件概率,"疾病_高脂血症, 检验_肌酐",1.0000,0.0000,"0,1"
疾病_腔隙性脑梗死,条件概率,"疾病_高脂血症, 检验_肌酐",0.8077,0.1923,"1,0"
疾病_腔隙性脑梗死,条件概率,"疾病_高脂血症, 检验_肌酐",0.9565,0.0435,"1,1"
疾病_泌尿系感染,条件概率,"疾病_低蛋白血症, 检验_直接胆红素, 药物_阿卡波糖片",0.9149,0.0851,"0,0,0"
疾病_泌尿系感染,条件概率,"疾病_低蛋白血症, 检验_直接胆红素, 药物_阿卡波糖片",0.8611,0.1389,"0,0,1"
疾病_泌尿系感染,条件概率,"疾病_低蛋白血症, 检验_直接胆红素, 药物_阿卡波糖片",1.0000,0.0000,"0,1,0"
疾病_泌尿系感染,条件概率,"疾病_低蛋白血症, 检验_直接胆红素, 药物_阿卡波糖片",0.6667,0.3333,"0,1,1"
疾病_泌尿系感染,条件概率,"疾病_低蛋白血症, 检验_直接胆红素, 药物_阿卡波糖片",0.5000,0.5000,"1,0,0"
疾病_泌尿系感染,条件概率,"疾病_低蛋白血症, 检验_直接胆红素, 药物_阿卡波糖片",0.0909,0.9091,"1,0,1"
疾病_泌尿系感染,条件概率,"疾病_低蛋白血症, 检验_直接胆红素, 药物_阿卡波糖片",0.8750,0.1250,"1,1,0"
疾病_泌尿系感染,条件概率,"疾病_低蛋白血症, 检验_直接胆红素, 药物_阿卡波糖片",1.0000,0.0000,"1,1,1"
疾病_后天性肾囊肿,条件概率,疾病_非毒性多个甲状腺结节,0.9101,0.0899,0
疾病_后天性肾囊肿,条件概率,疾病_非毒性多个甲状腺结节,0.6667,0.3333,1
疾病_糖尿病性周围神经病,条件概率,"疾病_糖尿病, 疾病_反流性食管炎, 药物_阿卡波糖片",1.0000,0.0000,"0,0,0"
疾病_糖尿病性周围神经病,条件概率,"疾病_糖尿病, 疾病_反流性食管炎, 药物_阿卡波糖片",1.0000,0.0000,"0,0,1"
疾病_糖尿病性周围神经病,条件概率,"疾病_糖尿病, 疾病_反流性食管炎, 药物_阿卡波糖片",1.0000,0.0000,"0,1,0"
疾病_糖尿病性周围神经病,条件概率,"疾病_糖尿病, 疾病_反流性食管炎, 药物_阿卡波糖片",0.0000,1.0000,"0,1,1"
疾病_糖尿病性周围神经病,条件概率,"疾病_糖尿病, 疾病_反流性食管炎, 药物_阿卡波糖片",0.7639,0.2361,"1,0,0"
疾病_糖尿病性周围神经病,条件概率,"疾病_糖尿病, 疾病_反流性食管炎, 药物_阿卡波糖片",0.5946,0.4054,"1,0,1"
疾病_糖尿病性周围神经病,条件概率,"疾病_糖尿病, 疾病_反流性食管炎, 药物_阿卡波糖片",1.0000,0.0000,"1,1,0"
疾病_糖尿病性周围神经病,条件概率,"疾病_糖尿病, 疾病_反流性食管炎, 药物_阿卡波糖片",0.5714,0.4286,"1,1,1"
疾病_低蛋白血症,条件概率,"检验_血红蛋白, 药物_盐酸曲美他嗪片",0.9938,0.0062,"0,0"
疾病_低蛋白血症,条件概率,"检验_血红蛋白, 药物_盐酸曲美他嗪片",1.0000,0.0000,"0,1"
疾病_低蛋白血症,条件概率,"检验_血红蛋白, 药物_盐酸曲美他嗪片",0.8770,0.1230,"1,0"
疾病_低蛋白血症,条件概率,"检验_血红蛋白, 药物_盐酸曲美他嗪片",0.1111,0.8889,"1,1"
疾病_肢体动脉硬化,条件概率,"疾病_高同型半胱氨酸血症, 疾病_颈总动脉斑块",0.9710,0.0290,"0,0"
疾病_肢体动脉硬化,条件概率,"疾病_高同型半胱氨酸血症, 疾病_颈总动脉斑块",0.4000,0.6000,"0,1"
疾病_肢体动脉硬化,条件概率,"疾病_高同型半胱氨酸血症, 疾病_颈总动脉斑块",0.4286,0.5714,"1,0"
疾病_肢体动脉硬化,条件概率,"疾病_高同型半胱氨酸血症, 疾病_颈总动脉斑块",1.0000,0.0000,"1,1"
疾病_脑梗死,条件概率,药物_肝素钠注射液,0.9485,0.0515,0
疾病_脑梗死,条件概率,药物_肝素钠注射液,0.1111,0.8889,1
疾病_白内障,条件概率,"疾病_老年性白内障, 疾病_糖尿病性视网膜病变, 检验_红细胞",0.9829,0.0171,"0,0,0"
疾病_白内障,条件概率,"疾病_老年性白内障, 疾病_糖尿病性视网膜病变, 检验_红细胞",0.9167,0.0833,"0,0,1"
疾病_白内障,条件概率,"疾病_老年性白内障, 疾病_糖尿病性视网膜病变, 检验_红细胞",0.0000,1.0000,"0,1,0"
疾病_白内障,条件概率,"疾病_老年性白内障, 疾病_糖尿病性视网膜病变, 检验_红细胞",0.8000,0.2000,"0,1,1"
疾病_白内障,条件概率,"疾病_老年性白内障, 疾病_糖尿病性视网膜病变, 检验_红细胞",0.1667,0.8333,"1,0,0"
疾病_白内障,条件概率,"疾病_老年性白内障, 疾病_糖尿病性视网膜病变, 检验_红细胞",1.0000,0.0000,"1,0,1"
疾病_白内障,条件概率,"疾病_老年性白内障, 疾病_糖尿病性视网膜病变, 检验_红细胞",0.5000,0.5000,"1,1,0"
疾病_白内障,条件概率,"疾病_老年性白内障, 疾病_糖尿病性视网膜病变, 检验_红细胞",0.5000,0.5000,"1,1,1"
疾病_心功能,条件概率,"疾病_不稳定性心绞痛, 检验_嗜酸性粒细胞数量, 疾病_低钾血症",1.0000,0.0000,"0,0,0"
疾病_心功能,条件概率,"疾病_不稳定性心绞痛, 检验_嗜酸性粒细胞数量, 疾病_低钾血症",0.8000,0.2000,"0,0,1"
疾病_心功能,条件概率,"疾病_不稳定性心绞痛, 检验_嗜酸性粒细胞数量, 疾病_低钾血症",0.8750,0.1250,"0,1,0"
疾病_心功能,条件概率,"疾病_不稳定性心绞痛, 检验_嗜酸性粒细胞数量, 疾病_低钾血症",1.0000,0.0000,"0,1,1"
疾病_心功能,条件概率,"疾病_不稳定性心绞痛, 检验_嗜酸性粒细胞数量, 疾病_低钾血症",0.7143,0.2857,"1,0,0"
疾病_心功能,条件概率,"疾病_不稳定性心绞痛, 检验_嗜酸性粒细胞数量, 疾病_低钾血症",0.0000,1.0000,"1,0,1"
疾病_心功能,条件概率,"疾病_不稳定性心绞痛, 检验_嗜酸性粒细胞数量, 疾病_低钾血症",0.0000,1.0000,"1,1,0"
疾病_心功能,条件概率,"疾病_不稳定性心绞痛, 检验_嗜酸性粒细胞数量, 疾病_低钾血症",0.5000,0.5000,"1,1,1"
疾病_肝囊肿,条件概率,"检验_葡萄糖, 疾病_高血压, 疾病_糖尿病",0.8739,0.1261,"0,0,0"
疾病_肝囊肿,条件概率,"检验_葡萄糖, 疾病_高血压, 疾病_糖尿病",0.9750,0.0250,"0,0,1"
疾病_肝囊肿,条件概率,"检验_葡萄糖, 疾病_高血压, 疾病_糖尿病",0.5000,0.5000,"0,1,0"
疾病_肝囊肿,条件概率,"检验_葡萄糖, 疾病_高血压, 疾病_糖尿病",0.5000,0.5000,"0,1,1"
疾病_肝囊肿,条件概率,"检验_葡萄糖, 疾病_高血压, 疾病_糖尿病",1.0000,0.0000,"1,0,0"
疾病_肝囊肿,条件概率,"检验_葡萄糖, 疾病_高血压, 疾病_糖尿病",1.0000,0.0000,"1,0,1"
疾病_肝囊肿,条件概率,"检验_葡萄糖, 疾病_高血压, 疾病_糖尿病",0.5000,0.5000,"1,1,0"
疾病_肝囊肿,条件概率,"检验_葡萄糖, 疾病_高血压, 疾病_糖尿病",0.5000,0.5000,"1,1,1"
疾病_恶性肿瘤维持性化学治疗,条件概率,"疾病_反流性食管炎, 检验_转肽酶, 药物_贞芪扶正, 疾病_肺恶性肿瘤",1.0000,0.0000,"0,0,0,0"
疾病_恶性肿瘤维持性化学治疗,条件概率,"疾病_反流性食管炎, 检验_转肽酶, 药物_贞芪扶正, 疾病_肺恶性肿瘤",0.8571,0.1429,"0,0,0,1"
疾病_恶性肿瘤维持性化学治疗,条件概率,"疾病_反流性食管炎, 检验_转肽酶, 药物_贞芪扶正, 疾病_肺恶性肿瘤",0.5000,0.5000,"0,0,1,0"
疾病_恶性肿瘤维持性化学治疗,条件概率,"疾病_反流性食管炎, 检验_转肽酶, 药物_贞芪扶正, 疾病_肺恶性肿瘤",1.0000,0.0000,"0,0,1,1"
疾病_恶性肿瘤维持性化学治疗,条件概率,"疾病_反流性食管炎, 检验_转肽酶, 药物_贞芪扶正, 疾病_肺恶性肿瘤",0.8684,0.1316,"0,1,0,0"
疾病_恶性肿瘤维持性化学治疗,条件概率,"疾病_反流性食管炎, 检验_转肽酶, 药物_贞芪扶正, 疾病_肺恶性肿瘤",0.5000,0.5000,"0,1,0,1"
疾病_恶性肿瘤维持性化学治疗,条件概率,"疾病_反流性食管炎, 检验_转肽酶, 药物_贞芪扶正, 疾病_肺恶性肿瘤",1.0000,0.0000,"0,1,1,0"
疾病_恶性肿瘤维持性化学治疗,条件概率,"疾病_反流性食管炎, 检验_转肽酶, 药物_贞芪扶正, 疾病_肺恶性肿瘤",0.5000,0.5000,"0,1,1,1"
疾病_恶性肿瘤维持性化学治疗,条件概率,"疾病_反流性食管炎, 检验_转肽酶, 药物_贞芪扶正, 疾病_肺恶性肿瘤",1.0000,0.0000,"1,0,0,0"
疾病_恶性肿瘤维持性化学治疗,条件概率,"疾病_反流性食管炎, 检验_转肽酶, 药物_贞芪扶正, 疾病_肺恶性肿瘤",0.0000,1.0000,"1,0,0,1"
疾病_恶性肿瘤维持性化学治疗,条件概率,"疾病_反流性食管炎, 检验_转肽酶, 药物_贞芪扶正, 疾病_肺恶性肿瘤",0.6429,0.3571,"1,0,1,0"
疾病_恶性肿瘤维持性化学治疗,条件概率,"疾病_反流性食管炎, 检验_转肽酶, 药物_贞芪扶正, 疾病_肺恶性肿瘤",0.5000,0.5000,"1,0,1,1"
疾病_恶性肿瘤维持性化学治疗,条件概率,"疾病_反流性食管炎, 检验_转肽酶, 药物_贞芪扶正, 疾病_肺恶性肿瘤",0.5000,0.5000,"1,1,0,0"
疾病_恶性肿瘤维持性化学治疗,条件概率,"疾病_反流性食管炎, 检验_转肽酶, 药物_贞芪扶正, 疾病_肺恶性肿瘤",0.5000,0.5000,"1,1,0,1"
疾病_恶性肿瘤维持性化学治疗,条件概率,"疾病_反流性食管炎, 检验_转肽酶, 药物_贞芪扶正, 疾病_肺恶性肿瘤",0.3333,0.6667,"1,1,1,0"
疾病_恶性肿瘤维持性化学治疗,条件概率,"疾病_反流性食管炎, 检验_转肽酶, 药物_贞芪扶正, 疾病_肺恶性肿瘤",0.0000,1.0000,"1,1,1,1"
疾病_重度骨质疏松,条件概率,"药物_阿司匹林肠溶片, 疾病_陈旧性脑梗死, 检验_尿酸",0.9264,0.0736,"0,0,0"
疾病_重度骨质疏松,条件概率,"药物_阿司匹林肠溶片, 疾病_陈旧性脑梗死, 检验_尿酸",1.0000,0.0000,"0,0,1"
疾病_重度骨质疏松,条件概率,"药物_阿司匹林肠溶片, 疾病_陈旧性脑梗死, 检验_尿酸",0.6000,0.4000,"0,1,0"
疾病_重度骨质疏松,条件概率,"药物_阿司匹林肠溶片, 疾病_陈旧性脑梗死, 检验_尿酸",0.0000,1.0000,"0,1,1"
疾病_重度骨质疏松,条件概率,"药物_阿司匹林肠溶片, 疾病_陈旧性脑梗死, 检验_尿酸",1.0000,0.0000,"1,0,0"
疾病_重度骨质疏松,条件概率,"药物_阿司匹林肠溶片, 疾病_陈旧性脑梗死, 检验_尿酸",0.9500,0.0500,"1,0,1"
疾病_重度骨质疏松,条件概率,"药物_阿司匹林肠溶片, 疾病_陈旧性脑梗死, 检验_尿酸",1.0000,0.0000,"1,1,0"
疾病_重度骨质疏松,条件概率,"药物_阿司匹林肠溶片, 疾病_陈旧性脑梗死, 检验_尿酸",1.0000,0.0000,"1,1,1"
疾病_肺恶性肿瘤,条件概率,"药物_贞芪扶正, 疾病_脂肪肝, 检验_谷丙转氨酶",0.9890,0.0110,"0,0,0"
疾病_肺恶性肿瘤,条件概率,"药物_贞芪扶正, 疾病_脂肪肝, 检验_谷丙转氨酶",0.8919,0.1081,"0,0,1"
疾病_肺恶性肿瘤,条件概率,"药物_贞芪扶正, 疾病_脂肪肝, 检验_谷丙转氨酶",0.9000,0.1000,"0,1,0"
疾病_肺恶性肿瘤,条件概率,"药物_贞芪扶正, 疾病_脂肪肝, 检验_谷丙转氨酶",0.6000,0.4000,"0,1,1"
疾病_肺恶性肿瘤,条件概率,"药物_贞芪扶正, 疾病_脂肪肝, 检验_谷丙转氨酶",0.9000,0.1000,"1,0,0"
疾病_肺恶性肿瘤,条件概率,"药物_贞芪扶正, 疾病_脂肪肝, 检验_谷丙转氨酶",0.5000,0.5000,"1,0,1"
疾病_肺恶性肿瘤,条件概率,"药物_贞芪扶正, 疾病_脂肪肝, 检验_谷丙转氨酶",0.0000,1.0000,"1,1,0"
疾病_肺恶性肿瘤,条件概率,"药物_贞芪扶正, 疾病_脂肪肝, 检验_谷丙转氨酶",0.5000,0.5000,"1,1,1"
疾病_胆囊结石,条件概率,"检验_红细胞分布宽度CV, 疾病_反流性食管炎, 疾病_脂肪肝",0.9424,0.0576,"0,0,0"
疾病_胆囊结石,条件概率,"检验_红细胞分布宽度CV, 疾病_反流性食管炎, 疾病_脂肪肝",0.7692,0.2308,"0,0,1"
疾病_胆囊结石,条件概率,"检验_红细胞分布宽度CV, 疾病_反流性食管炎, 疾病_脂肪肝",0.9792,0.0208,"0,1,0"
疾病_胆囊结石,条件概率,"检验_红细胞分布宽度CV, 疾病_反流性食管炎, 疾病_脂肪肝",0.8889,0.1111,"0,1,1"
疾病_胆囊结石,条件概率,"检验_红细胞分布宽度CV, 疾病_反流性食管炎, 疾病_脂肪肝",1.0000,0.0000,"1,0,0"
疾病_胆囊结石,条件概率,"检验_红细胞分布宽度CV, 疾病_反流性食管炎, 疾病_脂肪肝",0.0909,0.9091,"1,0,1"
疾病_胆囊结石,条件概率,"检验_红细胞分布宽度CV, 疾病_反流性食管炎, 疾病_脂肪肝",0.6471,0.3529,"1,1,0"
疾病_胆囊结石,条件概率,"检验_红细胞分布宽度CV, 疾病_反流性食管炎, 疾病_脂肪肝",1.0000,0.0000,"1,1,1"
疾病_腰椎间盘突出,条件概率,"疾病_颈椎病, 检验_谷草转氨酶",0.9384,0.0616,"0,0"
疾病_腰椎间盘突出,条件概率,"疾病_颈椎病, 检验_谷草转氨酶",1.0000,0.0000,"0,1"
疾病_腰椎间盘突出,条件概率,"疾病_颈椎病, 检验_谷草转氨酶",0.5385,0.4615,"1,0"
疾病_腰椎间盘突出,条件概率,"疾病_颈椎病, 检验_谷草转氨酶",1.0000,0.0000,"1,1"
疾病_肝功能异常,条件概率,"疾病_高血压, 检验_碱性磷酸酶",0.9551,0.0449,"0,0"
疾病_肝功能异常,条件概率,"疾病_高血压, 检验_碱性磷酸酶",0.7576,0.2424,"0,1"
疾病_肝功能异常,条件概率,"疾病_高血压, 检验_碱性磷酸酶",0.5000,0.5000,"1,0"
疾病_肝功能异常,条件概率,"疾病_高血压, 检验_碱性磷酸酶",0.5000,0.5000,"1,1"
疾病_颈总动脉斑块,条件概率,疾病_肢体动脉硬化,0.9713,0.0287,0
疾病_颈总动脉斑块,条件概率,疾病_肢体动脉硬化,0.5714,0.4286,1
疾病_低钾血症,条件概率,"疾病_肺部感染, 检验_C反应蛋白, 药物_厄贝沙坦氢氯噻嗪片",1.0000,0.0000,"0,0,0"
疾病_低钾血症,条件概率,"疾病_肺部感染, 检验_C反应蛋白, 药物_厄贝沙坦氢氯噻嗪片",0.8571,0.1429,"0,0,1"
疾病_低钾血症,条件概率,"疾病_肺部感染, 检验_C反应蛋白, 药物_厄贝沙坦氢氯噻嗪片",0.9412,0.0588,"0,1,0"
疾病_低钾血症,条件概率,"疾病_肺部感染, 检验_C反应蛋白, 药物_厄贝沙坦氢氯噻嗪片",0.5000,0.5000,"0,1,1"
疾病_低钾血症,条件概率,"疾病_肺部感染, 检验_C反应蛋白, 药物_厄贝沙坦氢氯噻嗪片",1.0000,0.0000,"1,0,0"
疾病_低钾血症,条件概率,"疾病_肺部感染, 检验_C反应蛋白, 药物_厄贝沙坦氢氯噻嗪片",1.0000,0.0000,"1,0,1"
疾病_低钾血症,条件概率,"疾病_肺部感染, 检验_C反应蛋白, 药物_厄贝沙坦氢氯噻嗪片",0.5882,0.4118,"1,1,0"
疾病_低钾血症,条件概率,"疾病_肺部感染, 检验_C反应蛋白, 药物_厄贝沙坦氢氯噻嗪片",0.0000,1.0000,"1,1,1"
疾病_陈旧性脑梗死,条件概率,"疾病_高血压, 药物_盐酸曲美他嗪片, 药物_硫酸氢氯吡格雷片",0.9734,0.0266,"0,0,0"
疾病_陈旧性脑梗死,条件概率,"疾病_高血压, 药物_盐酸曲美他嗪片, 药物_硫酸氢氯吡格雷片",0.6667,0.3333,"0,0,1"
疾病_陈旧性脑梗死,条件概率,"疾病_高血压, 药物_盐酸曲美他嗪片, 药物_硫酸氢氯吡格雷片",1.0000,0.0000,"0,1,0"
疾病_陈旧性脑梗死,条件概率,"疾病_高血压, 药物_盐酸曲美他嗪片, 药物_硫酸氢氯吡格雷片",0.2308,0.7692,"0,1,1"
疾病_陈旧性脑梗死,条件概率,"疾病_高血压, 药物_盐酸曲美他嗪片, 药物_硫酸氢氯吡格雷片",0.5000,0.5000,"1,0,0"
疾病_陈旧性脑梗死,条件概率,"疾病_高血压, 药物_盐酸曲美他嗪片, 药物_硫酸氢氯吡格雷片",0.5000,0.5000,"1,0,1"
疾病_陈旧性脑梗死,条件概率,"疾病_高血压, 药物_盐酸曲美他嗪片, 药物_硫酸氢氯吡格雷片",0.5000,0.5000,"1,1,0"
疾病_陈旧性脑梗死,条件概率,"疾病_高血压, 药物_盐酸曲美他嗪片, 药物_硫酸氢氯吡格雷片",0.5000,0.5000,"1,1,1"
疾病_贫血,条件概率,"检验_红细胞, 疾病_反流性食管炎, 检验_平均血红蛋白含量",0.9918,0.0082,"0,0,0"
疾病_贫血,条件概率,"检验_红细胞, 疾病_反流性食管炎, 检验_平均血红蛋白含量",0.8400,0.1600,"0,0,1"
疾病_贫血,条件概率,"检验_红细胞, 疾病_反流性食管炎, 检验_平均血红蛋白含量",0.9032,0.0968,"0,1,0"
疾病_贫血,条件概率,"检验_红细胞, 疾病_反流性食管炎, 检验_平均血红蛋白含量",0.6667,0.3333,"0,1,1"
疾病_贫血,条件概率,"检验_红细胞, 疾病_反流性食管炎, 检验_平均血红蛋白含量",0.9153,0.0847,"1,0,0"
疾病_贫血,条件概率,"检验_红细胞, 疾病_反流性食管炎, 检验_平均血红蛋白含量",0.6842,0.3158,"1,0,1"
疾病_贫血,条件概率,"检验_红细胞, 疾病_反流性食管炎, 检验_平均血红蛋白含量",0.6667,0.3333,"1,1,0"
疾病_贫血,条件概率,"检验_红细胞, 疾病_反流性食管炎, 检验_平均血红蛋白含量",1.0000,0.0000,"1,1,1"
疾病_老年性白内障,条件概率,"检验_大型血小板比率, 疾病_非毒性多个甲状腺结节, 疾病_颈总动脉斑块",0.9959,0.0041,"0,0,0"
疾病_老年性白内障,条件概率,"检验_大型血小板比率, 疾病_非毒性多个甲状腺结节, 疾病_颈总动脉斑块",1.0000,0.0000,"0,0,1"
疾病_老年性白内障,条件概率,"检验_大型血小板比率, 疾病_非毒性多个甲状腺结节, 疾病_颈总动脉斑块",0.9032,0.0968,"0,1,0"
疾病_老年性白内障,条件概率,"检验_大型血小板比率, 疾病_非毒性多个甲状腺结节, 疾病_颈总动脉斑块",0.0000,1.0000,"0,1,1"
疾病_老年性白内障,条件概率,"检验_大型血小板比率, 疾病_非毒性多个甲状腺结节, 疾病_颈总动脉斑块",1.0000,0.0000,"1,0,0"
疾病_老年性白内障,条件概率,"检验_大型血小板比率, 疾病_非毒性多个甲状腺结节, 疾病_颈总动脉斑块",0.0000,1.0000,"1,0,1"
疾病_老年性白内障,条件概率,"检验_大型血小板比率, 疾病_非毒性多个甲状腺结节, 疾病_颈总动脉斑块",1.0000,0.0000,"1,1,0"
疾病_老年性白内障,条件概率,"检验_大型血小板比率, 疾病_非毒性多个甲状腺结节, 疾病_颈总动脉斑块",0.5000,0.5000,"1,1,1"
疾病_不稳定性心绞痛,条件概率,"疾病_冠状动脉粥样硬化性心脏病, 疾病_心功能",1.0000,0.0000,"0,0"
疾病_不稳定性心绞痛,条件概率,"疾病_冠状动脉粥样硬化性心脏病, 疾病_心功能",1.0000,0.0000,"0,1"
疾病_不稳定性心绞痛,条件概率,"疾病_冠状动脉粥样硬化性心脏病, 疾病_心功能",0.8438,0.1562,"1,0"
疾病_不稳定性心绞痛,条件概率,"疾病_冠状动脉粥样硬化性心脏病, 疾病_心功能",0.4000,0.6000,"1,1"
疾病_慢性胃炎,条件概率,"疾病_动脉硬化, 疾病_医疗机构新收治患者及陪护人员, 检验_尿酸",0.9693,0.0307,"0,0,0"
疾病_慢性胃炎,条件概率,"疾病_动脉硬化, 疾病_医疗机构新收治患者及陪护人员, 检验_尿酸",1.0000,0.0000,"0,0,1"
疾病_慢性胃炎,条件概率,"疾病_动脉硬化, 疾病_医疗机构新收治患者及陪护人员, 检验_尿酸",0.8333,0.1667,"0,1,0"
疾病_慢性胃炎,条件概率,"疾病_动脉硬化, 疾病_医疗机构新收治患者及陪护人员, 检验_尿酸",0.5000,0.5000,"0,1,1"
疾病_慢性胃炎,条件概率,"疾病_动脉硬化, 疾病_医疗机构新收治患者及陪护人员, 检验_尿酸",0.8537,0.1463,"1,0,0"
疾病_慢性胃炎,条件概率,"疾病_动脉硬化, 疾病_医疗机构新收治患者及陪护人员, 检验_尿酸",1.0000,0.0000,"1,0,1"
疾病_慢性胃炎,条件概率,"疾病_动脉硬化, 疾病_医疗机构新收治患者及陪护人员, 检验_尿酸",0.0000,1.0000,"1,1,0"
疾病_慢性胃炎,条件概率,"疾病_动脉硬化, 疾病_医疗机构新收治患者及陪护人员, 检验_尿酸",0.0000,1.0000,"1,1,1"
疾病_颈椎病,边际概率,,0.9500,0.0500,无条件
疾病_糖尿病性周围血管病,条件概率,"疾病_糖尿病性周围神经病, 疾病_脂肪肝, 药物_琥珀酸亚铁片",1.0000,0.0000,"0,0,0"
疾病_糖尿病性周围血管病,条件概率,"疾病_糖尿病性周围神经病, 疾病_脂肪肝, 药物_琥珀酸亚铁片",1.0000,0.0000,"0,0,1"
疾病_糖尿病性周围血管病,条件概率,"疾病_糖尿病性周围神经病, 疾病_脂肪肝, 药物_琥珀酸亚铁片",0.9362,0.0638,"0,1,0"
疾病_糖尿病性周围血管病,条件概率,"疾病_糖尿病性周围神经病, 疾病_脂肪肝, 药物_琥珀酸亚铁片",0.0000,1.0000,"0,1,1"
疾病_糖尿病性周围血管病,条件概率,"疾病_糖尿病性周围神经病, 疾病_脂肪肝, 药物_琥珀酸亚铁片",0.6786,0.3214,"1,0,0"
疾病_糖尿病性周围血管病,条件概率,"疾病_糖尿病性周围神经病, 疾病_脂肪肝, 药物_琥珀酸亚铁片",1.0000,0.0000,"1,0,1"
疾病_糖尿病性周围血管病,条件概率,"疾病_糖尿病性周围神经病, 疾病_脂肪肝, 药物_琥珀酸亚铁片",0.3750,0.6250,"1,1,0"
疾病_糖尿病性周围血管病,条件概率,"疾病_糖尿病性周围神经病, 疾病_脂肪肝, 药物_琥珀酸亚铁片",0.0000,1.0000,"1,1,1"
疾病_肛乳头肥大,条件概率,疾病_混合痔,1.0000,0.0000,0
疾病_肛乳头肥大,条件概率,疾病_混合痔,0.6333,0.3667,1
疾病_医疗机构新收治患者及陪护人员,条件概率,"检验_大型血小板比率, 检验_嗜酸性粒细胞比率",0.9748,0.0252,"0,0"
疾病_医疗机构新收治患者及陪护人员,条件概率,"检验_大型血小板比率, 检验_嗜酸性粒细胞比率",1.0000,0.0000,"0,1"
疾病_医疗机构新收治患者及陪护人员,条件概率,"检验_大型血小板比率, 检验_嗜酸性粒细胞比率",1.0000,0.0000,"1,0"
疾病_医疗机构新收治患者及陪护人员,条件概率,"检验_大型血小板比率, 检验_嗜酸性粒细胞比率",0.3333,0.6667,"1,1"
疾病_血糖控制不佳,条件概率,"疾病_非毒性多个甲状腺结节, 疾病_糖尿病性周围血管病",0.9881,0.0119,"0,0"
疾病_血糖控制不佳,条件概率,"疾病_非毒性多个甲状腺结节, 疾病_糖尿病性周围血管病",0.9286,0.0714,"0,1"
疾病_血糖控制不佳,条件概率,"疾病_非毒性多个甲状腺结节, 疾病_糖尿病性周围血管病",1.0000,0.0000,"1,0"
疾病_血糖控制不佳,条件概率,"疾病_非毒性多个甲状腺结节, 疾病_糖尿病性周围血管病",0.0000,1.0000,"1,1"
疾病_糖尿病性视网膜病变,条件概率,"疾病_糖尿病性周围神经病, 疾病_脑梗死, 药物_碳酸钙片",1.0000,0.0000,"0,0,0"
疾病_糖尿病性视网膜病变,条件概率,"疾病_糖尿病性周围神经病, 疾病_脑梗死, 药物_碳酸钙片",1.0000,0.0000,"0,0,1"
疾病_糖尿病性视网膜病变,条件概率,"疾病_糖尿病性周围神经病, 疾病_脑梗死, 药物_碳酸钙片",1.0000,0.0000,"0,1,0"
疾病_糖尿病性视网膜病变,条件概率,"疾病_糖尿病性周围神经病, 疾病_脑梗死, 药物_碳酸钙片",0.0000,1.0000,"0,1,1"
疾病_糖尿病性视网膜病变,条件概率,"疾病_糖尿病性周围神经病, 疾病_脑梗死, 药物_碳酸钙片",0.8182,0.1818,"1,0,0"
疾病_糖尿病性视网膜病变,条件概率,"疾病_糖尿病性周围神经病, 疾病_脑梗死, 药物_碳酸钙片",0.0000,1.0000,"1,0,1"
疾病_糖尿病性视网膜病变,条件概率,"疾病_糖尿病性周围神经病, 疾病_脑梗死, 药物_碳酸钙片",1.0000,0.0000,"1,1,0"
疾病_糖尿病性视网膜病变,条件概率,"疾病_糖尿病性周围神经病, 疾病_脑梗死, 药物_碳酸钙片",0.5000,0.5000,"1,1,1"
疾病_结肠息肉,条件概率,"疾病_肝囊肿, 检验_球蛋白, 疾病_慢性胃炎",0.9854,0.0146,"0,0,0"
疾病_结肠息肉,条件概率,"疾病_肝囊肿, 检验_球蛋白, 疾病_慢性胃炎",0.6250,0.3750,"0,0,1"
疾病_结肠息肉,条件概率,"疾病_肝囊肿, 检验_球蛋白, 疾病_慢性胃炎",0.9420,0.0580,"0,1,0"
疾病_结肠息肉,条件概率,"疾病_肝囊肿, 检验_球蛋白, 疾病_慢性胃炎",1.0000,0.0000,"0,1,1"
疾病_结肠息肉,条件概率,"疾病_肝囊肿, 检验_球蛋白, 疾病_慢性胃炎",1.0000,0.0000,"1,0,0"
疾病_结肠息肉,条件概率,"疾病_肝囊肿, 检验_球蛋白, 疾病_慢性胃炎",0.5000,0.5000,"1,0,1"
疾病_结肠息肉,条件概率,"疾病_肝囊肿, 检验_球蛋白, 疾病_慢性胃炎",0.4000,0.6000,"1,1,0"
疾病_结肠息肉,条件概率,"疾病_肝囊肿, 检验_球蛋白, 疾病_慢性胃炎",1.0000,0.0000,"1,1,1"
疾病_肾性贫血,边际概率,,0.9800,0.0200,无条件
疾病_非毒性单个甲状腺结节,条件概率,"药物_阿卡波糖片, 检验_转肽酶, 检验_总胆红素",0.9890,0.0110,"0,0,0"
疾病_非毒性单个甲状腺结节,条件概率,"药物_阿卡波糖片, 检验_转肽酶, 检验_总胆红素",1.0000,0.0000,"0,0,1"
疾病_非毒性单个甲状腺结节,条件概率,"药物_阿卡波糖片, 检验_转肽酶, 检验_总胆红素",1.0000,0.0000,"0,1,0"
疾病_非毒性单个甲状腺结节,条件概率,"药物_阿卡波糖片, 检验_转肽酶, 检验_总胆红素",1.0000,0.0000,"0,1,1"
疾病_非毒性单个甲状腺结节,条件概率,"药物_阿卡波糖片, 检验_转肽酶, 检验_总胆红素",0.9773,0.0227,"1,0,0"
疾病_非毒性单个甲状腺结节,条件概率,"药物_阿卡波糖片, 检验_转肽酶, 检验_总胆红素",0.3333,0.6667,"1,0,1"
疾病_非毒性单个甲状腺结节,条件概率,"药物_阿卡波糖片, 检验_转肽酶, 检验_总胆红素",0.4000,0.6000,"1,1,0"
疾病_非毒性单个甲状腺结节,条件概率,"药物_阿卡波糖片, 检验_转肽酶, 检验_总胆红素",0.0000,1.0000,"1,1,1"
疾病_慢性支气管炎,条件概率,"疾病_高同型半胱氨酸血症, 疾病_心律失常",0.9924,0.0076,"0,0"
疾病_慢性支气管炎,条件概率,"疾病_高同型半胱氨酸血症, 疾病_心律失常",0.9259,0.0741,"0,1"
疾病_慢性支气管炎,条件概率,"疾病_高同型半胱氨酸血症, 疾病_心律失常",0.7143,0.2857,"1,0"
疾病_慢性支气管炎,条件概率,"疾病_高同型半胱氨酸血症, 疾病_心律失常",1.0000,0.0000,"1,1"
疾病_类风湿性关节炎,条件概率,"药物_骨化三醇胶丸, 检验_平均血红蛋白含量, 药物_单硝酸异山梨酯片",1.0000,0.0000,"0,0,0"
疾病_类风湿性关节炎,条件概率,"药物_骨化三醇胶丸, 检验_平均血红蛋白含量, 药物_单硝酸异山梨酯片",0.9167,0.0833,"0,0,1"
疾病_类风湿性关节炎,条件概率,"药物_骨化三醇胶丸, 检验_平均血红蛋白含量, 药物_单硝酸异山梨酯片",1.0000,0.0000,"0,1,0"
疾病_类风湿性关节炎,条件概率,"药物_骨化三醇胶丸, 检验_平均血红蛋白含量, 药物_单硝酸异山梨酯片",0.5000,0.5000,"0,1,1"
疾病_类风湿性关节炎,条件概率,"药物_骨化三醇胶丸, 检验_平均血红蛋白含量, 药物_单硝酸异山梨酯片",1.0000,0.0000,"1,0,0"
疾病_类风湿性关节炎,条件概率,"药物_骨化三醇胶丸, 检验_平均血红蛋白含量, 药物_单硝酸异山梨酯片",0.3333,0.6667,"1,0,1"
疾病_类风湿性关节炎,条件概率,"药物_骨化三醇胶丸, 检验_平均血红蛋白含量, 药物_单硝酸异山梨酯片",0.3333,0.6667,"1,1,0"
疾病_类风湿性关节炎,条件概率,"药物_骨化三醇胶丸, 检验_平均血红蛋白含量, 药物_单硝酸异山梨酯片",1.0000,0.0000,"1,1,1"
疾病_高同型半胱氨酸血症,边际概率,,0.9700,0.0300,无条件
药物_氯化钠注射液,条件概率,"药物_氯化钾注射液, 药物_肝素钠注射液",0.9375,0.0625,"0,0"
药物_氯化钠注射液,条件概率,"药物_氯化钾注射液, 药物_肝素钠注射液",0.0000,1.0000,"0,1"
药物_氯化钠注射液,条件概率,"药物_氯化钾注射液, 药物_肝素钠注射液",0.0000,1.0000,"1,0"
药物_氯化钠注射液,条件概率,"药物_氯化钾注射液, 药物_肝素钠注射液",0.0000,1.0000,"1,1"
药物_艾司唑仑片,条件概率,"疾病_肢体动脉硬化, 检验_单核细胞比率, 药物_螺内酯片",0.9561,0.0439,"0,0,0"
药物_艾司唑仑片,条件概率,"疾病_肢体动脉硬化, 检验_单核细胞比率, 药物_螺内酯片",0.9000,0.1000,"0,0,1"
药物_艾司唑仑片,条件概率,"疾病_肢体动脉硬化, 检验_单核细胞比率, 药物_螺内酯片",1.0000,0.0000,"0,1,0"
药物_艾司唑仑片,条件概率,"疾病_肢体动脉硬化, 检验_单核细胞比率, 药物_螺内酯片",0.0000,1.0000,"0,1,1"
药物_艾司唑仑片,条件概率,"疾病_肢体动脉硬化, 检验_单核细胞比率, 药物_螺内酯片",0.6250,0.3750,"1,0,0"
药物_艾司唑仑片,条件概率,"疾病_肢体动脉硬化, 检验_单核细胞比率, 药物_螺内酯片",1.0000,0.0000,"1,0,1"
药物_艾司唑仑片,条件概率,"疾病_肢体动脉硬化, 检验_单核细胞比率, 药物_螺内酯片",1.0000,0.0000,"1,1,0"
药物_艾司唑仑片,条件概率,"疾病_肢体动脉硬化, 检验_单核细胞比率, 药物_螺内酯片",1.0000,0.0000,"1,1,1"
药物_阿司匹林肠溶片,条件概率,疾病_高血压,0.7767,0.2233,0
药物_阿司匹林肠溶片,条件概率,疾病_高血压,0.5000,0.5000,1
药物_盐酸羟考酮缓释片,条件概率,"检验_碱性磷酸酶, 检验_直接胆红素",1.0000,0.0000,"0,0"
药物_盐酸羟考酮缓释片,条件概率,"检验_碱性磷酸酶, 检验_直接胆红素",0.9762,0.0238,"0,1"
药物_盐酸羟考酮缓释片,条件概率,"检验_碱性磷酸酶, 检验_直接胆红素",1.0000,0.0000,"1,0"
药物_盐酸羟考酮缓释片,条件概率,"检验_碱性磷酸酶, 检验_直接胆红素",0.5789,0.4211,"1,1"
药物_阿托伐他汀钙片,条件概率,"疾病_高脂血症, 药物_匹伐他汀钙片, 药物_阿司匹林肠溶片, 疾病_冠状动脉粥样硬化性心脏病",1.0000,0.0000,"0,0,0,0"
药物_阿托伐他汀钙片,条件概率,"疾病_高脂血症, 药物_匹伐他汀钙片, 药物_阿司匹林肠溶片, 疾病_冠状动脉粥样硬化性心脏病",0.9524,0.0476,"0,0,0,1"
药物_阿托伐他汀钙片,条件概率,"疾病_高脂血症, 药物_匹伐他汀钙片, 药物_阿司匹林肠溶片, 疾病_冠状动脉粥样硬化性心脏病",0.5000,0.5000,"0,0,1,0"
药物_阿托伐他汀钙片,条件概率,"疾病_高脂血症, 药物_匹伐他汀钙片, 药物_阿司匹林肠溶片, 疾病_冠状动脉粥样硬化性心脏病",0.8182,0.1818,"0,0,1,1"
药物_阿托伐他汀钙片,条件概率,"疾病_高脂血症, 药物_匹伐他汀钙片, 药物_阿司匹林肠溶片, 疾病_冠状动脉粥样硬化性心脏病",1.0000,0.0000,"0,1,0,0"
药物_阿托伐他汀钙片,条件概率,"疾病_高脂血症, 药物_匹伐他汀钙片, 药物_阿司匹林肠溶片, 疾病_冠状动脉粥样硬化性心脏病",0.5000,0.5000,"0,1,0,1"
药物_阿托伐他汀钙片,条件概率,"疾病_高脂血症, 药物_匹伐他汀钙片, 药物_阿司匹林肠溶片, 疾病_冠状动脉粥样硬化性心脏病",1.0000,0.0000,"0,1,1,0"
药物_阿托伐他汀钙片,条件概率,"疾病_高脂血症, 药物_匹伐他汀钙片, 药物_阿司匹林肠溶片, 疾病_冠状动脉粥样硬化性心脏病",0.5000,0.5000,"0,1,1,1"
药物_阿托伐他汀钙片,条件概率,"疾病_高脂血症, 药物_匹伐他汀钙片, 药物_阿司匹林肠溶片, 疾病_冠状动脉粥样硬化性心脏病",0.7818,0.2182,"1,0,0,0"
药物_阿托伐他汀钙片,条件概率,"疾病_高脂血症, 药物_匹伐他汀钙片, 药物_阿司匹林肠溶片, 疾病_冠状动脉粥样硬化性心脏病",0.5500,0.4500,"1,0,0,1"
药物_阿托伐他汀钙片,条件概率,"疾病_高脂血症, 药物_匹伐他汀钙片, 药物_阿司匹林肠溶片, 疾病_冠状动脉粥样硬化性心脏病",0.6429,0.3571,"1,0,1,0"
药物_阿托伐他汀钙片,条件概率,"疾病_高脂血症, 药物_匹伐他汀钙片, 药物_阿司匹林肠溶片, 疾病_冠状动脉粥样硬化性心脏病",0.1667,0.8333,"1,0,1,1"
药物_阿托伐他汀钙片,条件概率,"疾病_高脂血症, 药物_匹伐他汀钙片, 药物_阿司匹林肠溶片, 疾病_冠状动脉粥样硬化性心脏病",1.0000,0.0000,"1,1,0,0"
药物_阿托伐他汀钙片,条件概率,"疾病_高脂血症, 药物_匹伐他汀钙片, 药物_阿司匹林肠溶片, 疾病_冠状动脉粥样硬化性心脏病",1.0000,0.0000,"1,1,0,1"
药物_阿托伐他汀钙片,条件概率,"疾病_高脂血症, 药物_匹伐他汀钙片, 药物_阿司匹林肠溶片, 疾病_冠状动脉粥样硬化性心脏病",1.0000,0.0000,"1,1,1,0"
药物_阿托伐他汀钙片,条件概率,"疾病_高脂血症, 药物_匹伐他汀钙片, 药物_阿司匹林肠溶片, 疾病_冠状动脉粥样硬化性心脏病",1.0000,0.0000,"1,1,1,1"
药物_苯磺酸氨氯地平片,条件概率,"疾病_高血压, 检验_中性粒细胞数量",0.8980,0.1020,"0,0"
药物_苯磺酸氨氯地平片,条件概率,"疾病_高血压, 检验_中性粒细胞数量",1.0000,0.0000,"0,1"
药物_苯磺酸氨氯地平片,条件概率,"疾病_高血压, 检验_中性粒细胞数量",0.5000,0.5000,"1,0"
药物_苯磺酸氨氯地平片,条件概率,"疾病_高血压, 检验_中性粒细胞数量",0.5000,0.5000,"1,1"
药物_阿卡波糖片,条件概率,"疾病_糖尿病, 药物_二羟丙茶碱注射液, 药物_盐酸曲美他嗪片",1.0000,0.0000,"0,0,0"
药物_阿卡波糖片,条件概率,"疾病_糖尿病, 药物_二羟丙茶碱注射液, 药物_盐酸曲美他嗪片",0.6667,0.3333,"0,0,1"
药物_阿卡波糖片,条件概率,"疾病_糖尿病, 药物_二羟丙茶碱注射液, 药物_盐酸曲美他嗪片",0.0000,1.0000,"0,1,0"
药物_阿卡波糖片,条件概率,"疾病_糖尿病, 药物_二羟丙茶碱注射液, 药物_盐酸曲美他嗪片",0.5000,0.5000,"0,1,1"
药物_阿卡波糖片,条件概率,"疾病_糖尿病, 药物_二羟丙茶碱注射液, 药物_盐酸曲美他嗪片",0.7344,0.2656,"1,0,0"
药物_阿卡波糖片,条件概率,"疾病_糖尿病, 药物_二羟丙茶碱注射液, 药物_盐酸曲美他嗪片",0.1538,0.8462,"1,0,1"
药物_阿卡波糖片,条件概率,"疾病_糖尿病, 药物_二羟丙茶碱注射液, 药物_盐酸曲美他嗪片",0.0000,1.0000,"1,1,0"
药物_阿卡波糖片,条件概率,"疾病_糖尿病, 药物_二羟丙茶碱注射液, 药物_盐酸曲美他嗪片",0.5000,0.5000,"1,1,1"
药物_碳酸钙片,条件概率,"药物_骨化三醇胶丸, 疾病_重度骨质疏松, 检验_葡萄糖, 检验_磷",1.0000,0.0000,"0,0,0,0"
药物_碳酸钙片,条件概率,"药物_骨化三醇胶丸, 疾病_重度骨质疏松, 检验_葡萄糖, 检验_磷",1.0000,0.0000,"0,0,0,1"
药物_碳酸钙片,条件概率,"药物_骨化三醇胶丸, 疾病_重度骨质疏松, 检验_葡萄糖, 检验_磷",0.9914,0.0086,"0,0,1,0"
药物_碳酸钙片,条件概率,"药物_骨化三醇胶丸, 疾病_重度骨质疏松, 检验_葡萄糖, 检验_磷",0.8947,0.1053,"0,0,1,1"
药物_碳酸钙片,条件概率,"药物_骨化三醇胶丸, 疾病_重度骨质疏松, 检验_葡萄糖, 检验_磷",0.3333,0.6667,"0,1,0,0"
药物_碳酸钙片,条件概率,"药物_骨化三醇胶丸, 疾病_重度骨质疏松, 检验_葡萄糖, 检验_磷",0.0000,1.0000,"0,1,0,1"
药物_碳酸钙片,条件概率,"药物_骨化三醇胶丸, 疾病_重度骨质疏松, 检验_葡萄糖, 检验_磷",1.0000,0.0000,"0,1,1,0"
药物_碳酸钙片,条件概率,"药物_骨化三醇胶丸, 疾病_重度骨质疏松, 检验_葡萄糖, 检验_磷",1.0000,0.0000,"0,1,1,1"
药物_碳酸钙片,条件概率,"药物_骨化三醇胶丸, 疾病_重度骨质疏松, 检验_葡萄糖, 检验_磷",0.6667,0.3333,"1,0,0,0"
药物_碳酸钙片,条件概率,"药物_骨化三醇胶丸, 疾病_重度骨质疏松, 检验_葡萄糖, 检验_磷",0.5000,0.5000,"1,0,0,1"
药物_碳酸钙片,条件概率,"药物_骨化三醇胶丸, 疾病_重度骨质疏松, 检验_葡萄糖, 检验_磷",0.0000,1.0000,"1,0,1,0"
药物_碳酸钙片,条件概率,"药物_骨化三醇胶丸, 疾病_重度骨质疏松, 检验_葡萄糖, 检验_磷",1.0000,0.0000,"1,0,1,1"
药物_碳酸钙片,条件概率,"药物_骨化三醇胶丸, 疾病_重度骨质疏松, 检验_葡萄糖, 检验_磷",0.6667,0.3333,"1,1,0,0"
药物_碳酸钙片,条件概率,"药物_骨化三醇胶丸, 疾病_重度骨质疏松, 检验_葡萄糖, 检验_磷",0.0000,1.0000,"1,1,0,1"
药物_碳酸钙片,条件概率,"药物_骨化三醇胶丸, 疾病_重度骨质疏松, 检验_葡萄糖, 检验_磷",1.0000,0.0000,"1,1,1,0"
药物_碳酸钙片,条件概率,"药物_骨化三醇胶丸, 疾病_重度骨质疏松, 检验_葡萄糖, 检验_磷",0.0000,1.0000,"1,1,1,1"
药物_硫酸氢氯吡格雷片,条件概率,"药物_盐酸曲美他嗪片, 疾病_陈旧性脑梗死, 药物_阿托伐他汀钙片",0.9740,0.0260,"0,0,0"
药物_硫酸氢氯吡格雷片,条件概率,"药物_盐酸曲美他嗪片, 疾病_陈旧性脑梗死, 药物_阿托伐他汀钙片",0.7949,0.2051,"0,0,1"
药物_硫酸氢氯吡格雷片,条件概率,"药物_盐酸曲美他嗪片, 疾病_陈旧性脑梗死, 药物_阿托伐他汀钙片",0.6667,0.3333,"0,1,0"
药物_硫酸氢氯吡格雷片,条件概率,"药物_盐酸曲美他嗪片, 疾病_陈旧性脑梗死, 药物_阿托伐他汀钙片",0.2000,0.8000,"0,1,1"
药物_硫酸氢氯吡格雷片,条件概率,"药物_盐酸曲美他嗪片, 疾病_陈旧性脑梗死, 药物_阿托伐他汀钙片",0.5000,0.5000,"1,0,0"
药物_硫酸氢氯吡格雷片,条件概率,"药物_盐酸曲美他嗪片, 疾病_陈旧性脑梗死, 药物_阿托伐他汀钙片",0.5000,0.5000,"1,0,1"
药物_硫酸氢氯吡格雷片,条件概率,"药物_盐酸曲美他嗪片, 疾病_陈旧性脑梗死, 药物_阿托伐他汀钙片",0.0000,1.0000,"1,1,0"
药物_硫酸氢氯吡格雷片,条件概率,"药物_盐酸曲美他嗪片, 疾病_陈旧性脑梗死, 药物_阿托伐他汀钙片",0.0000,1.0000,"1,1,1"
药物_肝素钠注射液,条件概率,"疾病_脑梗死, 药物_盐酸氨溴索注射液",1.0000,0.0000,"0,0"
药物_肝素钠注射液,条件概率,"疾病_脑梗死, 药物_盐酸氨溴索注射液",0.6667,0.3333,"0,1"
药物_肝素钠注射液,条件概率,"疾病_脑梗死, 药物_盐酸氨溴索注射液",0.9375,0.0625,"1,0"
药物_肝素钠注射液,条件概率,"疾病_脑梗死, 药物_盐酸氨溴索注射液",0.0000,1.0000,"1,1"
药物_酒石酸美托洛尔片,条件概率,"药物_螺内酯片, 药物_二羟丙茶碱注射液, 药物_骨化三醇胶丸",0.9654,0.0346,"0,0,0"
药物_酒石酸美托洛尔片,条件概率,"药物_螺内酯片, 药物_二羟丙茶碱注射液, 药物_骨化三醇胶丸",0.6875,0.3125,"0,0,1"
药物_酒石酸美托洛尔片,条件概率,"药物_螺内酯片, 药物_二羟丙茶碱注射液, 药物_骨化三醇胶丸",0.3750,0.6250,"0,1,0"
药物_酒石酸美托洛尔片,条件概率,"药物_螺内酯片, 药物_二羟丙茶碱注射液, 药物_骨化三醇胶丸",0.5000,0.5000,"0,1,1"
药物_酒石酸美托洛尔片,条件概率,"药物_螺内酯片, 药物_二羟丙茶碱注射液, 药物_骨化三醇胶丸",0.5385,0.4615,"1,0,0"
药物_酒石酸美托洛尔片,条件概率,"药物_螺内酯片, 药物_二羟丙茶碱注射液, 药物_骨化三醇胶丸",0.0000,1.0000,"1,0,1"
药物_酒石酸美托洛尔片,条件概率,"药物_螺内酯片, 药物_二羟丙茶碱注射液, 药物_骨化三醇胶丸",0.5000,0.5000,"1,1,0"
药物_酒石酸美托洛尔片,条件概率,"药物_螺内酯片, 药物_二羟丙茶碱注射液, 药物_骨化三醇胶丸",0.5000,0.5000,"1,1,1"
药物_单硝酸异山梨酯片,条件概率,"疾病_冠状动脉粥样硬化性心脏病, 药物_硫酸氢氯吡格雷片",0.9953,0.0047,"0,0"
药物_单硝酸异山梨酯片,条件概率,"疾病_冠状动脉粥样硬化性心脏病, 药物_硫酸氢氯吡格雷片",1.0000,0.0000,"0,1"
药物_单硝酸异山梨酯片,条件概率,"疾病_冠状动脉粥样硬化性心脏病, 药物_硫酸氢氯吡格雷片",0.8824,0.1176,"1,0"
药物_单硝酸异山梨酯片,条件概率,"疾病_冠状动脉粥样硬化性心脏病, 药物_硫酸氢氯吡格雷片",0.5652,0.4348,"1,1"
药物_地西泮片,边际概率,,0.9467,0.0533,无条件
药物_骨化三醇胶丸,条件概率,"疾病_重度骨质疏松, 检验_转肽酶, 疾病_肾性贫血, 药物_碳酸钙片",0.9910,0.0090,"0,0,0,0"
药物_骨化三醇胶丸,条件概率,"疾病_重度骨质疏松, 检验_转肽酶, 疾病_肾性贫血, 药物_碳酸钙片",0.5000,0.5000,"0,0,0,1"
药物_骨化三醇胶丸,条件概率,"疾病_重度骨质疏松, 检验_转肽酶, 疾病_肾性贫血, 药物_碳酸钙片",1.0000,0.0000,"0,0,1,0"
药物_骨化三醇胶丸,条件概率,"疾病_重度骨质疏松, 检验_转肽酶, 疾病_肾性贫血, 药物_碳酸钙片",0.0000,1.0000,"0,0,1,1"
药物_骨化三醇胶丸,条件概率,"疾病_重度骨质疏松, 检验_转肽酶, 疾病_肾性贫血, 药物_碳酸钙片",0.9792,0.0208,"0,1,0,0"
药物_骨化三醇胶丸,条件概率,"疾病_重度骨质疏松, 检验_转肽酶, 疾病_肾性贫血, 药物_碳酸钙片",1.0000,0.0000,"0,1,0,1"
药物_骨化三醇胶丸,条件概率,"疾病_重度骨质疏松, 检验_转肽酶, 疾病_肾性贫血, 药物_碳酸钙片",0.0000,1.0000,"0,1,1,0"
药物_骨化三醇胶丸,条件概率,"疾病_重度骨质疏松, 检验_转肽酶, 疾病_肾性贫血, 药物_碳酸钙片",0.5000,0.5000,"0,1,1,1"
药物_骨化三醇胶丸,条件概率,"疾病_重度骨质疏松, 检验_转肽酶, 疾病_肾性贫血, 药物_碳酸钙片",0.2000,0.8000,"1,0,0,0"
药物_骨化三醇胶丸,条件概率,"疾病_重度骨质疏松, 检验_转肽酶, 疾病_肾性贫血, 药物_碳酸钙片",0.3333,0.6667,"1,0,0,1"
药物_骨化三醇胶丸,条件概率,"疾病_重度骨质疏松, 检验_转肽酶, 疾病_肾性贫血, 药物_碳酸钙片",0.5000,0.5000,"1,0,1,0"
药物_骨化三醇胶丸,条件概率,"疾病_重度骨质疏松, 检验_转肽酶, 疾病_肾性贫血, 药物_碳酸钙片",0.5000,0.5000,"1,0,1,1"
药物_骨化三醇胶丸,条件概率,"疾病_重度骨质疏松, 检验_转肽酶, 疾病_肾性贫血, 药物_碳酸钙片",1.0000,0.0000,"1,1,0,0"
药物_骨化三醇胶丸,条件概率,"疾病_重度骨质疏松, 检验_转肽酶, 疾病_肾性贫血, 药物_碳酸钙片",1.0000,0.0000,"1,1,0,1"
药物_骨化三醇胶丸,条件概率,"疾病_重度骨质疏松, 检验_转肽酶, 疾病_肾性贫血, 药物_碳酸钙片",0.5000,0.5000,"1,1,1,0"
药物_骨化三醇胶丸,条件概率,"疾病_重度骨质疏松, 检验_转肽酶, 疾病_肾性贫血, 药物_碳酸钙片",0.5000,0.5000,"1,1,1,1"
药物_头孢地尼分散片,条件概率,疾病_混合痔,0.9593,0.0407,0
药物_头孢地尼分散片,条件概率,疾病_混合痔,0.6333,0.3667,1
药物_叶酸片,条件概率,"疾病_高同型半胱氨酸血症, 药物_琥珀酸亚铁片",0.9892,0.0108,"0,0"
药物_叶酸片,条件概率,"疾病_高同型半胱氨酸血症, 药物_琥珀酸亚铁片",0.5000,0.5000,"0,1"
药物_叶酸片,条件概率,"疾病_高同型半胱氨酸血症, 药物_琥珀酸亚铁片",0.4444,0.5556,"1,0"
药物_叶酸片,条件概率,"疾病_高同型半胱氨酸血症, 药物_琥珀酸亚铁片",0.5000,0.5000,"1,1"
药物_硝苯地平控释片,条件概率,"疾病_高血压, 疾病_高尿酸血症, 检验_嗜酸性粒细胞比率",0.9393,0.0607,"0,0,0"
药物_硝苯地平控释片,条件概率,"疾病_高血压, 疾病_高尿酸血症, 检验_嗜酸性粒细胞比率",0.9787,0.0213,"0,0,1"
药物_硝苯地平控释片,条件概率,"疾病_高血压, 疾病_高尿酸血症, 检验_嗜酸性粒细胞比率",0.5938,0.4062,"0,1,0"
药物_硝苯地平控释片,条件概率,"疾病_高血压, 疾病_高尿酸血症, 检验_嗜酸性粒细胞比率",0.8571,0.1429,"0,1,1"
药物_硝苯地平控释片,条件概率,"疾病_高血压, 疾病_高尿酸血症, 检验_嗜酸性粒细胞比率",0.5000,0.5000,"1,0,0"
药物_硝苯地平控释片,条件概率,"疾病_高血压, 疾病_高尿酸血症, 检验_嗜酸性粒细胞比率",0.5000,0.5000,"1,0,1"
药物_硝苯地平控释片,条件概率,"疾病_高血压, 疾病_高尿酸血症, 检验_嗜酸性粒细胞比率",0.5000,0.5000,"1,1,0"
药物_硝苯地平控释片,条件概率,"疾病_高血压, 疾病_高尿酸血症, 检验_嗜酸性粒细胞比率",0.5000,0.5000,"1,1,1"
药物_重组人促红素注射液,条件概率,检验_钠,0.9959,0.0041,0
药物_重组人促红素注射液,条件概率,检验_钠,0.8103,0.1897,1
药物_磷酸可待因片,条件概率,药物_地西泮片,1.0000,0.0000,0
药物_磷酸可待因片,条件概率,药物_地西泮片,0.9375,0.0625,1
药物_富马酸比索洛尔片,条件概率,"疾病_高血压, 药物_二羟丙茶碱注射液, 药物_酒石酸美托洛尔片",0.8699,0.1301,"0,0,0"
药物_富马酸比索洛尔片,条件概率,"疾病_高血压, 药物_二羟丙茶碱注射液, 药物_酒石酸美托洛尔片",1.0000,0.0000,"0,0,1"
药物_富马酸比索洛尔片,条件概率,"疾病_高血压, 药物_二羟丙茶碱注射液, 药物_酒石酸美托洛尔片",0.0000,1.0000,"0,1,0"
药物_富马酸比索洛尔片,条件概率,"疾病_高血压, 药物_二羟丙茶碱注射液, 药物_酒石酸美托洛尔片",0.8000,0.2000,"0,1,1"
药物_富马酸比索洛尔片,条件概率,"疾病_高血压, 药物_二羟丙茶碱注射液, 药物_酒石酸美托洛尔片",0.5000,0.5000,"1,0,0"
药物_富马酸比索洛尔片,条件概率,"疾病_高血压, 药物_二羟丙茶碱注射液, 药物_酒石酸美托洛尔片",0.5000,0.5000,"1,0,1"
药物_富马酸比索洛尔片,条件概率,"疾病_高血压, 药物_二羟丙茶碱注射液, 药物_酒石酸美托洛尔片",0.5000,0.5000,"1,1,0"
药物_富马酸比索洛尔片,条件概率,"疾病_高血压, 药物_二羟丙茶碱注射液, 药物_酒石酸美托洛尔片",0.5000,0.5000,"1,1,1"
药物_甲钴胺分散片,条件概率,"疾病_糖尿病, 药物_叶酸片",0.9867,0.0133,"0,0"
药物_甲钴胺分散片,条件概率,"疾病_糖尿病, 药物_叶酸片",1.0000,0.0000,"0,1"
药物_甲钴胺分散片,条件概率,"疾病_糖尿病, 药物_叶酸片",0.8824,0.1176,"1,0"
药物_甲钴胺分散片,条件概率,"疾病_糖尿病, 药物_叶酸片",0.3636,0.6364,"1,1"
药物_琥珀酸亚铁片,条件概率,"疾病_反流性食管炎, 疾病_贫血, 药物_叶酸片, 疾病_肾性贫血",0.9949,0.0051,"0,0,0,0"
药物_琥珀酸亚铁片,条件概率,"疾病_反流性食管炎, 疾病_贫血, 药物_叶酸片, 疾病_肾性贫血",1.0000,0.0000,"0,0,0,1"
药物_琥珀酸亚铁片,条件概率,"疾病_反流性食管炎, 疾病_贫血, 药物_叶酸片, 疾病_肾性贫血",0.8333,0.1667,"0,0,1,0"
药物_琥珀酸亚铁片,条件概率,"疾病_反流性食管炎, 疾病_贫血, 药物_叶酸片, 疾病_肾性贫血",0.0000,1.0000,"0,0,1,1"
药物_琥珀酸亚铁片,条件概率,"疾病_反流性食管炎, 疾病_贫血, 药物_叶酸片, 疾病_肾性贫血",0.7143,0.2857,"0,1,0,0"
药物_琥珀酸亚铁片,条件概率,"疾病_反流性食管炎, 疾病_贫血, 药物_叶酸片, 疾病_肾性贫血",0.5000,0.5000,"0,1,0,1"
药物_琥珀酸亚铁片,条件概率,"疾病_反流性食管炎, 疾病_贫血, 药物_叶酸片, 疾病_肾性贫血",0.0000,1.0000,"0,1,1,0"
药物_琥珀酸亚铁片,条件概率,"疾病_反流性食管炎, 疾病_贫血, 药物_叶酸片, 疾病_肾性贫血",0.5000,0.5000,"0,1,1,1"
药物_琥珀酸亚铁片,条件概率,"疾病_反流性食管炎, 疾病_贫血, 药物_叶酸片, 疾病_肾性贫血",0.9818,0.0182,"1,0,0,0"
药物_琥珀酸亚铁片,条件概率,"疾病_反流性食管炎, 疾病_贫血, 药物_叶酸片, 疾病_肾性贫血",0.5000,0.5000,"1,0,0,1"
药物_琥珀酸亚铁片,条件概率,"疾病_反流性食管炎, 疾病_贫血, 药物_叶酸片, 疾病_肾性贫血",1.0000,0.0000,"1,0,1,0"
药物_琥珀酸亚铁片,条件概率,"疾病_反流性食管炎, 疾病_贫血, 药物_叶酸片, 疾病_肾性贫血",0.0000,1.0000,"1,0,1,1"
药物_琥珀酸亚铁片,条件概率,"疾病_反流性食管炎, 疾病_贫血, 药物_叶酸片, 疾病_肾性贫血",1.0000,0.0000,"1,1,0,0"
药物_琥珀酸亚铁片,条件概率,"疾病_反流性食管炎, 疾病_贫血, 药物_叶酸片, 疾病_肾性贫血",0.5000,0.5000,"1,1,0,1"
药物_琥珀酸亚铁片,条件概率,"疾病_反流性食管炎, 疾病_贫血, 药物_叶酸片, 疾病_肾性贫血",1.0000,0.0000,"1,1,1,0"
药物_琥珀酸亚铁片,条件概率,"疾病_反流性食管炎, 疾病_贫血, 药物_叶酸片, 疾病_肾性贫血",0.5000,0.5000,"1,1,1,1"
药物_盐酸氨溴索注射液,条件概率,药物_氯化钾注射液,1.0000,0.0000,0
药物_盐酸氨溴索注射液,条件概率,药物_氯化钾注射液,0.0909,0.9091,1
药物_葡萄糖注射液,条件概率,"疾病_肺部感染, 药物_氯化钠注射液, 检验_氯",1.0000,0.0000,"0,0,0"
药物_葡萄糖注射液,条件概率,"疾病_肺部感染, 药物_氯化钠注射液, 检验_氯",1.0000,0.0000,"0,0,1"
药物_葡萄糖注射液,条件概率,"疾病_肺部感染, 药物_氯化钠注射液, 检验_氯",1.0000,0.0000,"0,1,0"
药物_葡萄糖注射液,条件概率,"疾病_肺部感染, 药物_氯化钠注射液, 检验_氯",0.5000,0.5000,"0,1,1"
药物_葡萄糖注射液,条件概率,"疾病_肺部感染, 药物_氯化钠注射液, 检验_氯",1.0000,0.0000,"1,0,0"
药物_葡萄糖注射液,条件概率,"疾病_肺部感染, 药物_氯化钠注射液, 检验_氯",1.0000,0.0000,"1,0,1"
药物_葡萄糖注射液,条件概率,"疾病_肺部感染, 药物_氯化钠注射液, 检验_氯",0.5556,0.4444,"1,1,0"
药物_葡萄糖注射液,条件概率,"疾病_肺部感染, 药物_氯化钠注射液, 检验_氯",0.0000,1.0000,"1,1,1"
药物_盐酸布桂嗪注射液,条件概率,"药物_盐酸羟考酮缓释片, 药物_盐酸吗啡注射液",0.9931,0.0069,"0,0"
药物_盐酸布桂嗪注射液,条件概率,"药物_盐酸羟考酮缓释片, 药物_盐酸吗啡注射液",0.0000,1.0000,"0,1"
药物_盐酸布桂嗪注射液,条件概率,"药物_盐酸羟考酮缓释片, 药物_盐酸吗啡注射液",0.4286,0.5714,"1,0"
药物_盐酸布桂嗪注射液,条件概率,"药物_盐酸羟考酮缓释片, 药物_盐酸吗啡注射液",1.0000,0.0000,"1,1"
药物_佐匹克隆片,条件概率,检验_平均血红蛋白浓度,0.9962,0.0038,0
药物_佐匹克隆片,条件概率,检验_平均血红蛋白浓度,0.9231,0.0769,1
药物_螺内酯片,条件概率,药物_呋塞米片,0.9860,0.0140,0
药物_螺内酯片,条件概率,药物_呋塞米片,0.1429,0.8571,1
药物_氯化钾注射液,条件概率,检验_白球比,1.0000,0.0000,0
药物_氯化钾注射液,条件概率,检验_白球比,0.7925,0.2075,1
药物_裸花紫珠分散片,条件概率,"疾病_混合痔, 药物_单硝酸异山梨酯缓释片",1.0000,0.0000,"0,0"
药物_裸花紫珠分散片,条件概率,"疾病_混合痔, 药物_单硝酸异山梨酯缓释片",0.5000,0.5000,"0,1"
药物_裸花紫珠分散片,条件概率,"疾病_混合痔, 药物_单硝酸异山梨酯缓释片",0.5172,0.4828,"1,0"
药物_裸花紫珠分散片,条件概率,"疾病_混合痔, 药物_单硝酸异山梨酯缓释片",0.0000,1.0000,"1,1"
药物_碳酸氢钠片,条件概率,"疾病_肾性贫血, 疾病_高尿酸血症, 检验_红细胞压积",0.9961,0.0039,"0,0,0"
药物_碳酸氢钠片,条件概率,"疾病_肾性贫血, 疾病_高尿酸血症, 检验_红细胞压积",0.5000,0.5000,"0,0,1"
药物_碳酸氢钠片,条件概率,"疾病_肾性贫血, 疾病_高尿酸血症, 检验_红细胞压积",0.7568,0.2432,"0,1,0"
药物_碳酸氢钠片,条件概率,"疾病_肾性贫血, 疾病_高尿酸血症, 检验_红细胞压积",0.5000,0.5000,"0,1,1"
药物_碳酸氢钠片,条件概率,"疾病_肾性贫血, 疾病_高尿酸血症, 检验_红细胞压积",0.2500,0.7500,"1,0,0"
药物_碳酸氢钠片,条件概率,"疾病_肾性贫血, 疾病_高尿酸血症, 检验_红细胞压积",0.5000,0.5000,"1,0,1"
药物_碳酸氢钠片,条件概率,"疾病_肾性贫血, 疾病_高尿酸血症, 检验_红细胞压积",0.5000,0.5000,"1,1,0"
药物_碳酸氢钠片,条件概率,"疾病_肾性贫血, 疾病_高尿酸血症, 检验_红细胞压积",0.5000,0.5000,"1,1,1"
药物_盐酸二甲双胍片,条件概率,"疾病_糖尿病, 疾病_高血压, 疾病_胆囊结石",1.0000,0.0000,"0,0,0"
药物_盐酸二甲双胍片,条件概率,"疾病_糖尿病, 疾病_高血压, 疾病_胆囊结石",1.0000,0.0000,"0,0,1"
药物_盐酸二甲双胍片,条件概率,"疾病_糖尿病, 疾病_高血压, 疾病_胆囊结石",0.5000,0.5000,"0,1,0"
药物_盐酸二甲双胍片,条件概率,"疾病_糖尿病, 疾病_高血压, 疾病_胆囊结石",0.5000,0.5000,"0,1,1"
药物_盐酸二甲双胍片,条件概率,"疾病_糖尿病, 疾病_高血压, 疾病_胆囊结石",0.8770,0.1230,"1,0,0"
药物_盐酸二甲双胍片,条件概率,"疾病_糖尿病, 疾病_高血压, 疾病_胆囊结石",0.5600,0.4400,"1,0,1"
药物_盐酸二甲双胍片,条件概率,"疾病_糖尿病, 疾病_高血压, 疾病_胆囊结石",0.5000,0.5000,"1,1,0"
药物_盐酸二甲双胍片,条件概率,"疾病_糖尿病, 疾病_高血压, 疾病_胆囊结石",0.5000,0.5000,"1,1,1"
药物_二羟丙茶碱注射液,条件概率,"药物_盐酸氨溴索注射液, 检验_白细胞",1.0000,0.0000,"0,0"
药物_二羟丙茶碱注射液,条件概率,"药物_盐酸氨溴索注射液, 检验_白细胞",1.0000,0.0000,"0,1"
药物_二羟丙茶碱注射液,条件概率,"药物_盐酸氨溴索注射液, 检验_白细胞",0.0000,1.0000,"1,0"
药物_二羟丙茶碱注射液,条件概率,"药物_盐酸氨溴索注射液, 检验_白细胞",1.0000,0.0000,"1,1"
药物_硝苯地平缓释片,条件概率,"药物_盐酸羟考酮缓释片, 药物_酒石酸美托洛尔片, 药物_富马酸比索洛尔片",0.9870,0.0130,"0,0,0"
药物_硝苯地平缓释片,条件概率,"药物_盐酸羟考酮缓释片, 药物_酒石酸美托洛尔片, 药物_富马酸比索洛尔片",0.9697,0.0303,"0,0,1"
药物_硝苯地平缓释片,条件概率,"药物_盐酸羟考酮缓释片, 药物_酒石酸美托洛尔片, 药物_富马酸比索洛尔片",0.8889,0.1111,"0,1,0"
药物_硝苯地平缓释片,条件概率,"药物_盐酸羟考酮缓释片, 药物_酒石酸美托洛尔片, 药物_富马酸比索洛尔片",0.0000,1.0000,"0,1,1"
药物_硝苯地平缓释片,条件概率,"药物_盐酸羟考酮缓释片, 药物_酒石酸美托洛尔片, 药物_富马酸比索洛尔片",1.0000,0.0000,"1,0,0"
药物_硝苯地平缓释片,条件概率,"药物_盐酸羟考酮缓释片, 药物_酒石酸美托洛尔片, 药物_富马酸比索洛尔片",0.0000,1.0000,"1,0,1"
药物_硝苯地平缓释片,条件概率,"药物_盐酸羟考酮缓释片, 药物_酒石酸美托洛尔片, 药物_富马酸比索洛尔片",0.5000,0.5000,"1,1,0"
药物_硝苯地平缓释片,条件概率,"药物_盐酸羟考酮缓释片, 药物_酒石酸美托洛尔片, 药物_富马酸比索洛尔片",0.5000,0.5000,"1,1,1"
药物_贞芪扶正,条件概率,"疾病_反流性食管炎, 疾病_高血压",0.9644,0.0356,"0,0"
药物_贞芪扶正,条件概率,"疾病_反流性食管炎, 疾病_高血压",0.5000,0.5000,"0,1"
药物_贞芪扶正,条件概率,"疾病_反流性食管炎, 疾病_高血压",0.7467,0.2533,"1,0"
药物_贞芪扶正,条件概率,"疾病_反流性食管炎, 疾病_高血压",0.5000,0.5000,"1,1"
药物_劳拉西泮片,条件概率,"疾病_腔隙性脑梗死, 检验_尿酸",0.9840,0.0160,"0,0"
药物_劳拉西泮片,条件概率,"疾病_腔隙性脑梗死, 检验_尿酸",1.0000,0.0000,"0,1"
药物_劳拉西泮片,条件概率,"疾病_腔隙性脑梗死, 检验_尿酸",0.9565,0.0435,"1,0"
药物_劳拉西泮片,条件概率,"疾病_腔隙性脑梗死, 检验_尿酸",0.5000,0.5000,"1,1"
药物_单硝酸异山梨酯缓释片,条件概率,检验_氯,0.9963,0.0037,0
药物_单硝酸异山梨酯缓释片,条件概率,检验_氯,0.9375,0.0625,1
药物_盐酸曲美他嗪片,条件概率,"疾病_冠状动脉粥样硬化性心脏病, 疾病_不稳定性心绞痛, 药物_硫酸氢氯吡格雷片",1.0000,0.0000,"0,0,0"
药物_盐酸曲美他嗪片,条件概率,"疾病_冠状动脉粥样硬化性心脏病, 疾病_不稳定性心绞痛, 药物_硫酸氢氯吡格雷片",1.0000,0.0000,"0,0,1"
药物_盐酸曲美他嗪片,条件概率,"疾病_冠状动脉粥样硬化性心脏病, 疾病_不稳定性心绞痛, 药物_硫酸氢氯吡格雷片",0.5000,0.5000,"0,1,0"
药物_盐酸曲美他嗪片,条件概率,"疾病_冠状动脉粥样硬化性心脏病, 疾病_不稳定性心绞痛, 药物_硫酸氢氯吡格雷片",0.5000,0.5000,"0,1,1"
药物_盐酸曲美他嗪片,条件概率,"疾病_冠状动脉粥样硬化性心脏病, 疾病_不稳定性心绞痛, 药物_硫酸氢氯吡格雷片",0.9556,0.0444,"1,0,0"
药物_盐酸曲美他嗪片,条件概率,"疾病_冠状动脉粥样硬化性心脏病, 疾病_不稳定性心绞痛, 药物_硫酸氢氯吡格雷片",0.6154,0.3846,"1,0,1"
药物_盐酸曲美他嗪片,条件概率,"疾病_冠状动脉粥样硬化性心脏病, 疾病_不稳定性心绞痛, 药物_硫酸氢氯吡格雷片",0.8333,0.1667,"1,1,0"
药物_盐酸曲美他嗪片,条件概率,"疾病_冠状动脉粥样硬化性心脏病, 疾病_不稳定性心绞痛, 药物_硫酸氢氯吡格雷片",0.2000,0.8000,"1,1,1"
药物_地西泮注射液,条件概率,检验_葡萄糖,0.9934,0.0066,0
药物_地西泮注射液,条件概率,检验_葡萄糖,0.9396,0.0604,1
药物_精蛋白生物合成人胰岛素注射液,条件概率,"药物_阿卡波糖片, 疾病_血糖控制不佳",1.0000,0.0000,"0,0"
药物_精蛋白生物合成人胰岛素注射液,条件概率,"药物_阿卡波糖片, 疾病_血糖控制不佳",0.8571,0.1429,"0,1"
药物_精蛋白生物合成人胰岛素注射液,条件概率,"药物_阿卡波糖片, 疾病_血糖控制不佳",0.9184,0.0816,"1,0"
药物_精蛋白生物合成人胰岛素注射液,条件概率,"药物_阿卡波糖片, 疾病_血糖控制不佳",1.0000,0.0000,"1,1"
药物_盐酸吗啡注射液,条件概率,"检验_碱性磷酸酶, 检验_白球比",1.0000,0.0000,"0,0"
药物_盐酸吗啡注射液,条件概率,"检验_碱性磷酸酶, 检验_白球比",1.0000,0.0000,"0,1"
药物_盐酸吗啡注射液,条件概率,"检验_碱性磷酸酶, 检验_白球比",1.0000,0.0000,"1,0"
药物_盐酸吗啡注射液,条件概率,"检验_碱性磷酸酶, 检验_白球比",0.7000,0.3000,"1,1"
药物_维生素C注射液,条件概率,"药物_氯化钾注射液, 药物_二羟丙茶碱注射液, 检验_血小板",1.0000,0.0000,"0,0,0"
药物_维生素C注射液,条件概率,"药物_氯化钾注射液, 药物_二羟丙茶碱注射液, 检验_血小板",0.9783,0.0217,"0,0,1"
药物_维生素C注射液,条件概率,"药物_氯化钾注射液, 药物_二羟丙茶碱注射液, 检验_血小板",0.5000,0.5000,"0,1,0"
药物_维生素C注射液,条件概率,"药物_氯化钾注射液, 药物_二羟丙茶碱注射液, 检验_血小板",0.5000,0.5000,"0,1,1"
药物_维生素C注射液,条件概率,"药物_氯化钾注射液, 药物_二羟丙茶碱注射液, 检验_血小板",0.0000,1.0000,"1,0,0"
药物_维生素C注射液,条件概率,"药物_氯化钾注射液, 药物_二羟丙茶碱注射液, 检验_血小板",0.0000,1.0000,"1,0,1"
药物_维生素C注射液,条件概率,"药物_氯化钾注射液, 药物_二羟丙茶碱注射液, 检验_血小板",1.0000,0.0000,"1,1,0"
药物_维生素C注射液,条件概率,"药物_氯化钾注射液, 药物_二羟丙茶碱注射液, 检验_血小板",0.0000,1.0000,"1,1,1"
药物_厄贝沙坦片,条件概率,"药物_硝苯地平控释片, 药物_阿司匹林肠溶片, 疾病_糖尿病性视网膜病变",1.0000,0.0000,"0,0,0"
药物_厄贝沙坦片,条件概率,"药物_硝苯地平控释片, 药物_阿司匹林肠溶片, 疾病_糖尿病性视网膜病变",0.8000,0.2000,"0,0,1"
药物_厄贝沙坦片,条件概率,"药物_硝苯地平控释片, 药物_阿司匹林肠溶片, 疾病_糖尿病性视网膜病变",0.9600,0.0400,"0,1,0"
药物_厄贝沙坦片,条件概率,"药物_硝苯地平控释片, 药物_阿司匹林肠溶片, 疾病_糖尿病性视网膜病变",1.0000,0.0000,"0,1,1"
药物_厄贝沙坦片,条件概率,"药物_硝苯地平控释片, 药物_阿司匹林肠溶片, 疾病_糖尿病性视网膜病变",0.9231,0.0769,"1,0,0"
药物_厄贝沙坦片,条件概率,"药物_硝苯地平控释片, 药物_阿司匹林肠溶片, 疾病_糖尿病性视网膜病变",0.5000,0.5000,"1,0,1"
药物_厄贝沙坦片,条件概率,"药物_硝苯地平控释片, 药物_阿司匹林肠溶片, 疾病_糖尿病性视网膜病变",0.7857,0.2143,"1,1,0"
药物_厄贝沙坦片,条件概率,"药物_硝苯地平控释片, 药物_阿司匹林肠溶片, 疾病_糖尿病性视网膜病变",0.0000,1.0000,"1,1,1"
药物_甲钴胺片,条件概率,"疾病_糖尿病性周围神经病, 疾病_胆囊结石, 药物_富马酸比索洛尔片",0.9757,0.0243,"0,0,0"
药物_甲钴胺片,条件概率,"疾病_糖尿病性周围神经病, 疾病_胆囊结石, 药物_富马酸比索洛尔片",1.0000,0.0000,"0,0,1"
药物_甲钴胺片,条件概率,"疾病_糖尿病性周围神经病, 疾病_胆囊结石, 药物_富马酸比索洛尔片",0.7619,0.2381,"0,1,0"
药物_甲钴胺片,条件概率,"疾病_糖尿病性周围神经病, 疾病_胆囊结石, 药物_富马酸比索洛尔片",1.0000,0.0000,"0,1,1"
药物_甲钴胺片,条件概率,"疾病_糖尿病性周围神经病, 疾病_胆囊结石, 药物_富马酸比索洛尔片",0.8214,0.1786,"1,0,0"
药物_甲钴胺片,条件概率,"疾病_糖尿病性周围神经病, 疾病_胆囊结石, 药物_富马酸比索洛尔片",0.2500,0.7500,"1,0,1"
药物_甲钴胺片,条件概率,"疾病_糖尿病性周围神经病, 疾病_胆囊结石, 药物_富马酸比索洛尔片",1.0000,0.0000,"1,1,0"
药物_甲钴胺片,条件概率,"疾病_糖尿病性周围神经病, 疾病_胆囊结石, 药物_富马酸比索洛尔片",0.0000,1.0000,"1,1,1"
药物_维生素B6注射液,条件概率,"药物_维生素C注射液, 检验_淋巴细胞比率",1.0000,0.0000,"0,0"
药物_维生素B6注射液,条件概率,"药物_维生素C注射液, 检验_淋巴细胞比率",1.0000,0.0000,"0,1"
药物_维生素B6注射液,条件概率,"药物_维生素C注射液, 检验_淋巴细胞比率",1.0000,0.0000,"1,0"
药物_维生素B6注射液,条件概率,"药物_维生素C注射液, 检验_淋巴细胞比率",0.0000,1.0000,"1,1"
药物_呋塞米片,条件概率,药物_螺内酯片,0.9930,0.0070,0
药物_呋塞米片,条件概率,药物_螺内酯片,0.2500,0.7500,1
药物_卡维地洛片,条件概率,"药物_叶酸片, 药物_甲钴胺分散片",1.0000,0.0000,"0,0"
药物_卡维地洛片,条件概率,"药物_叶酸片, 药物_甲钴胺分散片",1.0000,0.0000,"0,1"
药物_卡维地洛片,条件概率,"药物_叶酸片, 药物_甲钴胺分散片",1.0000,0.0000,"1,0"
药物_卡维地洛片,条件概率,"药物_叶酸片, 药物_甲钴胺分散片",0.5714,0.4286,"1,1"
药物_复方鲜竹沥液,条件概率,"检验_C反应蛋白, 检验_中性粒细胞数量, 检验_平均血红蛋白浓度",1.0000,0.0000,"0,0,0"
药物_复方鲜竹沥液,条件概率,"检验_C反应蛋白, 检验_中性粒细胞数量, 检验_平均血红蛋白浓度",1.0000,0.0000,"0,0,1"
药物_复方鲜竹沥液,条件概率,"检验_C反应蛋白, 检验_中性粒细胞数量, 检验_平均血红蛋白浓度",0.9333,0.0667,"0,1,0"
药物_复方鲜竹沥液,条件概率,"检验_C反应蛋白, 检验_中性粒细胞数量, 检验_平均血红蛋白浓度",1.0000,0.0000,"0,1,1"
药物_复方鲜竹沥液,条件概率,"检验_C反应蛋白, 检验_中性粒细胞数量, 检验_平均血红蛋白浓度",0.9302,0.0698,"1,0,0"
药物_复方鲜竹沥液,条件概率,"检验_C反应蛋白, 检验_中性粒细胞数量, 检验_平均血红蛋白浓度",0.3333,0.6667,"1,0,1"
药物_复方鲜竹沥液,条件概率,"检验_C反应蛋白, 检验_中性粒细胞数量, 检验_平均血红蛋白浓度",0.9444,0.0556,"1,1,0"
药物_复方鲜竹沥液,条件概率,"检验_C反应蛋白, 检验_中性粒细胞数量, 检验_平均血红蛋白浓度",0.8333,0.1667,"1,1,1"
药物_匹伐他汀钙片,条件概率,疾病_高脂血症,0.9827,0.0173,0
药物_匹伐他汀钙片,条件概率,疾病_高脂血症,0.7953,0.2047,1
药物_厄贝沙坦氢氯噻嗪片,条件概率,"疾病_高血压, 药物_硝苯地平控释片",0.9743,0.0257,"0,0"
药物_厄贝沙坦氢氯噻嗪片,条件概率,"疾病_高血压, 药物_硝苯地平控释片",0.7500,0.2500,"0,1"
药物_厄贝沙坦氢氯噻嗪片,条件概率,"疾病_高血压, 药物_硝苯地平控释片",0.5000,0.5000,"1,0"
药物_厄贝沙坦氢氯噻嗪片,条件概率,"疾病_高血压, 药物_硝苯地平控释片",0.5000,0.5000,"1,1"
检验_碳酸氢盐,条件概率,"药物_盐酸氨溴索注射液, 检验_淋巴细胞数量, 检验_镁",0.8265,0.1735,"0,0,0"
检验_碳酸氢盐,条件概率,"药物_盐酸氨溴索注射液, 检验_淋巴细胞数量, 检验_镁",0.6250,0.3750,"0,0,1"
检验_碳酸氢盐,条件概率,"药物_盐酸氨溴索注射液, 检验_淋巴细胞数量, 检验_镁",0.7755,0.2245,"0,1,0"
检验_碳酸氢盐,条件概率,"药物_盐酸氨溴索注射液, 检验_淋巴细胞数量, 检验_镁",0.1667,0.8333,"0,1,1"
检验_碳酸氢盐,条件概率,"药物_盐酸氨溴索注射液, 检验_淋巴细胞数量, 检验_镁",0.0000,1.0000,"1,0,0"
检验_碳酸氢盐,条件概率,"药物_盐酸氨溴索注射液, 检验_淋巴细胞数量, 检验_镁",0.0000,1.0000,"1,0,1"
检验_碳酸氢盐,条件概率,"药物_盐酸氨溴索注射液, 检验_淋巴细胞数量, 检验_镁",1.0000,0.0000,"1,1,0"
检验_碳酸氢盐,条件概率,"药物_盐酸氨溴索注射液, 检验_淋巴细胞数量, 检验_镁",0.0000,1.0000,"1,1,1"
检验_葡萄糖,条件概率,"疾病_糖尿病, 检验_钠",0.8167,0.1833,"0,0"
检验_葡萄糖,条件概率,"疾病_糖尿病, 检验_钠",0.3939,0.6061,"0,1"
检验_葡萄糖,条件概率,"疾病_糖尿病, 检验_钠",0.3115,0.6885,"1,0"
检验_葡萄糖,条件概率,"疾病_糖尿病, 检验_钠",0.0800,0.9200,"1,1"
检验_钾,条件概率,"检验_红细胞分布宽度CV, 检验_尿酸, 疾病_低钾血症",0.9822,0.0178,"0,0,0"
检验_钾,条件概率,"检验_红细胞分布宽度CV, 检验_尿酸, 疾病_低钾血症",0.6000,0.4000,"0,0,1"
检验_钾,条件概率,"检验_红细胞分布宽度CV, 检验_尿酸, 疾病_低钾血症",0.9661,0.0339,"0,1,0"
检验_钾,条件概率,"检验_红细胞分布宽度CV, 检验_尿酸, 疾病_低钾血症",1.0000,0.0000,"0,1,1"
检验_钾,条件概率,"检验_红细胞分布宽度CV, 检验_尿酸, 疾病_低钾血症",0.9706,0.0294,"1,0,0"
检验_钾,条件概率,"检验_红细胞分布宽度CV, 检验_尿酸, 疾病_低钾血症",0.0000,1.0000,"1,0,1"
检验_钾,条件概率,"检验_红细胞分布宽度CV, 检验_尿酸, 疾病_低钾血症",0.6250,0.3750,"1,1,0"
检验_钾,条件概率,"检验_红细胞分布宽度CV, 检验_尿酸, 疾病_低钾血症",0.7500,0.2500,"1,1,1"
检验_尿酸,条件概率,"疾病_糖尿病, 检验_碱性磷酸酶, 疾病_恶性肿瘤维持性化学治疗",0.8346,0.1654,"0,0,0"
检验_尿酸,条件概率,"疾病_糖尿病, 检验_碱性磷酸酶, 疾病_恶性肿瘤维持性化学治疗",1.0000,0.0000,"0,0,1"
检验_尿酸,条件概率,"疾病_糖尿病, 检验_碱性磷酸酶, 疾病_恶性肿瘤维持性化学治疗",0.4118,0.5882,"0,1,0"
检验_尿酸,条件概率,"疾病_糖尿病, 检验_碱性磷酸酶, 疾病_恶性肿瘤维持性化学治疗",0.2500,0.7500,"0,1,1"
检验_尿酸,条件概率,"疾病_糖尿病, 检验_碱性磷酸酶, 疾病_恶性肿瘤维持性化学治疗",0.6587,0.3413,"1,0,0"
检验_尿酸,条件概率,"疾病_糖尿病, 检验_碱性磷酸酶, 疾病_恶性肿瘤维持性化学治疗",0.4444,0.5556,"1,0,1"
检验_尿酸,条件概率,"疾病_糖尿病, 检验_碱性磷酸酶, 疾病_恶性肿瘤维持性化学治疗",1.0000,0.0000,"1,1,0"
检验_尿酸,条件概率,"疾病_糖尿病, 检验_碱性磷酸酶, 疾病_恶性肿瘤维持性化学治疗",0.0000,1.0000,"1,1,1"
检验_氯,条件概率,检验_钠,0.9628,0.0372,0
检验_氯,条件概率,检验_钠,0.6034,0.3966,1
检验_钠,条件概率,"检验_氯, 药物_重组人促红素注射液",0.8788,0.1212,"0,0"
检验_钠,条件概率,"检验_氯, 药物_重组人促红素注射液",0.2500,0.7500,"0,1"
检验_钠,条件概率,"检验_氯, 药物_重组人促红素注射液",0.3750,0.6250,"1,0"
检验_钠,条件概率,"检验_氯, 药物_重组人促红素注射液",0.0000,1.0000,"1,1"
检验_镁,条件概率,"检验_前白蛋白, 检验_红细胞分布宽度CV, 检验_中性粒细胞数量, 疾病_肺部感染",0.9534,0.0466,"0,0,0,0"
检验_镁,条件概率,"检验_前白蛋白, 检验_红细胞分布宽度CV, 检验_中性粒细胞数量, 疾病_肺部感染",1.0000,0.0000,"0,0,0,1"
检验_镁,条件概率,"检验_前白蛋白, 检验_红细胞分布宽度CV, 检验_中性粒细胞数量, 疾病_肺部感染",1.0000,0.0000,"0,0,1,0"
检验_镁,条件概率,"检验_前白蛋白, 检验_红细胞分布宽度CV, 检验_中性粒细胞数量, 疾病_肺部感染",1.0000,0.0000,"0,0,1,1"
检验_镁,条件概率,"检验_前白蛋白, 检验_红细胞分布宽度CV, 检验_中性粒细胞数量, 疾病_肺部感染",0.9143,0.0857,"0,1,0,0"
检验_镁,条件概率,"检验_前白蛋白, 检验_红细胞分布宽度CV, 检验_中性粒细胞数量, 疾病_肺部感染",1.0000,0.0000,"0,1,0,1"
检验_镁,条件概率,"检验_前白蛋白, 检验_红细胞分布宽度CV, 检验_中性粒细胞数量, 疾病_肺部感染",0.8571,0.1429,"0,1,1,0"
检验_镁,条件概率,"检验_前白蛋白, 检验_红细胞分布宽度CV, 检验_中性粒细胞数量, 疾病_肺部感染",0.2000,0.8000,"0,1,1,1"
检验_镁,条件概率,"检验_前白蛋白, 检验_红细胞分布宽度CV, 检验_中性粒细胞数量, 疾病_肺部感染",1.0000,0.0000,"1,0,0,0"
检验_镁,条件概率,"检验_前白蛋白, 检验_红细胞分布宽度CV, 检验_中性粒细胞数量, 疾病_肺部感染",1.0000,0.0000,"1,0,0,1"
检验_镁,条件概率,"检验_前白蛋白, 检验_红细胞分布宽度CV, 检验_中性粒细胞数量, 疾病_肺部感染",0.0000,1.0000,"1,0,1,0"
检验_镁,条件概率,"检验_前白蛋白, 检验_红细胞分布宽度CV, 检验_中性粒细胞数量, 疾病_肺部感染",0.5000,0.5000,"1,0,1,1"
检验_镁,条件概率,"检验_前白蛋白, 检验_红细胞分布宽度CV, 检验_中性粒细胞数量, 疾病_肺部感染",0.0000,1.0000,"1,1,0,0"
检验_镁,条件概率,"检验_前白蛋白, 检验_红细胞分布宽度CV, 检验_中性粒细胞数量, 疾病_肺部感染",1.0000,0.0000,"1,1,0,1"
检验_镁,条件概率,"检验_前白蛋白, 检验_红细胞分布宽度CV, 检验_中性粒细胞数量, 疾病_肺部感染",0.0000,1.0000,"1,1,1,0"
检验_镁,条件概率,"检验_前白蛋白, 检验_红细胞分布宽度CV, 检验_中性粒细胞数量, 疾病_肺部感染",1.0000,0.0000,"1,1,1,1"
检验_磷,条件概率,"药物_重组人促红素注射液, 检验_红细胞分布宽度CV, 药物_碳酸氢钠片",0.9398,0.0602,"0,0,0"
检验_磷,条件概率,"药物_重组人促红素注射液, 检验_红细胞分布宽度CV, 药物_碳酸氢钠片",0.6364,0.3636,"0,0,1"
检验_磷,条件概率,"药物_重组人促红素注射液, 检验_红细胞分布宽度CV, 药物_碳酸氢钠片",0.8333,0.1667,"0,1,0"
检验_磷,条件概率,"药物_重组人促红素注射液, 检验_红细胞分布宽度CV, 药物_碳酸氢钠片",0.0000,1.0000,"0,1,1"
检验_磷,条件概率,"药物_重组人促红素注射液, 检验_红细胞分布宽度CV, 药物_碳酸氢钠片",0.2857,0.7143,"1,0,0"
检验_磷,条件概率,"药物_重组人促红素注射液, 检验_红细胞分布宽度CV, 药物_碳酸氢钠片",1.0000,0.0000,"1,0,1"
检验_磷,条件概率,"药物_重组人促红素注射液, 检验_红细胞分布宽度CV, 药物_碳酸氢钠片",0.0000,1.0000,"1,1,0"
检验_磷,条件概率,"药物_重组人促红素注射液, 检验_红细胞分布宽度CV, 药物_碳酸氢钠片",0.0000,1.0000,"1,1,1"
检验_总蛋白,条件概率,"检验_球蛋白, 检验_白蛋白, 检验_C反应蛋白",0.7622,0.2378,"0,0,0"
检验_总蛋白,条件概率,"检验_球蛋白, 检验_白蛋白, 检验_C反应蛋白",0.3448,0.6552,"0,0,1"
检验_总蛋白,条件概率,"检验_球蛋白, 检验_白蛋白, 检验_C反应蛋白",0.5000,0.5000,"0,1,0"
检验_总蛋白,条件概率,"检验_球蛋白, 检验_白蛋白, 检验_C反应蛋白",0.5000,0.5000,"0,1,1"
检验_总蛋白,条件概率,"检验_球蛋白, 检验_白蛋白, 检验_C反应蛋白",0.2698,0.7302,"1,0,0"
检验_总蛋白,条件概率,"检验_球蛋白, 检验_白蛋白, 检验_C反应蛋白",0.4667,0.5333,"1,0,1"
检验_总蛋白,条件概率,"检验_球蛋白, 检验_白蛋白, 检验_C反应蛋白",0.5000,0.5000,"1,1,0"
检验_总蛋白,条件概率,"检验_球蛋白, 检验_白蛋白, 检验_C反应蛋白",0.5000,0.5000,"1,1,1"
检验_谷草/谷丙,条件概率,"检验_谷丙转氨酶, 检验_红细胞分布宽度CV, 疾病_肛乳头肥大",1.0000,0.0000,"0,0,0"
检验_谷草/谷丙,条件概率,"检验_谷丙转氨酶, 检验_红细胞分布宽度CV, 疾病_肛乳头肥大",1.0000,0.0000,"0,0,1"
检验_谷草/谷丙,条件概率,"检验_谷丙转氨酶, 检验_红细胞分布宽度CV, 疾病_肛乳头肥大",1.0000,0.0000,"0,1,0"
检验_谷草/谷丙,条件概率,"检验_谷丙转氨酶, 检验_红细胞分布宽度CV, 疾病_肛乳头肥大",1.0000,0.0000,"0,1,1"
检验_谷草/谷丙,条件概率,"检验_谷丙转氨酶, 检验_红细胞分布宽度CV, 疾病_肛乳头肥大",1.0000,0.0000,"1,0,0"
检验_谷草/谷丙,条件概率,"检验_谷丙转氨酶, 检验_红细胞分布宽度CV, 疾病_肛乳头肥大",1.0000,0.0000,"1,0,1"
检验_谷草/谷丙,条件概率,"检验_谷丙转氨酶, 检验_红细胞分布宽度CV, 疾病_肛乳头肥大",1.0000,0.0000,"1,1,0"
检验_谷草/谷丙,条件概率,"检验_谷丙转氨酶, 检验_红细胞分布宽度CV, 疾病_肛乳头肥大",0.5000,0.5000,"1,1,1"
检验_白球比,条件概率,疾病_低蛋白血症,0.8841,0.1159,0
检验_白球比,条件概率,疾病_低蛋白血症,0.1250,0.8750,1
检验_球蛋白,条件概率,检验_总蛋白,0.8580,0.1420,0
检验_球蛋白,条件概率,检验_总蛋白,0.5878,0.4122,1
检验_间接胆红素,条件概率,检验_总胆红素,1.0000,0.0000,0
检验_间接胆红素,条件概率,检验_总胆红素,0.3214,0.6786,1
检验_直接胆红素,条件概率,"检验_总胆红素, 检验_淋巴细胞数量, 检验_红细胞压积",0.9186,0.0814,"0,0,0"
检验_直接胆红素,条件概率,"检验_总胆红素, 检验_淋巴细胞数量, 检验_红细胞压积",0.5000,0.5000,"0,0,1"
检验_直接胆红素,条件概率,"检验_总胆红素, 检验_淋巴细胞数量, 检验_红细胞压积",0.6471,0.3529,"0,1,0"
检验_直接胆红素,条件概率,"检验_总胆红素, 检验_淋巴细胞数量, 检验_红细胞压积",0.5000,0.5000,"0,1,1"
检验_直接胆红素,条件概率,"检验_总胆红素, 检验_淋巴细胞数量, 检验_红细胞压积",0.1429,0.8571,"1,0,0"
检验_直接胆红素,条件概率,"检验_总胆红素, 检验_淋巴细胞数量, 检验_红细胞压积",0.5000,0.5000,"1,0,1"
检验_直接胆红素,条件概率,"检验_总胆红素, 检验_淋巴细胞数量, 检验_红细胞压积",0.0000,1.0000,"1,1,0"
检验_直接胆红素,条件概率,"检验_总胆红素, 检验_淋巴细胞数量, 检验_红细胞压积",0.5000,0.5000,"1,1,1"
检验_红细胞压积,条件概率,"检验_血红蛋白, 疾病_高血压, 疾病_非毒性多个甲状腺结节",1.0000,0.0000,"0,0,0"
检验_红细胞压积,条件概率,"检验_血红蛋白, 疾病_高血压, 疾病_非毒性多个甲状腺结节",1.0000,0.0000,"0,0,1"
检验_红细胞压积,条件概率,"检验_血红蛋白, 疾病_高血压, 疾病_非毒性多个甲状腺结节",0.5000,0.5000,"0,1,0"
检验_红细胞压积,条件概率,"检验_血红蛋白, 疾病_高血压, 疾病_非毒性多个甲状腺结节",0.5000,0.5000,"0,1,1"
检验_红细胞压积,条件概率,"检验_血红蛋白, 疾病_高血压, 疾病_非毒性多个甲状腺结节",1.0000,0.0000,"1,0,0"
检验_红细胞压积,条件概率,"检验_血红蛋白, 疾病_高血压, 疾病_非毒性多个甲状腺结节",1.0000,0.0000,"1,0,1"
检验_红细胞压积,条件概率,"检验_血红蛋白, 疾病_高血压, 疾病_非毒性多个甲状腺结节",0.5000,0.5000,"1,1,0"
检验_红细胞压积,条件概率,"检验_血红蛋白, 疾病_高血压, 疾病_非毒性多个甲状腺结节",0.5000,0.5000,"1,1,1"
检验_白细胞,条件概率,"检验_中性粒细胞数量, 检验_单核细胞比率",0.9535,0.0465,"0,0"
检验_白细胞,条件概率,"检验_中性粒细胞数量, 检验_单核细胞比率",0.7250,0.2750,"0,1"
检验_白细胞,条件概率,"检验_中性粒细胞数量, 检验_单核细胞比率",0.3902,0.6098,"1,0"
检验_白细胞,条件概率,"检验_中性粒细胞数量, 检验_单核细胞比率",0.2500,0.7500,"1,1"
检验_红细胞,条件概率,"检验_红细胞分布宽度SD, 检验_血红蛋白, 检验_红细胞压积",0.9172,0.0828,"0,0,0"
检验_红细胞,条件概率,"检验_红细胞分布宽度SD, 检验_血红蛋白, 检验_红细胞压积",0.5000,0.5000,"0,0,1"
检验_红细胞,条件概率,"检验_红细胞分布宽度SD, 检验_血红蛋白, 检验_红细胞压积",0.3294,0.6706,"0,1,0"
检验_红细胞,条件概率,"检验_红细胞分布宽度SD, 检验_血红蛋白, 检验_红细胞压积",0.5000,0.5000,"0,1,1"
检验_红细胞,条件概率,"检验_红细胞分布宽度SD, 检验_血红蛋白, 检验_红细胞压积",0.5833,0.4167,"1,0,0"
检验_红细胞,条件概率,"检验_红细胞分布宽度SD, 检验_血红蛋白, 检验_红细胞压积",0.5000,0.5000,"1,0,1"
检验_红细胞,条件概率,"检验_红细胞分布宽度SD, 检验_血红蛋白, 检验_红细胞压积",0.1087,0.8913,"1,1,0"
检验_红细胞,条件概率,"检验_红细胞分布宽度SD, 检验_血红蛋白, 检验_红细胞压积",0.5000,0.5000,"1,1,1"
检验_血红蛋白,条件概率,检验_红细胞,0.8207,0.1793,0
检验_血红蛋白,条件概率,检验_红细胞,0.1552,0.8448,1
检验_血小板,条件概率,"检验_白球比, 检验_红细胞分布宽度CV, 疾病_肺部感染, 检验_血小板比容",0.9485,0.0515,"0,0,0,0"
检验_血小板,条件概率,"检验_白球比, 检验_红细胞分布宽度CV, 疾病_肺部感染, 检验_血小板比容",0.0000,1.0000,"0,0,0,1"
检验_血小板,条件概率,"检验_白球比, 检验_红细胞分布宽度CV, 疾病_肺部感染, 检验_血小板比容",0.8889,0.1111,"0,0,1,0"
检验_血小板,条件概率,"检验_白球比, 检验_红细胞分布宽度CV, 疾病_肺部感染, 检验_血小板比容",0.5000,0.5000,"0,0,1,1"
检验_血小板,条件概率,"检验_白球比, 检验_红细胞分布宽度CV, 疾病_肺部感染, 检验_血小板比容",0.7500,0.2500,"0,1,0,0"
检验_血小板,条件概率,"检验_白球比, 检验_红细胞分布宽度CV, 疾病_肺部感染, 检验_血小板比容",0.0000,1.0000,"0,1,0,1"
检验_血小板,条件概率,"检验_白球比, 检验_红细胞分布宽度CV, 疾病_肺部感染, 检验_血小板比容",0.0000,1.0000,"0,1,1,0"
检验_血小板,条件概率,"检验_白球比, 检验_红细胞分布宽度CV, 疾病_肺部感染, 检验_血小板比容",0.5000,0.5000,"0,1,1,1"
检验_血小板,条件概率,"检验_白球比, 检验_红细胞分布宽度CV, 疾病_肺部感染, 检验_血小板比容",0.4800,0.5200,"1,0,0,0"
检验_血小板,条件概率,"检验_白球比, 检验_红细胞分布宽度CV, 疾病_肺部感染, 检验_血小板比容",0.0000,1.0000,"1,0,0,1"
检验_血小板,条件概率,"检验_白球比, 检验_红细胞分布宽度CV, 疾病_肺部感染, 检验_血小板比容",0.0000,1.0000,"1,0,1,0"
检验_血小板,条件概率,"检验_白球比, 检验_红细胞分布宽度CV, 疾病_肺部感染, 检验_血小板比容",0.5000,0.5000,"1,0,1,1"
检验_血小板,条件概率,"检验_白球比, 检验_红细胞分布宽度CV, 疾病_肺部感染, 检验_血小板比容",1.0000,0.0000,"1,1,0,0"
检验_血小板,条件概率,"检验_白球比, 检验_红细胞分布宽度CV, 疾病_肺部感染, 检验_血小板比容",0.5000,0.5000,"1,1,0,1"
检验_血小板,条件概率,"检验_白球比, 检验_红细胞分布宽度CV, 疾病_肺部感染, 检验_血小板比容",0.7692,0.2308,"1,1,1,0"
检验_血小板,条件概率,"检验_白球比, 检验_红细胞分布宽度CV, 疾病_肺部感染, 检验_血小板比容",0.5000,0.5000,"1,1,1,1"
检验_淋巴细胞数量,条件概率,"检验_淋巴细胞比率, 疾病_尿毒症",0.9368,0.0632,"0,0"
检验_淋巴细胞数量,条件概率,"检验_淋巴细胞比率, 疾病_尿毒症",0.5000,0.5000,"0,1"
检验_淋巴细胞数量,条件概率,"检验_淋巴细胞比率, 疾病_尿毒症",0.6400,0.3600,"1,0"
检验_淋巴细胞数量,条件概率,"检验_淋巴细胞比率, 疾病_尿毒症",0.0000,1.0000,"1,1"
检验_嗜酸性粒细胞数量,条件概率,"检验_嗜酸性粒细胞比率, 疾病_高血压",0.9675,0.0325,"0,0"
检验_嗜酸性粒细胞数量,条件概率,"检验_嗜酸性粒细胞比率, 疾病_高血压",0.5000,0.5000,"0,1"
检验_嗜酸性粒细胞数量,条件概率,"检验_嗜酸性粒细胞比率, 疾病_高血压",0.4815,0.5185,"1,0"
检验_嗜酸性粒细胞数量,条件概率,"检验_嗜酸性粒细胞比率, 疾病_高血压",0.5000,0.5000,"1,1"
检验_嗜碱性粒细胞数量,条件概率,检验_嗜碱性粒细胞比率,0.9895,0.0105,0
检验_嗜碱性粒细胞数量,条件概率,检验_嗜碱性粒细胞比率,0.6429,0.3571,1
检验_红细胞分布宽度SD,条件概率,检验_红细胞分布宽度CV,0.9447,0.0553,0
检验_红细胞分布宽度SD,条件概率,检验_红细胞分布宽度CV,0.3077,0.6923,1
检验_红细胞分布宽度CV,条件概率,"检验_血红蛋白, 检验_红细胞压积",0.9467,0.0533,"0,0"
检验_红细胞分布宽度CV,条件概率,"检验_血红蛋白, 检验_红细胞压积",0.5000,0.5000,"0,1"
检验_红细胞分布宽度CV,条件概率,"检验_血红蛋白, 检验_红细胞压积",0.5725,0.4275,"1,0"
检验_红细胞分布宽度CV,条件概率,"检验_血红蛋白, 检验_红细胞压积",0.5000,0.5000,"1,1"
检验_血小板分布宽度,条件概率,检验_大型血小板比率,0.9585,0.0415,0
检验_血小板分布宽度,条件概率,检验_大型血小板比率,0.2727,0.7273,1
检验_平均血小板体积,条件概率,检验_血小板分布宽度,0.9964,0.0036,0
检验_平均血小板体积,条件概率,检验_血小板分布宽度,0.6000,0.4000,1
检验_大型血小板比率,条件概率,"检验_血小板分布宽度, 疾病_老年性白内障",0.9927,0.0073,"0,0"
检验_大型血小板比率,条件概率,"检验_血小板分布宽度, 疾病_老年性白内障",0.8333,0.1667,"0,1"
检验_大型血小板比率,条件概率,"检验_血小板分布宽度, 疾病_老年性白内障",0.7059,0.2941,"1,0"
检验_大型血小板比率,条件概率,"检验_血小板分布宽度, 疾病_老年性白内障",0.0000,1.0000,"1,1"
检验_血小板比容,条件概率,"疾病_高血压, 检验_血小板",1.0000,0.0000,"0,0"
检验_血小板比容,条件概率,"疾病_高血压, 检验_血小板",0.8571,0.1429,"0,1"
检验_血小板比容,条件概率,"疾病_高血压, 检验_血小板",0.5000,0.5000,"1,0"
检验_血小板比容,条件概率,"疾病_高血压, 检验_血小板",0.5000,0.5000,"1,1"
检验_单核细胞数量,条件概率,"检验_中性粒细胞数量, 检验_单核细胞比率, 疾病_肺恶性肿瘤",0.9750,0.0250,"0,0,0"
检验_单核细胞数量,条件概率,"检验_中性粒细胞数量, 检验_单核细胞比率, 疾病_肺恶性肿瘤",1.0000,0.0000,"0,0,1"
检验_单核细胞数量,条件概率,"检验_中性粒细胞数量, 检验_单核细胞比率, 疾病_肺恶性肿瘤",0.8108,0.1892,"0,1,0"
检验_单核细胞数量,条件概率,"检验_中性粒细胞数量, 检验_单核细胞比率, 疾病_肺恶性肿瘤",0.0000,1.0000,"0,1,1"
检验_单核细胞数量,条件概率,"检验_中性粒细胞数量, 检验_单核细胞比率, 疾病_肺恶性肿瘤",0.6053,0.3947,"1,0,0"
检验_单核细胞数量,条件概率,"检验_中性粒细胞数量, 检验_单核细胞比率, 疾病_肺恶性肿瘤",1.0000,0.0000,"1,0,1"
检验_单核细胞数量,条件概率,"检验_中性粒细胞数量, 检验_单核细胞比率, 疾病_肺恶性肿瘤",1.0000,0.0000,"1,1,0"
检验_单核细胞数量,条件概率,"检验_中性粒细胞数量, 检验_单核细胞比率, 疾病_肺恶性肿瘤",0.5000,0.5000,"1,1,1"
检验_嗜碱性粒细胞比率,条件概率,"检验_嗜碱性粒细胞数量, 检验_钙",0.9610,0.0390,"0,0"
检验_嗜碱性粒细胞比率,条件概率,"检验_嗜碱性粒细胞数量, 检验_钙",0.9885,0.0115,"0,1"
检验_嗜碱性粒细胞比率,条件概率,"检验_嗜碱性粒细胞数量, 检验_钙",0.4286,0.5714,"1,0"
检验_嗜碱性粒细胞比率,条件概率,"检验_嗜碱性粒细胞数量, 检验_钙",0.0000,1.0000,"1,1"
检验_嗜酸性粒细胞比率,条件概率,检验_嗜酸性粒细胞数量,0.9015,0.0985,0
检验_嗜酸性粒细胞比率,条件概率,检验_嗜酸性粒细胞数量,0.2222,0.7778,1
检验_淋巴细胞比率,条件概率,"检验_淋巴细胞数量, 检验_中性粒细胞比率, 检验_钠",0.9235,0.0765,"0,0,0"
检验_淋巴细胞比率,条件概率,"检验_淋巴细胞数量, 检验_中性粒细胞比率, 检验_钠",0.5806,0.4194,"0,0,1"
检验_淋巴细胞比率,条件概率,"检验_淋巴细胞数量, 检验_中性粒细胞比率, 检验_钠",0.0909,0.9091,"0,1,0"
检验_淋巴细胞比率,条件概率,"检验_淋巴细胞数量, 检验_中性粒细胞比率, 检验_钠",0.0000,1.0000,"0,1,1"
检验_淋巴细胞比率,条件概率,"检验_淋巴细胞数量, 检验_中性粒细胞比率, 检验_钠",0.5500,0.4500,"1,0,0"
检验_淋巴细胞比率,条件概率,"检验_淋巴细胞数量, 检验_中性粒细胞比率, 检验_钠",0.1111,0.8889,"1,0,1"
检验_淋巴细胞比率,条件概率,"检验_淋巴细胞数量, 检验_中性粒细胞比率, 检验_钠",0.0000,1.0000,"1,1,0"
检验_淋巴细胞比率,条件概率,"检验_淋巴细胞数量, 检验_中性粒细胞比率, 检验_钠",0.0000,1.0000,"1,1,1"
检验_单核细胞比率,边际概率,,0.8533,0.1467,无条件
检验_中性粒细胞比率,条件概率,检验_淋巴细胞比率,0.9842,0.0158,0
检验_中性粒细胞比率,条件概率,检验_淋巴细胞比率,0.3909,0.6091,1
检验_钙,条件概率,"检验_总蛋白, 疾病_前列腺增生, 检验_白球比, 疾病_胆囊结石",0.8814,0.1186,"0,0,0,0"
检验_钙,条件概率,"检验_总蛋白, 疾病_前列腺增生, 检验_白球比, 疾病_胆囊结石",0.6250,0.3750,"0,0,0,1"
检验_钙,条件概率,"检验_总蛋白, 疾病_前列腺增生, 检验_白球比, 疾病_胆囊结石",0.4286,0.5714,"0,0,1,0"
检验_钙,条件概率,"检验_总蛋白, 疾病_前列腺增生, 检验_白球比, 疾病_胆囊结石",1.0000,0.0000,"0,0,1,1"
检验_钙,条件概率,"检验_总蛋白, 疾病_前列腺增生, 检验_白球比, 疾病_胆囊结石",0.8333,0.1667,"0,1,0,0"
检验_钙,条件概率,"检验_总蛋白, 疾病_前列腺增生, 检验_白球比, 疾病_胆囊结石",1.0000,0.0000,"0,1,0,1"
检验_钙,条件概率,"检验_总蛋白, 疾病_前列腺增生, 检验_白球比, 疾病_胆囊结石",1.0000,0.0000,"0,1,1,0"
检验_钙,条件概率,"检验_总蛋白, 疾病_前列腺增生, 检验_白球比, 疾病_胆囊结石",0.5000,0.5000,"0,1,1,1"
检验_钙,条件概率,"检验_总蛋白, 疾病_前列腺增生, 检验_白球比, 疾病_胆囊结石",0.6711,0.3289,"1,0,0,0"
检验_钙,条件概率,"检验_总蛋白, 疾病_前列腺增生, 检验_白球比, 疾病_胆囊结石",1.0000,0.0000,"1,0,0,1"
检验_钙,条件概率,"检验_总蛋白, 疾病_前列腺增生, 检验_白球比, 疾病_胆囊结石",0.4167,0.5833,"1,0,1,0"
检验_钙,条件概率,"检验_总蛋白, 疾病_前列腺增生, 检验_白球比, 疾病_胆囊结石",0.2500,0.7500,"1,0,1,1"
检验_钙,条件概率,"检验_总蛋白, 疾病_前列腺增生, 检验_白球比, 疾病_胆囊结石",0.2353,0.7647,"1,1,0,0"
检验_钙,条件概率,"检验_总蛋白, 疾病_前列腺增生, 检验_白球比, 疾病_胆囊结石",0.5000,0.5000,"1,1,0,1"
检验_钙,条件概率,"检验_总蛋白, 疾病_前列腺增生, 检验_白球比, 疾病_胆囊结石",0.0000,1.0000,"1,1,1,0"
检验_钙,条件概率,"检验_总蛋白, 疾病_前列腺增生, 检验_白球比, 疾病_胆囊结石",0.5000,0.5000,"1,1,1,1"
检验_谷丙转氨酶,条件概率,"疾病_尿毒症, 疾病_高血压, 药物_重组人促红素注射液",0.8854,0.1146,"0,0,0"
检验_谷丙转氨酶,条件概率,"疾病_尿毒症, 疾病_高血压, 药物_重组人促红素注射液",0.5000,0.5000,"0,0,1"
检验_谷丙转氨酶,条件概率,"疾病_尿毒症, 疾病_高血压, 药物_重组人促红素注射液",0.5000,0.5000,"0,1,0"
检验_谷丙转氨酶,条件概率,"疾病_尿毒症, 疾病_高血压, 药物_重组人促红素注射液",0.5000,0.5000,"0,1,1"
检验_谷丙转氨酶,条件概率,"疾病_尿毒症, 疾病_高血压, 药物_重组人促红素注射液",0.5000,0.5000,"1,0,0"
检验_谷丙转氨酶,条件概率,"疾病_尿毒症, 疾病_高血压, 药物_重组人促红素注射液",0.0000,1.0000,"1,0,1"
检验_谷丙转氨酶,条件概率,"疾病_尿毒症, 疾病_高血压, 药物_重组人促红素注射液",0.5000,0.5000,"1,1,0"
检验_谷丙转氨酶,条件概率,"疾病_尿毒症, 疾病_高血压, 药物_重组人促红素注射液",0.5000,0.5000,"1,1,1"
检验_谷草转氨酶,条件概率,"检验_谷丙转氨酶, 药物_阿卡波糖片",0.8565,0.1435,"0,0"
检验_谷草转氨酶,条件概率,"检验_谷丙转氨酶, 药物_阿卡波糖片",0.5957,0.4043,"0,1"
检验_谷草转氨酶,条件概率,"检验_谷丙转氨酶, 药物_阿卡波糖片",0.3784,0.6216,"1,0"
检验_谷草转氨酶,条件概率,"检验_谷丙转氨酶, 药物_阿卡波糖片",0.4286,0.5714,"1,1"
检验_红细胞平均体积,条件概率,"检验_红细胞分布宽度SD, 疾病_尿毒症",0.8879,0.1121,"0,0"
检验_红细胞平均体积,条件概率,"检验_红细胞分布宽度SD, 疾病_尿毒症",0.1000,0.9000,"0,1"
检验_红细胞平均体积,条件概率,"检验_红细胞分布宽度SD, 疾病_尿毒症",0.6552,0.3448,"1,0"
检验_红细胞平均体积,条件概率,"检验_红细胞分布宽度SD, 疾病_尿毒症",0.5000,0.5000,"1,1"
检验_平均血红蛋白浓度,条件概率,药物_氯化钾注射液,0.8893,0.1107,0
检验_平均血红蛋白浓度,条件概率,药物_氯化钾注射液,0.3636,0.6364,1
检验_总胆红素,条件概率,"检验_前白蛋白, 检验_直接胆红素, 检验_间接胆红素",0.9872,0.0128,"0,0,0"
检验_总胆红素,条件概率,"检验_前白蛋白, 检验_直接胆红素, 检验_间接胆红素",0.5000,0.5000,"0,0,1"
检验_总胆红素,条件概率,"检验_前白蛋白, 检验_直接胆红素, 检验_间接胆红素",0.9189,0.0811,"0,1,0"
检验_总胆红素,条件概率,"检验_前白蛋白, 检验_直接胆红素, 检验_间接胆红素",0.0000,1.0000,"0,1,1"
检验_总胆红素,条件概率,"检验_前白蛋白, 检验_直接胆红素, 检验_间接胆红素",1.0000,0.0000,"1,0,0"
检验_总胆红素,条件概率,"检验_前白蛋白, 检验_直接胆红素, 检验_间接胆红素",0.5000,0.5000,"1,0,1"
检验_总胆红素,条件概率,"检验_前白蛋白, 检验_直接胆红素, 检验_间接胆红素",0.4000,0.6000,"1,1,0"
检验_总胆红素,条件概率,"检验_前白蛋白, 检验_直接胆红素, 检验_间接胆红素",0.0000,1.0000,"1,1,1"
检验_C反应蛋白,条件概率,"检验_白球比, 疾病_低蛋白血症, 疾病_脂肪肝",0.8307,0.1693,"0,0,0"
检验_C反应蛋白,条件概率,"检验_白球比, 疾病_低蛋白血症, 疾病_脂肪肝",0.9273,0.0727,"0,0,1"
检验_C反应蛋白,条件概率,"检验_白球比, 疾病_低蛋白血症, 疾病_脂肪肝",0.3333,0.6667,"0,1,0"
检验_C反应蛋白,条件概率,"检验_白球比, 疾病_低蛋白血症, 疾病_脂肪肝",0.5000,0.5000,"0,1,1"
检验_C反应蛋白,条件概率,"检验_白球比, 疾病_低蛋白血症, 疾病_脂肪肝",0.4074,0.5926,"1,0,0"
检验_C反应蛋白,条件概率,"检验_白球比, 疾病_低蛋白血症, 疾病_脂肪肝",1.0000,0.0000,"1,0,1"
检验_C反应蛋白,条件概率,"检验_白球比, 疾病_低蛋白血症, 疾病_脂肪肝",0.0952,0.9048,"1,1,0"
检验_C反应蛋白,条件概率,"检验_白球比, 疾病_低蛋白血症, 疾病_脂肪肝",0.5000,0.5000,"1,1,1"
检验_平均血红蛋白含量,条件概率,检验_红细胞平均体积,0.9102,0.0898,0
检验_平均血红蛋白含量,条件概率,检验_红细胞平均体积,0.4545,0.5455,1
检验_中性粒细胞数量,条件概率,"检验_中性粒细胞比率, 检验_白细胞, 检验_血小板分布宽度",0.9846,0.0154,"0,0,0"
检验_中性粒细胞数量,条件概率,"检验_中性粒细胞比率, 检验_白细胞, 检验_血小板分布宽度",1.0000,0.0000,"0,0,1"
检验_中性粒细胞数量,条件概率,"检验_中性粒细胞比率, 检验_白细胞, 检验_血小板分布宽度",0.7000,0.3000,"0,1,0"
检验_中性粒细胞数量,条件概率,"检验_中性粒细胞比率, 检验_白细胞, 检验_血小板分布宽度",0.5000,0.5000,"0,1,1"
检验_中性粒细胞数量,条件概率,"检验_中性粒细胞比率, 检验_白细胞, 检验_血小板分布宽度",0.7500,0.2500,"1,0,0"
检验_中性粒细胞数量,条件概率,"检验_中性粒细胞比率, 检验_白细胞, 检验_血小板分布宽度",0.0000,1.0000,"1,0,1"
检验_中性粒细胞数量,条件概率,"检验_中性粒细胞比率, 检验_白细胞, 检验_血小板分布宽度",0.1905,0.8095,"1,1,0"
检验_中性粒细胞数量,条件概率,"检验_中性粒细胞比率, 检验_白细胞, 检验_血小板分布宽度",0.0000,1.0000,"1,1,1"
检验_前白蛋白,条件概率,"检验_白球比, 检验_胆碱酯酶",0.9956,0.0044,"0,0"
检验_前白蛋白,条件概率,"检验_白球比, 检验_胆碱酯酶",0.9545,0.0455,"0,1"
检验_前白蛋白,条件概率,"检验_白球比, 检验_胆碱酯酶",1.0000,0.0000,"1,0"
检验_前白蛋白,条件概率,"检验_白球比, 检验_胆碱酯酶",0.3333,0.6667,"1,1"
检验_肌酐,条件概率,疾病_尿毒症,0.8034,0.1966,0
检验_肌酐,条件概率,疾病_尿毒症,0.0000,1.0000,1
检验_胆碱酯酶,条件概率,"检验_前白蛋白, 疾病_尿毒症, 检验_血红蛋白",0.9702,0.0298,"0,0,0"
检验_胆碱酯酶,条件概率,"检验_前白蛋白, 疾病_尿毒症, 检验_血红蛋白",0.8889,0.1111,"0,0,1"
检验_胆碱酯酶,条件概率,"检验_前白蛋白, 疾病_尿毒症, 检验_血红蛋白",0.5000,0.5000,"0,1,0"
检验_胆碱酯酶,条件概率,"检验_前白蛋白, 疾病_尿毒症, 检验_血红蛋白",0.0000,1.0000,"0,1,1"
检验_胆碱酯酶,条件概率,"检验_前白蛋白, 疾病_尿毒症, 检验_血红蛋白",1.0000,0.0000,"1,0,0"
检验_胆碱酯酶,条件概率,"检验_前白蛋白, 疾病_尿毒症, 检验_血红蛋白",0.0000,1.0000,"1,0,1"
检验_胆碱酯酶,条件概率,"检验_前白蛋白, 疾病_尿毒症, 检验_血红蛋白",0.5000,0.5000,"1,1,0"
检验_胆碱酯酶,条件概率,"检验_前白蛋白, 疾病_尿毒症, 检验_血红蛋白",0.5000,0.5000,"1,1,1"
检验_总胆汁酸,条件概率,检验_直接胆红素,0.9498,0.0502,0
检验_总胆汁酸,条件概率,检验_直接胆红素,0.7377,0.2623,1
检验_转肽酶,条件概率,"检验_碱性磷酸酶, 检验_总胆汁酸",0.8992,0.1008,"0,0"
检验_转肽酶,条件概率,"检验_碱性磷酸酶, 检验_总胆汁酸",0.5789,0.4211,"0,1"
检验_转肽酶,条件概率,"检验_碱性磷酸酶, 检验_总胆汁酸",0.2917,0.7083,"1,0"
检验_转肽酶,条件概率,"检验_碱性磷酸酶, 检验_总胆汁酸",0.2222,0.7778,"1,1"
检验_白蛋白,条件概率,"检验_白球比, 检验_红细胞, 检验_总蛋白",1.0000,0.0000,"0,0,0"
检验_白蛋白,条件概率,"检验_白球比, 检验_红细胞, 检验_总蛋白",1.0000,0.0000,"0,0,1"
检验_白蛋白,条件概率,"检验_白球比, 检验_红细胞, 检验_总蛋白",1.0000,0.0000,"0,1,0"
检验_白蛋白,条件概率,"检验_白球比, 检验_红细胞, 检验_总蛋白",1.0000,0.0000,"0,1,1"
检验_白蛋白,条件概率,"检验_白球比, 检验_红细胞, 检验_总蛋白",1.0000,0.0000,"1,0,0"
检验_白蛋白,条件概率,"检验_白球比, 检验_红细胞, 检验_总蛋白",1.0000,0.0000,"1,0,1"
检验_白蛋白,条件概率,"检验_白球比, 检验_红细胞, 检验_总蛋白",1.0000,0.0000,"1,1,0"
检验_白蛋白,条件概率,"检验_白球比, 检验_红细胞, 检验_总蛋白",1.0000,0.0000,"1,1,1"
检验_碱性磷酸酶,条件概率,"检验_转肽酶, 药物_盐酸羟考酮缓释片, 检验_直接胆红素",0.9710,0.0290,"0,0,0"
检验_碱性磷酸酶,条件概率,"检验_转肽酶, 药物_盐酸羟考酮缓释片, 检验_直接胆红素",0.9143,0.0857,"0,0,1"
检验_碱性磷酸酶,条件概率,"检验_转肽酶, 药物_盐酸羟考酮缓释片, 检验_直接胆红素",0.5000,0.5000,"0,1,0"
检验_碱性磷酸酶,条件概率,"检验_转肽酶, 药物_盐酸羟考酮缓释片, 检验_直接胆红素",1.0000,0.0000,"0,1,1"
检验_碱性磷酸酶,条件概率,"检验_转肽酶, 药物_盐酸羟考酮缓释片, 检验_直接胆红素",0.7500,0.2500,"1,0,0"
检验_碱性磷酸酶,条件概率,"检验_转肽酶, 药物_盐酸羟考酮缓释片, 检验_直接胆红素",0.5294,0.4706,"1,0,1"
检验_碱性磷酸酶,条件概率,"检验_转肽酶, 药物_盐酸羟考酮缓释片, 检验_直接胆红素",0.5000,0.5000,"1,1,0"
检验_碱性磷酸酶,条件概率,"检验_转肽酶, 药物_盐酸羟考酮缓释片, 检验_直接胆红素",0.0000,1.0000,"1,1,1"
