节点,父节点,条件,目标值,概率
疾病_高血压,"疾病_尿毒症, 药物_苯磺酸氨氯地平片","0,0",0,1.0
疾病_高血压,"疾病_尿毒症, 药物_苯磺酸氨氯地平片","0,0",1,0.0
疾病_高血压,"疾病_尿毒症, 药物_苯磺酸氨氯地平片","0,1",0,1.0
疾病_高血压,"疾病_尿毒症, 药物_苯磺酸氨氯地平片","0,1",1,0.0
疾病_高血压,"疾病_尿毒症, 药物_苯磺酸氨氯地平片","1,0",0,1.0
疾病_高血压,"疾病_尿毒症, 药物_苯磺酸氨氯地平片","1,0",1,0.0
疾病_高血压,"疾病_尿毒症, 药物_苯磺酸氨氯地平片","1,1",0,0.5
疾病_高血压,"疾病_尿毒症, 药物_苯磺酸氨氯地平片","1,1",1,0.5
疾病_高脂血症,"疾病_动脉硬化, 检验_白球比","0,0",0,0.6205128205128205
疾病_高脂血症,"疾病_动脉硬化, 检验_白球比","0,0",1,0.37948717948717947
疾病_高脂血症,"疾病_动脉硬化, 检验_白球比","0,1",0,0.8837209302325582
疾病_高脂血症,"疾病_动脉硬化, 检验_白球比","0,1",1,0.11627906976744186
疾病_高脂血症,"疾病_动脉硬化, 检验_白球比","1,0",0,0.15384615384615385
疾病_高脂血症,"疾病_动脉硬化, 检验_白球比","1,0",1,0.8461538461538461
疾病_高脂血症,"疾病_动脉硬化, 检验_白球比","1,1",0,0.6
疾病_高脂血症,"疾病_动脉硬化, 检验_白球比","1,1",1,0.4
疾病_糖尿病,"疾病_高血压, 检验_葡萄糖","0,0",0,0.7350993377483444
疾病_糖尿病,"疾病_高血压, 检验_葡萄糖","0,0",1,0.26490066225165565
疾病_糖尿病,"疾病_高血压, 检验_葡萄糖","0,1",0,0.28187919463087246
疾病_糖尿病,"疾病_高血压, 检验_葡萄糖","0,1",1,0.7181208053691275
疾病_糖尿病,"疾病_高血压, 检验_葡萄糖","1,0",0,0.5
疾病_糖尿病,"疾病_高血压, 检验_葡萄糖","1,0",1,0.5
疾病_糖尿病,"疾病_高血压, 检验_葡萄糖","1,1",0,0.5
疾病_糖尿病,"疾病_高血压, 检验_葡萄糖","1,1",1,0.5
疾病_冠状动脉粥样硬化性心脏病,药物_单硝酸异山梨酯片,0,0,0.7950530035335689
疾病_冠状动脉粥样硬化性心脏病,药物_单硝酸异山梨酯片,0,1,0.2049469964664311
疾病_冠状动脉粥样硬化性心脏病,药物_单硝酸异山梨酯片,1,0,0.058823529411764705
疾病_冠状动脉粥样硬化性心脏病,药物_单硝酸异山梨酯片,1,1,0.9411764705882353
疾病_反流性食管炎,"疾病_高血压, 疾病_不稳定性心绞痛","0,0",0,0.7816901408450704
疾病_反流性食管炎,"疾病_高血压, 疾病_不稳定性心绞痛","0,0",1,0.21830985915492956
疾病_反流性食管炎,"疾病_高血压, 疾病_不稳定性心绞痛","0,1",0,0.1875
疾病_反流性食管炎,"疾病_高血压, 疾病_不稳定性心绞痛","0,1",1,0.8125
疾病_反流性食管炎,"疾病_高血压, 疾病_不稳定性心绞痛","1,0",0,0.5
疾病_反流性食管炎,"疾病_高血压, 疾病_不稳定性心绞痛","1,0",1,0.5
疾病_反流性食管炎,"疾病_高血压, 疾病_不稳定性心绞痛","1,1",0,0.5
疾病_反流性食管炎,"疾病_高血压, 疾病_不稳定性心绞痛","1,1",1,0.5
疾病_动脉硬化,"疾病_高脂血症, 疾病_高血压","0,0",0,0.9190751445086706
疾病_动脉硬化,"疾病_高脂血症, 疾病_高血压","0,0",1,0.08092485549132948
疾病_动脉硬化,"疾病_高脂血症, 疾病_高血压","0,1",0,0.5
疾病_动脉硬化,"疾病_高脂血症, 疾病_高血压","0,1",1,0.5
疾病_动脉硬化,"疾病_高脂血症, 疾病_高血压","1,0",0,0.6220472440944882
疾病_动脉硬化,"疾病_高脂血症, 疾病_高血压","1,0",1,0.3779527559055118
疾病_动脉硬化,"疾病_高脂血症, 疾病_高血压","1,1",0,0.5
疾病_动脉硬化,"疾病_高脂血症, 疾病_高血压","1,1",1,0.5
疾病_脂肪肝,"药物_匹伐他汀钙片, 疾病_高血压, 疾病_胆囊结石, 疾病_非毒性多个甲状腺结节","0,0,0,0",0,0.915929203539823
疾病_脂肪肝,"药物_匹伐他汀钙片, 疾病_高血压, 疾病_胆囊结石, 疾病_非毒性多个甲状腺结节","0,0,0,0",1,0.084070796460177
疾病_脂肪肝,"药物_匹伐他汀钙片, 疾病_高血压, 疾病_胆囊结石, 疾病_非毒性多个甲状腺结节","0,0,0,1",0,0.3181818181818182
疾病_脂肪肝,"药物_匹伐他汀钙片, 疾病_高血压, 疾病_胆囊结石, 疾病_非毒性多个甲状腺结节","0,0,0,1",1,0.6818181818181818
疾病_脂肪肝,"药物_匹伐他汀钙片, 疾病_高血压, 疾病_胆囊结石, 疾病_非毒性多个甲状腺结节","0,0,1,0",0,0.6470588235294118
疾病_脂肪肝,"药物_匹伐他汀钙片, 疾病_高血压, 疾病_胆囊结石, 疾病_非毒性多个甲状腺结节","0,0,1,0",1,0.35294117647058826
疾病_脂肪肝,"药物_匹伐他汀钙片, 疾病_高血压, 疾病_胆囊结石, 疾病_非毒性多个甲状腺结节","0,0,1,1",0,0.5
疾病_脂肪肝,"药物_匹伐他汀钙片, 疾病_高血压, 疾病_胆囊结石, 疾病_非毒性多个甲状腺结节","0,0,1,1",1,0.5
疾病_脂肪肝,"药物_匹伐他汀钙片, 疾病_高血压, 疾病_胆囊结石, 疾病_非毒性多个甲状腺结节","0,1,0,0",0,0.5
疾病_脂肪肝,"药物_匹伐他汀钙片, 疾病_高血压, 疾病_胆囊结石, 疾病_非毒性多个甲状腺结节","0,1,0,0",1,0.5
疾病_脂肪肝,"药物_匹伐他汀钙片, 疾病_高血压, 疾病_胆囊结石, 疾病_非毒性多个甲状腺结节","0,1,0,1",0,0.5
疾病_脂肪肝,"药物_匹伐他汀钙片, 疾病_高血压, 疾病_胆囊结石, 疾病_非毒性多个甲状腺结节","0,1,0,1",1,0.5
疾病_脂肪肝,"药物_匹伐他汀钙片, 疾病_高血压, 疾病_胆囊结石, 疾病_非毒性多个甲状腺结节","0,1,1,0",0,0.5
疾病_脂肪肝,"药物_匹伐他汀钙片, 疾病_高血压, 疾病_胆囊结石, 疾病_非毒性多个甲状腺结节","0,1,1,0",1,0.5
疾病_脂肪肝,"药物_匹伐他汀钙片, 疾病_高血压, 疾病_胆囊结石, 疾病_非毒性多个甲状腺结节","0,1,1,1",0,0.5
疾病_脂肪肝,"药物_匹伐他汀钙片, 疾病_高血压, 疾病_胆囊结石, 疾病_非毒性多个甲状腺结节","0,1,1,1",1,0.5
疾病_脂肪肝,"药物_匹伐他汀钙片, 疾病_高血压, 疾病_胆囊结石, 疾病_非毒性多个甲状腺结节","1,0,0,0",0,0.5384615384615384
疾病_脂肪肝,"药物_匹伐他汀钙片, 疾病_高血压, 疾病_胆囊结石, 疾病_非毒性多个甲状腺结节","1,0,0,0",1,0.46153846153846156
疾病_脂肪肝,"药物_匹伐他汀钙片, 疾病_高血压, 疾病_胆囊结石, 疾病_非毒性多个甲状腺结节","1,0,0,1",0,1.0
疾病_脂肪肝,"药物_匹伐他汀钙片, 疾病_高血压, 疾病_胆囊结石, 疾病_非毒性多个甲状腺结节","1,0,0,1",1,0.0
疾病_脂肪肝,"药物_匹伐他汀钙片, 疾病_高血压, 疾病_胆囊结石, 疾病_非毒性多个甲状腺结节","1,0,1,0",0,0.0
疾病_脂肪肝,"药物_匹伐他汀钙片, 疾病_高血压, 疾病_胆囊结石, 疾病_非毒性多个甲状腺结节","1,0,1,0",1,1.0
疾病_脂肪肝,"药物_匹伐他汀钙片, 疾病_高血压, 疾病_胆囊结石, 疾病_非毒性多个甲状腺结节","1,0,1,1",0,1.0
疾病_脂肪肝,"药物_匹伐他汀钙片, 疾病_高血压, 疾病_胆囊结石, 疾病_非毒性多个甲状腺结节","1,0,1,1",1,0.0
疾病_脂肪肝,"药物_匹伐他汀钙片, 疾病_高血压, 疾病_胆囊结石, 疾病_非毒性多个甲状腺结节","1,1,0,0",0,0.5
疾病_脂肪肝,"药物_匹伐他汀钙片, 疾病_高血压, 疾病_胆囊结石, 疾病_非毒性多个甲状腺结节","1,1,0,0",1,0.5
疾病_脂肪肝,"药物_匹伐他汀钙片, 疾病_高血压, 疾病_胆囊结石, 疾病_非毒性多个甲状腺结节","1,1,0,1",0,0.5
疾病_脂肪肝,"药物_匹伐他汀钙片, 疾病_高血压, 疾病_胆囊结石, 疾病_非毒性多个甲状腺结节","1,1,0,1",1,0.5
疾病_脂肪肝,"药物_匹伐他汀钙片, 疾病_高血压, 疾病_胆囊结石, 疾病_非毒性多个甲状腺结节","1,1,1,0",0,0.5
疾病_脂肪肝,"药物_匹伐他汀钙片, 疾病_高血压, 疾病_胆囊结石, 疾病_非毒性多个甲状腺结节","1,1,1,0",1,0.5
疾病_脂肪肝,"药物_匹伐他汀钙片, 疾病_高血压, 疾病_胆囊结石, 疾病_非毒性多个甲状腺结节","1,1,1,1",0,0.5
疾病_脂肪肝,"药物_匹伐他汀钙片, 疾病_高血压, 疾病_胆囊结石, 疾病_非毒性多个甲状腺结节","1,1,1,1",1,0.5
疾病_混合痔,"疾病_高血压, 疾病_反流性食管炎, 疾病_肛乳头肥大","0,0,0",0,0.9112149532710281
疾病_混合痔,"疾病_高血压, 疾病_反流性食管炎, 疾病_肛乳头肥大","0,0,0",1,0.08878504672897196
疾病_混合痔,"疾病_高血压, 疾病_反流性食管炎, 疾病_肛乳头肥大","0,0,1",0,0.0
疾病_混合痔,"疾病_高血压, 疾病_反流性食管炎, 疾病_肛乳头肥大","0,0,1",1,1.0
疾病_混合痔,"疾病_高血压, 疾病_反流性食管炎, 疾病_肛乳头肥大","0,1,0",0,1.0
疾病_混合痔,"疾病_高血压, 疾病_反流性食管炎, 疾病_肛乳头肥大","0,1,0",1,0.0
疾病_混合痔,"疾病_高血压, 疾病_反流性食管炎, 疾病_肛乳头肥大","0,1,1",0,0.5
疾病_混合痔,"疾病_高血压, 疾病_反流性食管炎, 疾病_肛乳头肥大","0,1,1",1,0.5
疾病_混合痔,"疾病_高血压, 疾病_反流性食管炎, 疾病_肛乳头肥大","1,0,0",0,0.5
疾病_混合痔,"疾病_高血压, 疾病_反流性食管炎, 疾病_肛乳头肥大","1,0,0",1,0.5
疾病_混合痔,"疾病_高血压, 疾病_反流性食管炎, 疾病_肛乳头肥大","1,0,1",0,0.5
疾病_混合痔,"疾病_高血压, 疾病_反流性食管炎, 疾病_肛乳头肥大","1,0,1",1,0.5
疾病_混合痔,"疾病_高血压, 疾病_反流性食管炎, 疾病_肛乳头肥大","1,1,0",0,0.5
疾病_混合痔,"疾病_高血压, 疾病_反流性食管炎, 疾病_肛乳头肥大","1,1,0",1,0.5
疾病_混合痔,"疾病_高血压, 疾病_反流性食管炎, 疾病_肛乳头肥大","1,1,1",0,0.5
疾病_混合痔,"疾病_高血压, 疾病_反流性食管炎, 疾病_肛乳头肥大","1,1,1",1,0.5
疾病_高尿酸血症,"检验_尿酸, 疾病_糖尿病性周围神经病, 疾病_腔隙性脑梗死","0,0,0",0,0.927710843373494
疾病_高尿酸血症,"检验_尿酸, 疾病_糖尿病性周围神经病, 疾病_腔隙性脑梗死","0,0,0",1,0.07228915662650602
疾病_高尿酸血症,"检验_尿酸, 疾病_糖尿病性周围神经病, 疾病_腔隙性脑梗死","0,0,1",0,1.0
疾病_高尿酸血症,"检验_尿酸, 疾病_糖尿病性周围神经病, 疾病_腔隙性脑梗死","0,0,1",1,0.0
疾病_高尿酸血症,"检验_尿酸, 疾病_糖尿病性周围神经病, 疾病_腔隙性脑梗死","0,1,0",0,0.9090909090909091
疾病_高尿酸血症,"检验_尿酸, 疾病_糖尿病性周围神经病, 疾病_腔隙性脑梗死","0,1,0",1,0.09090909090909091
疾病_高尿酸血症,"检验_尿酸, 疾病_糖尿病性周围神经病, 疾病_腔隙性脑梗死","0,1,1",0,0.0
疾病_高尿酸血症,"检验_尿酸, 疾病_糖尿病性周围神经病, 疾病_腔隙性脑梗死","0,1,1",1,1.0
疾病_高尿酸血症,"检验_尿酸, 疾病_糖尿病性周围神经病, 疾病_腔隙性脑梗死","1,0,0",0,0.855072463768116
疾病_高尿酸血症,"检验_尿酸, 疾病_糖尿病性周围神经病, 疾病_腔隙性脑梗死","1,0,0",1,0.14492753623188406
疾病_高尿酸血症,"检验_尿酸, 疾病_糖尿病性周围神经病, 疾病_腔隙性脑梗死","1,0,1",0,1.0
疾病_高尿酸血症,"检验_尿酸, 疾病_糖尿病性周围神经病, 疾病_腔隙性脑梗死","1,0,1",1,0.0
疾病_高尿酸血症,"检验_尿酸, 疾病_糖尿病性周围神经病, 疾病_腔隙性脑梗死","1,1,0",0,0.14285714285714285
疾病_高尿酸血症,"检验_尿酸, 疾病_糖尿病性周围神经病, 疾病_腔隙性脑梗死","1,1,0",1,0.8571428571428571
疾病_高尿酸血症,"检验_尿酸, 疾病_糖尿病性周围神经病, 疾病_腔隙性脑梗死","1,1,1",0,0.5
疾病_高尿酸血症,"检验_尿酸, 疾病_糖尿病性周围神经病, 疾病_腔隙性脑梗死","1,1,1",1,0.5
疾病_心律失常,"疾病_颈总动脉斑块, 药物_阿托伐他汀钙片, 药物_富马酸比索洛尔片","0,0,0",0,0.9454545454545454
疾病_心律失常,"疾病_颈总动脉斑块, 药物_阿托伐他汀钙片, 药物_富马酸比索洛尔片","0,0,0",1,0.05454545454545454
疾病_心律失常,"疾病_颈总动脉斑块, 药物_阿托伐他汀钙片, 药物_富马酸比索洛尔片","0,0,1",0,0.6818181818181818
疾病_心律失常,"疾病_颈总动脉斑块, 药物_阿托伐他汀钙片, 药物_富马酸比索洛尔片","0,0,1",1,0.3181818181818182
疾病_心律失常,"疾病_颈总动脉斑块, 药物_阿托伐他汀钙片, 药物_富马酸比索洛尔片","0,1,0",0,0.9642857142857143
疾病_心律失常,"疾病_颈总动脉斑块, 药物_阿托伐他汀钙片, 药物_富马酸比索洛尔片","0,1,0",1,0.03571428571428571
疾病_心律失常,"疾病_颈总动脉斑块, 药物_阿托伐他汀钙片, 药物_富马酸比索洛尔片","0,1,1",0,0.9230769230769231
疾病_心律失常,"疾病_颈总动脉斑块, 药物_阿托伐他汀钙片, 药物_富马酸比索洛尔片","0,1,1",1,0.07692307692307693
疾病_心律失常,"疾病_颈总动脉斑块, 药物_阿托伐他汀钙片, 药物_富马酸比索洛尔片","1,0,0",0,0.125
疾病_心律失常,"疾病_颈总动脉斑块, 药物_阿托伐他汀钙片, 药物_富马酸比索洛尔片","1,0,0",1,0.875
疾病_心律失常,"疾病_颈总动脉斑块, 药物_阿托伐他汀钙片, 药物_富马酸比索洛尔片","1,0,1",0,1.0
疾病_心律失常,"疾病_颈总动脉斑块, 药物_阿托伐他汀钙片, 药物_富马酸比索洛尔片","1,0,1",1,0.0
疾病_心律失常,"疾病_颈总动脉斑块, 药物_阿托伐他汀钙片, 药物_富马酸比索洛尔片","1,1,0",0,1.0
疾病_心律失常,"疾病_颈总动脉斑块, 药物_阿托伐他汀钙片, 药物_富马酸比索洛尔片","1,1,0",1,0.0
疾病_心律失常,"疾病_颈总动脉斑块, 药物_阿托伐他汀钙片, 药物_富马酸比索洛尔片","1,1,1",0,0.5
疾病_心律失常,"疾病_颈总动脉斑块, 药物_阿托伐他汀钙片, 药物_富马酸比索洛尔片","1,1,1",1,0.5
疾病_肺部感染,药物_氯化钾注射液,0,0,0.9411764705882353
疾病_肺部感染,药物_氯化钾注射液,0,1,0.058823529411764705
疾病_肺部感染,药物_氯化钾注射液,1,0,0.0
疾病_肺部感染,药物_氯化钾注射液,1,1,1.0
疾病_尿毒症,"药物_重组人促红素注射液, 疾病_冠状动脉粥样硬化性心脏病","0,0",0,1.0
疾病_尿毒症,"药物_重组人促红素注射液, 疾病_冠状动脉粥样硬化性心脏病","0,0",1,0.0
疾病_尿毒症,"药物_重组人促红素注射液, 疾病_冠状动脉粥样硬化性心脏病","0,1",0,1.0
疾病_尿毒症,"药物_重组人促红素注射液, 疾病_冠状动脉粥样硬化性心脏病","0,1",1,0.0
疾病_尿毒症,"药物_重组人促红素注射液, 疾病_冠状动脉粥样硬化性心脏病","1,0",0,0.0
疾病_尿毒症,"药物_重组人促红素注射液, 疾病_冠状动脉粥样硬化性心脏病","1,0",1,1.0
疾病_尿毒症,"药物_重组人促红素注射液, 疾病_冠状动脉粥样硬化性心脏病","1,1",0,1.0
疾病_尿毒症,"药物_重组人促红素注射液, 疾病_冠状动脉粥样硬化性心脏病","1,1",1,0.0
疾病_前列腺增生,"疾病_高血压, 疾病_高脂血症, 疾病_肺恶性肿瘤","0,0,0",0,0.9294871794871795
疾病_前列腺增生,"疾病_高血压, 疾病_高脂血症, 疾病_肺恶性肿瘤","0,0,0",1,0.07051282051282051
疾病_前列腺增生,"疾病_高血压, 疾病_高脂血症, 疾病_肺恶性肿瘤","0,0,1",0,0.9411764705882353
疾病_前列腺增生,"疾病_高血压, 疾病_高脂血症, 疾病_肺恶性肿瘤","0,0,1",1,0.058823529411764705
疾病_前列腺增生,"疾病_高血压, 疾病_高脂血症, 疾病_肺恶性肿瘤","0,1,0",0,0.8536585365853658
疾病_前列腺增生,"疾病_高血压, 疾病_高脂血症, 疾病_肺恶性肿瘤","0,1,0",1,0.14634146341463414
疾病_前列腺增生,"疾病_高血压, 疾病_高脂血症, 疾病_肺恶性肿瘤","0,1,1",0,0.0
疾病_前列腺增生,"疾病_高血压, 疾病_高脂血症, 疾病_肺恶性肿瘤","0,1,1",1,1.0
疾病_前列腺增生,"疾病_高血压, 疾病_高脂血症, 疾病_肺恶性肿瘤","1,0,0",0,0.5
疾病_前列腺增生,"疾病_高血压, 疾病_高脂血症, 疾病_肺恶性肿瘤","1,0,0",1,0.5
疾病_前列腺增生,"疾病_高血压, 疾病_高脂血症, 疾病_肺恶性肿瘤","1,0,1",0,0.5
疾病_前列腺增生,"疾病_高血压, 疾病_高脂血症, 疾病_肺恶性肿瘤","1,0,1",1,0.5
疾病_前列腺增生,"疾病_高血压, 疾病_高脂血症, 疾病_肺恶性肿瘤","1,1,0",0,0.5
疾病_前列腺增生,"疾病_高血压, 疾病_高脂血症, 疾病_肺恶性肿瘤","1,1,0",1,0.5
疾病_前列腺增生,"疾病_高血压, 疾病_高脂血症, 疾病_肺恶性肿瘤","1,1,1",0,0.5
疾病_前列腺增生,"疾病_高血压, 疾病_高脂血症, 疾病_肺恶性肿瘤","1,1,1",1,0.5
疾病_非毒性多个甲状腺结节,疾病_高血压,0,0,0.89
疾病_非毒性多个甲状腺结节,疾病_高血压,0,1,0.11
疾病_非毒性多个甲状腺结节,疾病_高血压,1,0,0.5
疾病_非毒性多个甲状腺结节,疾病_高血压,1,1,0.5
疾病_腔隙性脑梗死,"疾病_高脂血症, 检验_肌酐","0,0",0,0.937984496124031
疾病_腔隙性脑梗死,"疾病_高脂血症, 检验_肌酐","0,0",1,0.06201550387596899
疾病_腔隙性脑梗死,"疾病_高脂血症, 检验_肌酐","0,1",0,1.0
疾病_腔隙性脑梗死,"疾病_高脂血症, 检验_肌酐","0,1",1,0.0
疾病_腔隙性脑梗死,"疾病_高脂血症, 检验_肌酐","1,0",0,0.8076923076923077
疾病_腔隙性脑梗死,"疾病_高脂血症, 检验_肌酐","1,0",1,0.19230769230769232
疾病_腔隙性脑梗死,"疾病_高脂血症, 检验_肌酐","1,1",0,0.9565217391304348
疾病_腔隙性脑梗死,"疾病_高脂血症, 检验_肌酐","1,1",1,0.043478260869565216
疾病_泌尿系感染,"疾病_低蛋白血症, 检验_直接胆红素, 药物_阿卡波糖片","0,0,0",0,0.9148936170212766
疾病_泌尿系感染,"疾病_低蛋白血症, 检验_直接胆红素, 药物_阿卡波糖片","0,0,0",1,0.0851063829787234
疾病_泌尿系感染,"疾病_低蛋白血症, 检验_直接胆红素, 药物_阿卡波糖片","0,0,1",0,0.8611111111111112
疾病_泌尿系感染,"疾病_低蛋白血症, 检验_直接胆红素, 药物_阿卡波糖片","0,0,1",1,0.1388888888888889
疾病_泌尿系感染,"疾病_低蛋白血症, 检验_直接胆红素, 药物_阿卡波糖片","0,1,0",0,1.0
疾病_泌尿系感染,"疾病_低蛋白血症, 检验_直接胆红素, 药物_阿卡波糖片","0,1,0",1,0.0
疾病_泌尿系感染,"疾病_低蛋白血症, 检验_直接胆红素, 药物_阿卡波糖片","0,1,1",0,0.6666666666666666
疾病_泌尿系感染,"疾病_低蛋白血症, 检验_直接胆红素, 药物_阿卡波糖片","0,1,1",1,0.3333333333333333
疾病_泌尿系感染,"疾病_低蛋白血症, 检验_直接胆红素, 药物_阿卡波糖片","1,0,0",0,0.5
疾病_泌尿系感染,"疾病_低蛋白血症, 检验_直接胆红素, 药物_阿卡波糖片","1,0,0",1,0.5
疾病_泌尿系感染,"疾病_低蛋白血症, 检验_直接胆红素, 药物_阿卡波糖片","1,0,1",0,0.09090909090909091
疾病_泌尿系感染,"疾病_低蛋白血症, 检验_直接胆红素, 药物_阿卡波糖片","1,0,1",1,0.9090909090909091
疾病_泌尿系感染,"疾病_低蛋白血症, 检验_直接胆红素, 药物_阿卡波糖片","1,1,0",0,0.875
疾病_泌尿系感染,"疾病_低蛋白血症, 检验_直接胆红素, 药物_阿卡波糖片","1,1,0",1,0.125
疾病_泌尿系感染,"疾病_低蛋白血症, 检验_直接胆红素, 药物_阿卡波糖片","1,1,1",0,1.0
疾病_泌尿系感染,"疾病_低蛋白血症, 检验_直接胆红素, 药物_阿卡波糖片","1,1,1",1,0.0
疾病_后天性肾囊肿,疾病_非毒性多个甲状腺结节,0,0,0.9101123595505618
疾病_后天性肾囊肿,疾病_非毒性多个甲状腺结节,0,1,0.0898876404494382
疾病_后天性肾囊肿,疾病_非毒性多个甲状腺结节,1,0,0.6666666666666666
疾病_后天性肾囊肿,疾病_非毒性多个甲状腺结节,1,1,0.3333333333333333
疾病_糖尿病性周围神经病,"疾病_糖尿病, 疾病_反流性食管炎, 药物_阿卡波糖片","0,0,0",0,1.0
疾病_糖尿病性周围神经病,"疾病_糖尿病, 疾病_反流性食管炎, 药物_阿卡波糖片","0,0,0",1,0.0
疾病_糖尿病性周围神经病,"疾病_糖尿病, 疾病_反流性食管炎, 药物_阿卡波糖片","0,0,1",0,1.0
疾病_糖尿病性周围神经病,"疾病_糖尿病, 疾病_反流性食管炎, 药物_阿卡波糖片","0,0,1",1,0.0
疾病_糖尿病性周围神经病,"疾病_糖尿病, 疾病_反流性食管炎, 药物_阿卡波糖片","0,1,0",0,1.0
疾病_糖尿病性周围神经病,"疾病_糖尿病, 疾病_反流性食管炎, 药物_阿卡波糖片","0,1,0",1,0.0
疾病_糖尿病性周围神经病,"疾病_糖尿病, 疾病_反流性食管炎, 药物_阿卡波糖片","0,1,1",0,0.0
疾病_糖尿病性周围神经病,"疾病_糖尿病, 疾病_反流性食管炎, 药物_阿卡波糖片","0,1,1",1,1.0
疾病_糖尿病性周围神经病,"疾病_糖尿病, 疾病_反流性食管炎, 药物_阿卡波糖片","1,0,0",0,0.7638888888888888
疾病_糖尿病性周围神经病,"疾病_糖尿病, 疾病_反流性食管炎, 药物_阿卡波糖片","1,0,0",1,0.2361111111111111
疾病_糖尿病性周围神经病,"疾病_糖尿病, 疾病_反流性食管炎, 药物_阿卡波糖片","1,0,1",0,0.5945945945945946
疾病_糖尿病性周围神经病,"疾病_糖尿病, 疾病_反流性食管炎, 药物_阿卡波糖片","1,0,1",1,0.40540540540540543
疾病_糖尿病性周围神经病,"疾病_糖尿病, 疾病_反流性食管炎, 药物_阿卡波糖片","1,1,0",0,1.0
疾病_糖尿病性周围神经病,"疾病_糖尿病, 疾病_反流性食管炎, 药物_阿卡波糖片","1,1,0",1,0.0
疾病_糖尿病性周围神经病,"疾病_糖尿病, 疾病_反流性食管炎, 药物_阿卡波糖片","1,1,1",0,0.5714285714285714
疾病_糖尿病性周围神经病,"疾病_糖尿病, 疾病_反流性食管炎, 药物_阿卡波糖片","1,1,1",1,0.42857142857142855
疾病_低蛋白血症,"检验_血红蛋白, 药物_盐酸曲美他嗪片","0,0",0,0.9938271604938271
疾病_低蛋白血症,"检验_血红蛋白, 药物_盐酸曲美他嗪片","0,0",1,0.006172839506172839
疾病_低蛋白血症,"检验_血红蛋白, 药物_盐酸曲美他嗪片","0,1",0,1.0
疾病_低蛋白血症,"检验_血红蛋白, 药物_盐酸曲美他嗪片","0,1",1,0.0
疾病_低蛋白血症,"检验_血红蛋白, 药物_盐酸曲美他嗪片","1,0",0,0.8770491803278688
疾病_低蛋白血症,"检验_血红蛋白, 药物_盐酸曲美他嗪片","1,0",1,0.12295081967213115
疾病_低蛋白血症,"检验_血红蛋白, 药物_盐酸曲美他嗪片","1,1",0,0.1111111111111111
疾病_低蛋白血症,"检验_血红蛋白, 药物_盐酸曲美他嗪片","1,1",1,0.8888888888888888
疾病_肢体动脉硬化,"疾病_高同型半胱氨酸血症, 疾病_颈总动脉斑块","0,0",0,0.9710144927536232
疾病_肢体动脉硬化,"疾病_高同型半胱氨酸血症, 疾病_颈总动脉斑块","0,0",1,0.028985507246376812
疾病_肢体动脉硬化,"疾病_高同型半胱氨酸血症, 疾病_颈总动脉斑块","0,1",0,0.4
疾病_肢体动脉硬化,"疾病_高同型半胱氨酸血症, 疾病_颈总动脉斑块","0,1",1,0.6
疾病_肢体动脉硬化,"疾病_高同型半胱氨酸血症, 疾病_颈总动脉斑块","1,0",0,0.42857142857142855
疾病_肢体动脉硬化,"疾病_高同型半胱氨酸血症, 疾病_颈总动脉斑块","1,0",1,0.5714285714285714
疾病_肢体动脉硬化,"疾病_高同型半胱氨酸血症, 疾病_颈总动脉斑块","1,1",0,1.0
疾病_肢体动脉硬化,"疾病_高同型半胱氨酸血症, 疾病_颈总动脉斑块","1,1",1,0.0
疾病_脑梗死,药物_肝素钠注射液,0,0,0.9484536082474226
疾病_脑梗死,药物_肝素钠注射液,0,1,0.05154639175257732
疾病_脑梗死,药物_肝素钠注射液,1,0,0.1111111111111111
疾病_脑梗死,药物_肝素钠注射液,1,1,0.8888888888888888
疾病_白内障,"疾病_老年性白内障, 疾病_糖尿病性视网膜病变, 检验_红细胞","0,0,0",0,0.9828571428571429
疾病_白内障,"疾病_老年性白内障, 疾病_糖尿病性视网膜病变, 检验_红细胞","0,0,0",1,0.017142857142857144
疾病_白内障,"疾病_老年性白内障, 疾病_糖尿病性视网膜病变, 检验_红细胞","0,0,1",0,0.9166666666666666
疾病_白内障,"疾病_老年性白内障, 疾病_糖尿病性视网膜病变, 检验_红细胞","0,0,1",1,0.08333333333333333
疾病_白内障,"疾病_老年性白内障, 疾病_糖尿病性视网膜病变, 检验_红细胞","0,1,0",0,0.0
疾病_白内障,"疾病_老年性白内障, 疾病_糖尿病性视网膜病变, 检验_红细胞","0,1,0",1,1.0
疾病_白内障,"疾病_老年性白内障, 疾病_糖尿病性视网膜病变, 检验_红细胞","0,1,1",0,0.8
疾病_白内障,"疾病_老年性白内障, 疾病_糖尿病性视网膜病变, 检验_红细胞","0,1,1",1,0.2
疾病_白内障,"疾病_老年性白内障, 疾病_糖尿病性视网膜病变, 检验_红细胞","1,0,0",0,0.16666666666666666
疾病_白内障,"疾病_老年性白内障, 疾病_糖尿病性视网膜病变, 检验_红细胞","1,0,0",1,0.8333333333333334
疾病_白内障,"疾病_老年性白内障, 疾病_糖尿病性视网膜病变, 检验_红细胞","1,0,1",0,1.0
疾病_白内障,"疾病_老年性白内障, 疾病_糖尿病性视网膜病变, 检验_红细胞","1,0,1",1,0.0
疾病_白内障,"疾病_老年性白内障, 疾病_糖尿病性视网膜病变, 检验_红细胞","1,1,0",0,0.5
疾病_白内障,"疾病_老年性白内障, 疾病_糖尿病性视网膜病变, 检验_红细胞","1,1,0",1,0.5
疾病_白内障,"疾病_老年性白内障, 疾病_糖尿病性视网膜病变, 检验_红细胞","1,1,1",0,0.5
疾病_白内障,"疾病_老年性白内障, 疾病_糖尿病性视网膜病变, 检验_红细胞","1,1,1",1,0.5
疾病_心功能,"疾病_不稳定性心绞痛, 检验_嗜酸性粒细胞数量, 疾病_低钾血症","0,0,0",0,1.0
疾病_心功能,"疾病_不稳定性心绞痛, 检验_嗜酸性粒细胞数量, 疾病_低钾血症","0,0,0",1,0.0
疾病_心功能,"疾病_不稳定性心绞痛, 检验_嗜酸性粒细胞数量, 疾病_低钾血症","0,0,1",0,0.8
疾病_心功能,"疾病_不稳定性心绞痛, 检验_嗜酸性粒细胞数量, 疾病_低钾血症","0,0,1",1,0.2
疾病_心功能,"疾病_不稳定性心绞痛, 检验_嗜酸性粒细胞数量, 疾病_低钾血症","0,1,0",0,0.875
疾病_心功能,"疾病_不稳定性心绞痛, 检验_嗜酸性粒细胞数量, 疾病_低钾血症","0,1,0",1,0.125
疾病_心功能,"疾病_不稳定性心绞痛, 检验_嗜酸性粒细胞数量, 疾病_低钾血症","0,1,1",0,1.0
疾病_心功能,"疾病_不稳定性心绞痛, 检验_嗜酸性粒细胞数量, 疾病_低钾血症","0,1,1",1,0.0
疾病_心功能,"疾病_不稳定性心绞痛, 检验_嗜酸性粒细胞数量, 疾病_低钾血症","1,0,0",0,0.7142857142857143
疾病_心功能,"疾病_不稳定性心绞痛, 检验_嗜酸性粒细胞数量, 疾病_低钾血症","1,0,0",1,0.2857142857142857
疾病_心功能,"疾病_不稳定性心绞痛, 检验_嗜酸性粒细胞数量, 疾病_低钾血症","1,0,1",0,0.0
疾病_心功能,"疾病_不稳定性心绞痛, 检验_嗜酸性粒细胞数量, 疾病_低钾血症","1,0,1",1,1.0
疾病_心功能,"疾病_不稳定性心绞痛, 检验_嗜酸性粒细胞数量, 疾病_低钾血症","1,1,0",0,0.0
疾病_心功能,"疾病_不稳定性心绞痛, 检验_嗜酸性粒细胞数量, 疾病_低钾血症","1,1,0",1,1.0
疾病_心功能,"疾病_不稳定性心绞痛, 检验_嗜酸性粒细胞数量, 疾病_低钾血症","1,1,1",0,0.5
疾病_心功能,"疾病_不稳定性心绞痛, 检验_嗜酸性粒细胞数量, 疾病_低钾血症","1,1,1",1,0.5
疾病_肝囊肿,"检验_葡萄糖, 疾病_高血压, 疾病_糖尿病","0,0,0",0,0.8738738738738738
疾病_肝囊肿,"检验_葡萄糖, 疾病_高血压, 疾病_糖尿病","0,0,0",1,0.12612612612612611
疾病_肝囊肿,"检验_葡萄糖, 疾病_高血压, 疾病_糖尿病","0,0,1",0,0.975
疾病_肝囊肿,"检验_葡萄糖, 疾病_高血压, 疾病_糖尿病","0,0,1",1,0.025
疾病_肝囊肿,"检验_葡萄糖, 疾病_高血压, 疾病_糖尿病","0,1,0",0,0.5
疾病_肝囊肿,"检验_葡萄糖, 疾病_高血压, 疾病_糖尿病","0,1,0",1,0.5
疾病_肝囊肿,"检验_葡萄糖, 疾病_高血压, 疾病_糖尿病","0,1,1",0,0.5
疾病_肝囊肿,"检验_葡萄糖, 疾病_高血压, 疾病_糖尿病","0,1,1",1,0.5
疾病_肝囊肿,"检验_葡萄糖, 疾病_高血压, 疾病_糖尿病","1,0,0",0,1.0
疾病_肝囊肿,"检验_葡萄糖, 疾病_高血压, 疾病_糖尿病","1,0,0",1,0.0
疾病_肝囊肿,"检验_葡萄糖, 疾病_高血压, 疾病_糖尿病","1,0,1",0,1.0
疾病_肝囊肿,"检验_葡萄糖, 疾病_高血压, 疾病_糖尿病","1,0,1",1,0.0
疾病_肝囊肿,"检验_葡萄糖, 疾病_高血压, 疾病_糖尿病","1,1,0",0,0.5
疾病_肝囊肿,"检验_葡萄糖, 疾病_高血压, 疾病_糖尿病","1,1,0",1,0.5
疾病_肝囊肿,"检验_葡萄糖, 疾病_高血压, 疾病_糖尿病","1,1,1",0,0.5
疾病_肝囊肿,"检验_葡萄糖, 疾病_高血压, 疾病_糖尿病","1,1,1",1,0.5
疾病_恶性肿瘤维持性化学治疗,"疾病_反流性食管炎, 检验_转肽酶, 药物_贞芪扶正, 疾病_肺恶性肿瘤","0,0,0,0",0,1.0
疾病_恶性肿瘤维持性化学治疗,"疾病_反流性食管炎, 检验_转肽酶, 药物_贞芪扶正, 疾病_肺恶性肿瘤","0,0,0,0",1,0.0
疾病_恶性肿瘤维持性化学治疗,"疾病_反流性食管炎, 检验_转肽酶, 药物_贞芪扶正, 疾病_肺恶性肿瘤","0,0,0,1",0,0.8571428571428571
疾病_恶性肿瘤维持性化学治疗,"疾病_反流性食管炎, 检验_转肽酶, 药物_贞芪扶正, 疾病_肺恶性肿瘤","0,0,0,1",1,0.14285714285714285
疾病_恶性肿瘤维持性化学治疗,"疾病_反流性食管炎, 检验_转肽酶, 药物_贞芪扶正, 疾病_肺恶性肿瘤","0,0,1,0",0,0.5
疾病_恶性肿瘤维持性化学治疗,"疾病_反流性食管炎, 检验_转肽酶, 药物_贞芪扶正, 疾病_肺恶性肿瘤","0,0,1,0",1,0.5
疾病_恶性肿瘤维持性化学治疗,"疾病_反流性食管炎, 检验_转肽酶, 药物_贞芪扶正, 疾病_肺恶性肿瘤","0,0,1,1",0,1.0
疾病_恶性肿瘤维持性化学治疗,"疾病_反流性食管炎, 检验_转肽酶, 药物_贞芪扶正, 疾病_肺恶性肿瘤","0,0,1,1",1,0.0
疾病_恶性肿瘤维持性化学治疗,"疾病_反流性食管炎, 检验_转肽酶, 药物_贞芪扶正, 疾病_肺恶性肿瘤","0,1,0,0",0,0.868421052631579
疾病_恶性肿瘤维持性化学治疗,"疾病_反流性食管炎, 检验_转肽酶, 药物_贞芪扶正, 疾病_肺恶性肿瘤","0,1,0,0",1,0.13157894736842105
疾病_恶性肿瘤维持性化学治疗,"疾病_反流性食管炎, 检验_转肽酶, 药物_贞芪扶正, 疾病_肺恶性肿瘤","0,1,0,1",0,0.5
疾病_恶性肿瘤维持性化学治疗,"疾病_反流性食管炎, 检验_转肽酶, 药物_贞芪扶正, 疾病_肺恶性肿瘤","0,1,0,1",1,0.5
疾病_恶性肿瘤维持性化学治疗,"疾病_反流性食管炎, 检验_转肽酶, 药物_贞芪扶正, 疾病_肺恶性肿瘤","0,1,1,0",0,1.0
疾病_恶性肿瘤维持性化学治疗,"疾病_反流性食管炎, 检验_转肽酶, 药物_贞芪扶正, 疾病_肺恶性肿瘤","0,1,1,0",1,0.0
疾病_恶性肿瘤维持性化学治疗,"疾病_反流性食管炎, 检验_转肽酶, 药物_贞芪扶正, 疾病_肺恶性肿瘤","0,1,1,1",0,0.5
疾病_恶性肿瘤维持性化学治疗,"疾病_反流性食管炎, 检验_转肽酶, 药物_贞芪扶正, 疾病_肺恶性肿瘤","0,1,1,1",1,0.5
疾病_恶性肿瘤维持性化学治疗,"疾病_反流性食管炎, 检验_转肽酶, 药物_贞芪扶正, 疾病_肺恶性肿瘤","1,0,0,0",0,1.0
疾病_恶性肿瘤维持性化学治疗,"疾病_反流性食管炎, 检验_转肽酶, 药物_贞芪扶正, 疾病_肺恶性肿瘤","1,0,0,0",1,0.0
疾病_恶性肿瘤维持性化学治疗,"疾病_反流性食管炎, 检验_转肽酶, 药物_贞芪扶正, 疾病_肺恶性肿瘤","1,0,0,1",0,0.0
疾病_恶性肿瘤维持性化学治疗,"疾病_反流性食管炎, 检验_转肽酶, 药物_贞芪扶正, 疾病_肺恶性肿瘤","1,0,0,1",1,1.0
疾病_恶性肿瘤维持性化学治疗,"疾病_反流性食管炎, 检验_转肽酶, 药物_贞芪扶正, 疾病_肺恶性肿瘤","1,0,1,0",0,0.6428571428571429
疾病_恶性肿瘤维持性化学治疗,"疾病_反流性食管炎, 检验_转肽酶, 药物_贞芪扶正, 疾病_肺恶性肿瘤","1,0,1,0",1,0.35714285714285715
疾病_恶性肿瘤维持性化学治疗,"疾病_反流性食管炎, 检验_转肽酶, 药物_贞芪扶正, 疾病_肺恶性肿瘤","1,0,1,1",0,0.5
疾病_恶性肿瘤维持性化学治疗,"疾病_反流性食管炎, 检验_转肽酶, 药物_贞芪扶正, 疾病_肺恶性肿瘤","1,0,1,1",1,0.5
疾病_恶性肿瘤维持性化学治疗,"疾病_反流性食管炎, 检验_转肽酶, 药物_贞芪扶正, 疾病_肺恶性肿瘤","1,1,0,0",0,0.5
疾病_恶性肿瘤维持性化学治疗,"疾病_反流性食管炎, 检验_转肽酶, 药物_贞芪扶正, 疾病_肺恶性肿瘤","1,1,0,0",1,0.5
疾病_恶性肿瘤维持性化学治疗,"疾病_反流性食管炎, 检验_转肽酶, 药物_贞芪扶正, 疾病_肺恶性肿瘤","1,1,0,1",0,0.5
疾病_恶性肿瘤维持性化学治疗,"疾病_反流性食管炎, 检验_转肽酶, 药物_贞芪扶正, 疾病_肺恶性肿瘤","1,1,0,1",1,0.5
疾病_恶性肿瘤维持性化学治疗,"疾病_反流性食管炎, 检验_转肽酶, 药物_贞芪扶正, 疾病_肺恶性肿瘤","1,1,1,0",0,0.3333333333333333
疾病_恶性肿瘤维持性化学治疗,"疾病_反流性食管炎, 检验_转肽酶, 药物_贞芪扶正, 疾病_肺恶性肿瘤","1,1,1,0",1,0.6666666666666666
疾病_恶性肿瘤维持性化学治疗,"疾病_反流性食管炎, 检验_转肽酶, 药物_贞芪扶正, 疾病_肺恶性肿瘤","1,1,1,1",0,0.0
疾病_恶性肿瘤维持性化学治疗,"疾病_反流性食管炎, 检验_转肽酶, 药物_贞芪扶正, 疾病_肺恶性肿瘤","1,1,1,1",1,1.0
疾病_重度骨质疏松,"药物_阿司匹林肠溶片, 疾病_陈旧性脑梗死, 检验_尿酸","0,0,0",0,0.9263803680981595
疾病_重度骨质疏松,"药物_阿司匹林肠溶片, 疾病_陈旧性脑梗死, 检验_尿酸","0,0,0",1,0.0736196319018405
疾病_重度骨质疏松,"药物_阿司匹林肠溶片, 疾病_陈旧性脑梗死, 检验_尿酸","0,0,1",0,1.0
疾病_重度骨质疏松,"药物_阿司匹林肠溶片, 疾病_陈旧性脑梗死, 检验_尿酸","0,0,1",1,0.0
疾病_重度骨质疏松,"药物_阿司匹林肠溶片, 疾病_陈旧性脑梗死, 检验_尿酸","0,1,0",0,0.6
疾病_重度骨质疏松,"药物_阿司匹林肠溶片, 疾病_陈旧性脑梗死, 检验_尿酸","0,1,0",1,0.4
疾病_重度骨质疏松,"药物_阿司匹林肠溶片, 疾病_陈旧性脑梗死, 检验_尿酸","0,1,1",0,0.0
疾病_重度骨质疏松,"药物_阿司匹林肠溶片, 疾病_陈旧性脑梗死, 检验_尿酸","0,1,1",1,1.0
疾病_重度骨质疏松,"药物_阿司匹林肠溶片, 疾病_陈旧性脑梗死, 检验_尿酸","1,0,0",0,1.0
疾病_重度骨质疏松,"药物_阿司匹林肠溶片, 疾病_陈旧性脑梗死, 检验_尿酸","1,0,0",1,0.0
疾病_重度骨质疏松,"药物_阿司匹林肠溶片, 疾病_陈旧性脑梗死, 检验_尿酸","1,0,1",0,0.95
疾病_重度骨质疏松,"药物_阿司匹林肠溶片, 疾病_陈旧性脑梗死, 检验_尿酸","1,0,1",1,0.05
疾病_重度骨质疏松,"药物_阿司匹林肠溶片, 疾病_陈旧性脑梗死, 检验_尿酸","1,1,0",0,1.0
疾病_重度骨质疏松,"药物_阿司匹林肠溶片, 疾病_陈旧性脑梗死, 检验_尿酸","1,1,0",1,0.0
疾病_重度骨质疏松,"药物_阿司匹林肠溶片, 疾病_陈旧性脑梗死, 检验_尿酸","1,1,1",0,1.0
疾病_重度骨质疏松,"药物_阿司匹林肠溶片, 疾病_陈旧性脑梗死, 检验_尿酸","1,1,1",1,0.0
疾病_肺恶性肿瘤,"药物_贞芪扶正, 疾病_脂肪肝, 检验_谷丙转氨酶","0,0,0",0,0.988950276243094
疾病_肺恶性肿瘤,"药物_贞芪扶正, 疾病_脂肪肝, 检验_谷丙转氨酶","0,0,0",1,0.011049723756906077
疾病_肺恶性肿瘤,"药物_贞芪扶正, 疾病_脂肪肝, 检验_谷丙转氨酶","0,0,1",0,0.8918918918918919
疾病_肺恶性肿瘤,"药物_贞芪扶正, 疾病_脂肪肝, 检验_谷丙转氨酶","0,0,1",1,0.10810810810810811
疾病_肺恶性肿瘤,"药物_贞芪扶正, 疾病_脂肪肝, 检验_谷丙转氨酶","0,1,0",0,0.9
疾病_肺恶性肿瘤,"药物_贞芪扶正, 疾病_脂肪肝, 检验_谷丙转氨酶","0,1,0",1,0.1
疾病_肺恶性肿瘤,"药物_贞芪扶正, 疾病_脂肪肝, 检验_谷丙转氨酶","0,1,1",0,0.6
疾病_肺恶性肿瘤,"药物_贞芪扶正, 疾病_脂肪肝, 检验_谷丙转氨酶","0,1,1",1,0.4
疾病_肺恶性肿瘤,"药物_贞芪扶正, 疾病_脂肪肝, 检验_谷丙转氨酶","1,0,0",0,0.9
疾病_肺恶性肿瘤,"药物_贞芪扶正, 疾病_脂肪肝, 检验_谷丙转氨酶","1,0,0",1,0.1
疾病_肺恶性肿瘤,"药物_贞芪扶正, 疾病_脂肪肝, 检验_谷丙转氨酶","1,0,1",0,0.5
疾病_肺恶性肿瘤,"药物_贞芪扶正, 疾病_脂肪肝, 检验_谷丙转氨酶","1,0,1",1,0.5
疾病_肺恶性肿瘤,"药物_贞芪扶正, 疾病_脂肪肝, 检验_谷丙转氨酶","1,1,0",0,0.0
疾病_肺恶性肿瘤,"药物_贞芪扶正, 疾病_脂肪肝, 检验_谷丙转氨酶","1,1,0",1,1.0
疾病_肺恶性肿瘤,"药物_贞芪扶正, 疾病_脂肪肝, 检验_谷丙转氨酶","1,1,1",0,0.5
疾病_肺恶性肿瘤,"药物_贞芪扶正, 疾病_脂肪肝, 检验_谷丙转氨酶","1,1,1",1,0.5
疾病_胆囊结石,"检验_红细胞分布宽度CV, 疾病_反流性食管炎, 疾病_脂肪肝","0,0,0",0,0.9424460431654677
疾病_胆囊结石,"检验_红细胞分布宽度CV, 疾病_反流性食管炎, 疾病_脂肪肝","0,0,0",1,0.05755395683453238
疾病_胆囊结石,"检验_红细胞分布宽度CV, 疾病_反流性食管炎, 疾病_脂肪肝","0,0,1",0,0.7692307692307693
疾病_胆囊结石,"检验_红细胞分布宽度CV, 疾病_反流性食管炎, 疾病_脂肪肝","0,0,1",1,0.23076923076923078
疾病_胆囊结石,"检验_红细胞分布宽度CV, 疾病_反流性食管炎, 疾病_脂肪肝","0,1,0",0,0.9791666666666666
疾病_胆囊结石,"检验_红细胞分布宽度CV, 疾病_反流性食管炎, 疾病_脂肪肝","0,1,0",1,0.020833333333333332
疾病_胆囊结石,"检验_红细胞分布宽度CV, 疾病_反流性食管炎, 疾病_脂肪肝","0,1,1",0,0.8888888888888888
疾病_胆囊结石,"检验_红细胞分布宽度CV, 疾病_反流性食管炎, 疾病_脂肪肝","0,1,1",1,0.1111111111111111
疾病_胆囊结石,"检验_红细胞分布宽度CV, 疾病_反流性食管炎, 疾病_脂肪肝","1,0,0",0,1.0
疾病_胆囊结石,"检验_红细胞分布宽度CV, 疾病_反流性食管炎, 疾病_脂肪肝","1,0,0",1,0.0
疾病_胆囊结石,"检验_红细胞分布宽度CV, 疾病_反流性食管炎, 疾病_脂肪肝","1,0,1",0,0.09090909090909091
疾病_胆囊结石,"检验_红细胞分布宽度CV, 疾病_反流性食管炎, 疾病_脂肪肝","1,0,1",1,0.9090909090909091
疾病_胆囊结石,"检验_红细胞分布宽度CV, 疾病_反流性食管炎, 疾病_脂肪肝","1,1,0",0,0.6470588235294118
疾病_胆囊结石,"检验_红细胞分布宽度CV, 疾病_反流性食管炎, 疾病_脂肪肝","1,1,0",1,0.35294117647058826
疾病_胆囊结石,"检验_红细胞分布宽度CV, 疾病_反流性食管炎, 疾病_脂肪肝","1,1,1",0,1.0
疾病_胆囊结石,"检验_红细胞分布宽度CV, 疾病_反流性食管炎, 疾病_脂肪肝","1,1,1",1,0.0
疾病_腰椎间盘突出,"疾病_颈椎病, 检验_谷草转氨酶","0,0",0,0.9383886255924171
疾病_腰椎间盘突出,"疾病_颈椎病, 检验_谷草转氨酶","0,0",1,0.061611374407582936
疾病_腰椎间盘突出,"疾病_颈椎病, 检验_谷草转氨酶","0,1",0,1.0
疾病_腰椎间盘突出,"疾病_颈椎病, 检验_谷草转氨酶","0,1",1,0.0
疾病_腰椎间盘突出,"疾病_颈椎病, 检验_谷草转氨酶","1,0",0,0.5384615384615384
疾病_腰椎间盘突出,"疾病_颈椎病, 检验_谷草转氨酶","1,0",1,0.46153846153846156
疾病_腰椎间盘突出,"疾病_颈椎病, 检验_谷草转氨酶","1,1",0,1.0
疾病_腰椎间盘突出,"疾病_颈椎病, 检验_谷草转氨酶","1,1",1,0.0
疾病_肝功能异常,"疾病_高血压, 检验_碱性磷酸酶","0,0",0,0.9550561797752809
疾病_肝功能异常,"疾病_高血压, 检验_碱性磷酸酶","0,0",1,0.0449438202247191
疾病_肝功能异常,"疾病_高血压, 检验_碱性磷酸酶","0,1",0,0.7575757575757576
疾病_肝功能异常,"疾病_高血压, 检验_碱性磷酸酶","0,1",1,0.24242424242424243
疾病_肝功能异常,"疾病_高血压, 检验_碱性磷酸酶","1,0",0,0.5
疾病_肝功能异常,"疾病_高血压, 检验_碱性磷酸酶","1,0",1,0.5
疾病_肝功能异常,"疾病_高血压, 检验_碱性磷酸酶","1,1",0,0.5
疾病_肝功能异常,"疾病_高血压, 检验_碱性磷酸酶","1,1",1,0.5
疾病_颈总动脉斑块,疾病_肢体动脉硬化,0,0,0.9713261648745519
疾病_颈总动脉斑块,疾病_肢体动脉硬化,0,1,0.02867383512544803
疾病_颈总动脉斑块,疾病_肢体动脉硬化,1,0,0.5714285714285714
疾病_颈总动脉斑块,疾病_肢体动脉硬化,1,1,0.42857142857142855
疾病_低钾血症,"疾病_肺部感染, 检验_C反应蛋白, 药物_厄贝沙坦氢氯噻嗪片","0,0,0",0,1.0
疾病_低钾血症,"疾病_肺部感染, 检验_C反应蛋白, 药物_厄贝沙坦氢氯噻嗪片","0,0,0",1,0.0
疾病_低钾血症,"疾病_肺部感染, 检验_C反应蛋白, 药物_厄贝沙坦氢氯噻嗪片","0,0,1",0,0.8571428571428571
疾病_低钾血症,"疾病_肺部感染, 检验_C反应蛋白, 药物_厄贝沙坦氢氯噻嗪片","0,0,1",1,0.14285714285714285
疾病_低钾血症,"疾病_肺部感染, 检验_C反应蛋白, 药物_厄贝沙坦氢氯噻嗪片","0,1,0",0,0.9411764705882353
疾病_低钾血症,"疾病_肺部感染, 检验_C反应蛋白, 药物_厄贝沙坦氢氯噻嗪片","0,1,0",1,0.058823529411764705
疾病_低钾血症,"疾病_肺部感染, 检验_C反应蛋白, 药物_厄贝沙坦氢氯噻嗪片","0,1,1",0,0.5
疾病_低钾血症,"疾病_肺部感染, 检验_C反应蛋白, 药物_厄贝沙坦氢氯噻嗪片","0,1,1",1,0.5
疾病_低钾血症,"疾病_肺部感染, 检验_C反应蛋白, 药物_厄贝沙坦氢氯噻嗪片","1,0,0",0,1.0
疾病_低钾血症,"疾病_肺部感染, 检验_C反应蛋白, 药物_厄贝沙坦氢氯噻嗪片","1,0,0",1,0.0
疾病_低钾血症,"疾病_肺部感染, 检验_C反应蛋白, 药物_厄贝沙坦氢氯噻嗪片","1,0,1",0,1.0
疾病_低钾血症,"疾病_肺部感染, 检验_C反应蛋白, 药物_厄贝沙坦氢氯噻嗪片","1,0,1",1,0.0
疾病_低钾血症,"疾病_肺部感染, 检验_C反应蛋白, 药物_厄贝沙坦氢氯噻嗪片","1,1,0",0,0.5882352941176471
疾病_低钾血症,"疾病_肺部感染, 检验_C反应蛋白, 药物_厄贝沙坦氢氯噻嗪片","1,1,0",1,0.4117647058823529
疾病_低钾血症,"疾病_肺部感染, 检验_C反应蛋白, 药物_厄贝沙坦氢氯噻嗪片","1,1,1",0,0.0
疾病_低钾血症,"疾病_肺部感染, 检验_C反应蛋白, 药物_厄贝沙坦氢氯噻嗪片","1,1,1",1,1.0
疾病_陈旧性脑梗死,"疾病_高血压, 药物_盐酸曲美他嗪片, 药物_硫酸氢氯吡格雷片","0,0,0",0,0.973384030418251
疾病_陈旧性脑梗死,"疾病_高血压, 药物_盐酸曲美他嗪片, 药物_硫酸氢氯吡格雷片","0,0,0",1,0.026615969581749048
疾病_陈旧性脑梗死,"疾病_高血压, 药物_盐酸曲美他嗪片, 药物_硫酸氢氯吡格雷片","0,0,1",0,0.6666666666666666
疾病_陈旧性脑梗死,"疾病_高血压, 药物_盐酸曲美他嗪片, 药物_硫酸氢氯吡格雷片","0,0,1",1,0.3333333333333333
疾病_陈旧性脑梗死,"疾病_高血压, 药物_盐酸曲美他嗪片, 药物_硫酸氢氯吡格雷片","0,1,0",0,1.0
疾病_陈旧性脑梗死,"疾病_高血压, 药物_盐酸曲美他嗪片, 药物_硫酸氢氯吡格雷片","0,1,0",1,0.0
疾病_陈旧性脑梗死,"疾病_高血压, 药物_盐酸曲美他嗪片, 药物_硫酸氢氯吡格雷片","0,1,1",0,0.23076923076923078
疾病_陈旧性脑梗死,"疾病_高血压, 药物_盐酸曲美他嗪片, 药物_硫酸氢氯吡格雷片","0,1,1",1,0.7692307692307693
疾病_陈旧性脑梗死,"疾病_高血压, 药物_盐酸曲美他嗪片, 药物_硫酸氢氯吡格雷片","1,0,0",0,0.5
疾病_陈旧性脑梗死,"疾病_高血压, 药物_盐酸曲美他嗪片, 药物_硫酸氢氯吡格雷片","1,0,0",1,0.5
疾病_陈旧性脑梗死,"疾病_高血压, 药物_盐酸曲美他嗪片, 药物_硫酸氢氯吡格雷片","1,0,1",0,0.5
疾病_陈旧性脑梗死,"疾病_高血压, 药物_盐酸曲美他嗪片, 药物_硫酸氢氯吡格雷片","1,0,1",1,0.5
疾病_陈旧性脑梗死,"疾病_高血压, 药物_盐酸曲美他嗪片, 药物_硫酸氢氯吡格雷片","1,1,0",0,0.5
疾病_陈旧性脑梗死,"疾病_高血压, 药物_盐酸曲美他嗪片, 药物_硫酸氢氯吡格雷片","1,1,0",1,0.5
疾病_陈旧性脑梗死,"疾病_高血压, 药物_盐酸曲美他嗪片, 药物_硫酸氢氯吡格雷片","1,1,1",0,0.5
疾病_陈旧性脑梗死,"疾病_高血压, 药物_盐酸曲美他嗪片, 药物_硫酸氢氯吡格雷片","1,1,1",1,0.5
疾病_贫血,"检验_红细胞, 疾病_反流性食管炎, 检验_平均血红蛋白含量","0,0,0",0,0.9918032786885246
疾病_贫血,"检验_红细胞, 疾病_反流性食管炎, 检验_平均血红蛋白含量","0,0,0",1,0.00819672131147541
疾病_贫血,"检验_红细胞, 疾病_反流性食管炎, 检验_平均血红蛋白含量","0,0,1",0,0.84
疾病_贫血,"检验_红细胞, 疾病_反流性食管炎, 检验_平均血红蛋白含量","0,0,1",1,0.16
疾病_贫血,"检验_红细胞, 疾病_反流性食管炎, 检验_平均血红蛋白含量","0,1,0",0,0.9032258064516129
疾病_贫血,"检验_红细胞, 疾病_反流性食管炎, 检验_平均血红蛋白含量","0,1,0",1,0.0967741935483871
疾病_贫血,"检验_红细胞, 疾病_反流性食管炎, 检验_平均血红蛋白含量","0,1,1",0,0.6666666666666666
疾病_贫血,"检验_红细胞, 疾病_反流性食管炎, 检验_平均血红蛋白含量","0,1,1",1,0.3333333333333333
疾病_贫血,"检验_红细胞, 疾病_反流性食管炎, 检验_平均血红蛋白含量","1,0,0",0,0.9152542372881356
疾病_贫血,"检验_红细胞, 疾病_反流性食管炎, 检验_平均血红蛋白含量","1,0,0",1,0.0847457627118644
疾病_贫血,"检验_红细胞, 疾病_反流性食管炎, 检验_平均血红蛋白含量","1,0,1",0,0.6842105263157895
疾病_贫血,"检验_红细胞, 疾病_反流性食管炎, 检验_平均血红蛋白含量","1,0,1",1,0.3157894736842105
疾病_贫血,"检验_红细胞, 疾病_反流性食管炎, 检验_平均血红蛋白含量","1,1,0",0,0.6666666666666666
疾病_贫血,"检验_红细胞, 疾病_反流性食管炎, 检验_平均血红蛋白含量","1,1,0",1,0.3333333333333333
疾病_贫血,"检验_红细胞, 疾病_反流性食管炎, 检验_平均血红蛋白含量","1,1,1",0,1.0
疾病_贫血,"检验_红细胞, 疾病_反流性食管炎, 检验_平均血红蛋白含量","1,1,1",1,0.0
疾病_老年性白内障,"检验_大型血小板比率, 疾病_非毒性多个甲状腺结节, 疾病_颈总动脉斑块","0,0,0",0,0.9959183673469387
疾病_老年性白内障,"检验_大型血小板比率, 疾病_非毒性多个甲状腺结节, 疾病_颈总动脉斑块","0,0,0",1,0.004081632653061225
疾病_老年性白内障,"检验_大型血小板比率, 疾病_非毒性多个甲状腺结节, 疾病_颈总动脉斑块","0,0,1",0,1.0
疾病_老年性白内障,"检验_大型血小板比率, 疾病_非毒性多个甲状腺结节, 疾病_颈总动脉斑块","0,0,1",1,0.0
疾病_老年性白内障,"检验_大型血小板比率, 疾病_非毒性多个甲状腺结节, 疾病_颈总动脉斑块","0,1,0",0,0.9032258064516129
疾病_老年性白内障,"检验_大型血小板比率, 疾病_非毒性多个甲状腺结节, 疾病_颈总动脉斑块","0,1,0",1,0.0967741935483871
疾病_老年性白内障,"检验_大型血小板比率, 疾病_非毒性多个甲状腺结节, 疾病_颈总动脉斑块","0,1,1",0,0.0
疾病_老年性白内障,"检验_大型血小板比率, 疾病_非毒性多个甲状腺结节, 疾病_颈总动脉斑块","0,1,1",1,1.0
疾病_老年性白内障,"检验_大型血小板比率, 疾病_非毒性多个甲状腺结节, 疾病_颈总动脉斑块","1,0,0",0,1.0
疾病_老年性白内障,"检验_大型血小板比率, 疾病_非毒性多个甲状腺结节, 疾病_颈总动脉斑块","1,0,0",1,0.0
疾病_老年性白内障,"检验_大型血小板比率, 疾病_非毒性多个甲状腺结节, 疾病_颈总动脉斑块","1,0,1",0,0.0
疾病_老年性白内障,"检验_大型血小板比率, 疾病_非毒性多个甲状腺结节, 疾病_颈总动脉斑块","1,0,1",1,1.0
疾病_老年性白内障,"检验_大型血小板比率, 疾病_非毒性多个甲状腺结节, 疾病_颈总动脉斑块","1,1,0",0,1.0
疾病_老年性白内障,"检验_大型血小板比率, 疾病_非毒性多个甲状腺结节, 疾病_颈总动脉斑块","1,1,0",1,0.0
疾病_老年性白内障,"检验_大型血小板比率, 疾病_非毒性多个甲状腺结节, 疾病_颈总动脉斑块","1,1,1",0,0.5
疾病_老年性白内障,"检验_大型血小板比率, 疾病_非毒性多个甲状腺结节, 疾病_颈总动脉斑块","1,1,1",1,0.5
疾病_不稳定性心绞痛,"疾病_冠状动脉粥样硬化性心脏病, 疾病_心功能","0,0",0,1.0
疾病_不稳定性心绞痛,"疾病_冠状动脉粥样硬化性心脏病, 疾病_心功能","0,0",1,0.0
疾病_不稳定性心绞痛,"疾病_冠状动脉粥样硬化性心脏病, 疾病_心功能","0,1",0,1.0
疾病_不稳定性心绞痛,"疾病_冠状动脉粥样硬化性心脏病, 疾病_心功能","0,1",1,0.0
疾病_不稳定性心绞痛,"疾病_冠状动脉粥样硬化性心脏病, 疾病_心功能","1,0",0,0.84375
疾病_不稳定性心绞痛,"疾病_冠状动脉粥样硬化性心脏病, 疾病_心功能","1,0",1,0.15625
疾病_不稳定性心绞痛,"疾病_冠状动脉粥样硬化性心脏病, 疾病_心功能","1,1",0,0.4
疾病_不稳定性心绞痛,"疾病_冠状动脉粥样硬化性心脏病, 疾病_心功能","1,1",1,0.6
疾病_慢性胃炎,"疾病_动脉硬化, 疾病_医疗机构新收治患者及陪护人员, 检验_尿酸","0,0,0",0,0.9693251533742331
疾病_慢性胃炎,"疾病_动脉硬化, 疾病_医疗机构新收治患者及陪护人员, 检验_尿酸","0,0,0",1,0.03067484662576687
疾病_慢性胃炎,"疾病_动脉硬化, 疾病_医疗机构新收治患者及陪护人员, 检验_尿酸","0,0,1",0,1.0
疾病_慢性胃炎,"疾病_动脉硬化, 疾病_医疗机构新收治患者及陪护人员, 检验_尿酸","0,0,1",1,0.0
疾病_慢性胃炎,"疾病_动脉硬化, 疾病_医疗机构新收治患者及陪护人员, 检验_尿酸","0,1,0",0,0.8333333333333334
疾病_慢性胃炎,"疾病_动脉硬化, 疾病_医疗机构新收治患者及陪护人员, 检验_尿酸","0,1,0",1,0.16666666666666666
疾病_慢性胃炎,"疾病_动脉硬化, 疾病_医疗机构新收治患者及陪护人员, 检验_尿酸","0,1,1",0,0.5
疾病_慢性胃炎,"疾病_动脉硬化, 疾病_医疗机构新收治患者及陪护人员, 检验_尿酸","0,1,1",1,0.5
疾病_慢性胃炎,"疾病_动脉硬化, 疾病_医疗机构新收治患者及陪护人员, 检验_尿酸","1,0,0",0,0.8536585365853658
疾病_慢性胃炎,"疾病_动脉硬化, 疾病_医疗机构新收治患者及陪护人员, 检验_尿酸","1,0,0",1,0.14634146341463414
疾病_慢性胃炎,"疾病_动脉硬化, 疾病_医疗机构新收治患者及陪护人员, 检验_尿酸","1,0,1",0,1.0
疾病_慢性胃炎,"疾病_动脉硬化, 疾病_医疗机构新收治患者及陪护人员, 检验_尿酸","1,0,1",1,0.0
疾病_慢性胃炎,"疾病_动脉硬化, 疾病_医疗机构新收治患者及陪护人员, 检验_尿酸","1,1,0",0,0.0
疾病_慢性胃炎,"疾病_动脉硬化, 疾病_医疗机构新收治患者及陪护人员, 检验_尿酸","1,1,0",1,1.0
疾病_慢性胃炎,"疾病_动脉硬化, 疾病_医疗机构新收治患者及陪护人员, 检验_尿酸","1,1,1",0,0.0
疾病_慢性胃炎,"疾病_动脉硬化, 疾病_医疗机构新收治患者及陪护人员, 检验_尿酸","1,1,1",1,1.0
疾病_颈椎病,,无条件,0,0.95
疾病_颈椎病,,无条件,1,0.05
疾病_糖尿病性周围血管病,"疾病_糖尿病性周围神经病, 疾病_脂肪肝, 药物_琥珀酸亚铁片","0,0,0",0,1.0
疾病_糖尿病性周围血管病,"疾病_糖尿病性周围神经病, 疾病_脂肪肝, 药物_琥珀酸亚铁片","0,0,0",1,0.0
疾病_糖尿病性周围血管病,"疾病_糖尿病性周围神经病, 疾病_脂肪肝, 药物_琥珀酸亚铁片","0,0,1",0,1.0
疾病_糖尿病性周围血管病,"疾病_糖尿病性周围神经病, 疾病_脂肪肝, 药物_琥珀酸亚铁片","0,0,1",1,0.0
疾病_糖尿病性周围血管病,"疾病_糖尿病性周围神经病, 疾病_脂肪肝, 药物_琥珀酸亚铁片","0,1,0",0,0.9361702127659575
疾病_糖尿病性周围血管病,"疾病_糖尿病性周围神经病, 疾病_脂肪肝, 药物_琥珀酸亚铁片","0,1,0",1,0.06382978723404255
疾病_糖尿病性周围血管病,"疾病_糖尿病性周围神经病, 疾病_脂肪肝, 药物_琥珀酸亚铁片","0,1,1",0,0.0
疾病_糖尿病性周围血管病,"疾病_糖尿病性周围神经病, 疾病_脂肪肝, 药物_琥珀酸亚铁片","0,1,1",1,1.0
疾病_糖尿病性周围血管病,"疾病_糖尿病性周围神经病, 疾病_脂肪肝, 药物_琥珀酸亚铁片","1,0,0",0,0.6785714285714286
疾病_糖尿病性周围血管病,"疾病_糖尿病性周围神经病, 疾病_脂肪肝, 药物_琥珀酸亚铁片","1,0,0",1,0.32142857142857145
疾病_糖尿病性周围血管病,"疾病_糖尿病性周围神经病, 疾病_脂肪肝, 药物_琥珀酸亚铁片","1,0,1",0,1.0
疾病_糖尿病性周围血管病,"疾病_糖尿病性周围神经病, 疾病_脂肪肝, 药物_琥珀酸亚铁片","1,0,1",1,0.0
疾病_糖尿病性周围血管病,"疾病_糖尿病性周围神经病, 疾病_脂肪肝, 药物_琥珀酸亚铁片","1,1,0",0,0.375
疾病_糖尿病性周围血管病,"疾病_糖尿病性周围神经病, 疾病_脂肪肝, 药物_琥珀酸亚铁片","1,1,0",1,0.625
疾病_糖尿病性周围血管病,"疾病_糖尿病性周围神经病, 疾病_脂肪肝, 药物_琥珀酸亚铁片","1,1,1",0,0.0
疾病_糖尿病性周围血管病,"疾病_糖尿病性周围神经病, 疾病_脂肪肝, 药物_琥珀酸亚铁片","1,1,1",1,1.0
疾病_肛乳头肥大,疾病_混合痔,0,0,1.0
疾病_肛乳头肥大,疾病_混合痔,0,1,0.0
疾病_肛乳头肥大,疾病_混合痔,1,0,0.6333333333333333
疾病_肛乳头肥大,疾病_混合痔,1,1,0.36666666666666664
疾病_医疗机构新收治患者及陪护人员,"检验_大型血小板比率, 检验_嗜酸性粒细胞比率","0,0",0,0.9747899159663865
疾病_医疗机构新收治患者及陪护人员,"检验_大型血小板比率, 检验_嗜酸性粒细胞比率","0,0",1,0.025210084033613446
疾病_医疗机构新收治患者及陪护人员,"检验_大型血小板比率, 检验_嗜酸性粒细胞比率","0,1",0,1.0
疾病_医疗机构新收治患者及陪护人员,"检验_大型血小板比率, 检验_嗜酸性粒细胞比率","0,1",1,0.0
疾病_医疗机构新收治患者及陪护人员,"检验_大型血小板比率, 检验_嗜酸性粒细胞比率","1,0",0,1.0
疾病_医疗机构新收治患者及陪护人员,"检验_大型血小板比率, 检验_嗜酸性粒细胞比率","1,0",1,0.0
疾病_医疗机构新收治患者及陪护人员,"检验_大型血小板比率, 检验_嗜酸性粒细胞比率","1,1",0,0.3333333333333333
疾病_医疗机构新收治患者及陪护人员,"检验_大型血小板比率, 检验_嗜酸性粒细胞比率","1,1",1,0.6666666666666666
疾病_血糖控制不佳,"疾病_非毒性多个甲状腺结节, 疾病_糖尿病性周围血管病","0,0",0,0.9881422924901185
疾病_血糖控制不佳,"疾病_非毒性多个甲状腺结节, 疾病_糖尿病性周围血管病","0,0",1,0.011857707509881422
疾病_血糖控制不佳,"疾病_非毒性多个甲状腺结节, 疾病_糖尿病性周围血管病","0,1",0,0.9285714285714286
疾病_血糖控制不佳,"疾病_非毒性多个甲状腺结节, 疾病_糖尿病性周围血管病","0,1",1,0.07142857142857142
疾病_血糖控制不佳,"疾病_非毒性多个甲状腺结节, 疾病_糖尿病性周围血管病","1,0",0,1.0
疾病_血糖控制不佳,"疾病_非毒性多个甲状腺结节, 疾病_糖尿病性周围血管病","1,0",1,0.0
疾病_血糖控制不佳,"疾病_非毒性多个甲状腺结节, 疾病_糖尿病性周围血管病","1,1",0,0.0
疾病_血糖控制不佳,"疾病_非毒性多个甲状腺结节, 疾病_糖尿病性周围血管病","1,1",1,1.0
疾病_糖尿病性视网膜病变,"疾病_糖尿病性周围神经病, 疾病_脑梗死, 药物_碳酸钙片","0,0,0",0,1.0
疾病_糖尿病性视网膜病变,"疾病_糖尿病性周围神经病, 疾病_脑梗死, 药物_碳酸钙片","0,0,0",1,0.0
疾病_糖尿病性视网膜病变,"疾病_糖尿病性周围神经病, 疾病_脑梗死, 药物_碳酸钙片","0,0,1",0,1.0
疾病_糖尿病性视网膜病变,"疾病_糖尿病性周围神经病, 疾病_脑梗死, 药物_碳酸钙片","0,0,1",1,0.0
疾病_糖尿病性视网膜病变,"疾病_糖尿病性周围神经病, 疾病_脑梗死, 药物_碳酸钙片","0,1,0",0,1.0
疾病_糖尿病性视网膜病变,"疾病_糖尿病性周围神经病, 疾病_脑梗死, 药物_碳酸钙片","0,1,0",1,0.0
疾病_糖尿病性视网膜病变,"疾病_糖尿病性周围神经病, 疾病_脑梗死, 药物_碳酸钙片","0,1,1",0,0.0
疾病_糖尿病性视网膜病变,"疾病_糖尿病性周围神经病, 疾病_脑梗死, 药物_碳酸钙片","0,1,1",1,1.0
疾病_糖尿病性视网膜病变,"疾病_糖尿病性周围神经病, 疾病_脑梗死, 药物_碳酸钙片","1,0,0",0,0.8181818181818182
疾病_糖尿病性视网膜病变,"疾病_糖尿病性周围神经病, 疾病_脑梗死, 药物_碳酸钙片","1,0,0",1,0.18181818181818182
疾病_糖尿病性视网膜病变,"疾病_糖尿病性周围神经病, 疾病_脑梗死, 药物_碳酸钙片","1,0,1",0,0.0
疾病_糖尿病性视网膜病变,"疾病_糖尿病性周围神经病, 疾病_脑梗死, 药物_碳酸钙片","1,0,1",1,1.0
疾病_糖尿病性视网膜病变,"疾病_糖尿病性周围神经病, 疾病_脑梗死, 药物_碳酸钙片","1,1,0",0,1.0
疾病_糖尿病性视网膜病变,"疾病_糖尿病性周围神经病, 疾病_脑梗死, 药物_碳酸钙片","1,1,0",1,0.0
疾病_糖尿病性视网膜病变,"疾病_糖尿病性周围神经病, 疾病_脑梗死, 药物_碳酸钙片","1,1,1",0,0.5
疾病_糖尿病性视网膜病变,"疾病_糖尿病性周围神经病, 疾病_脑梗死, 药物_碳酸钙片","1,1,1",1,0.5
疾病_结肠息肉,"疾病_肝囊肿, 检验_球蛋白, 疾病_慢性胃炎","0,0,0",0,0.9853658536585366
疾病_结肠息肉,"疾病_肝囊肿, 检验_球蛋白, 疾病_慢性胃炎","0,0,0",1,0.014634146341463415
疾病_结肠息肉,"疾病_肝囊肿, 检验_球蛋白, 疾病_慢性胃炎","0,0,1",0,0.625
疾病_结肠息肉,"疾病_肝囊肿, 检验_球蛋白, 疾病_慢性胃炎","0,0,1",1,0.375
疾病_结肠息肉,"疾病_肝囊肿, 检验_球蛋白, 疾病_慢性胃炎","0,1,0",0,0.9420289855072463
疾病_结肠息肉,"疾病_肝囊肿, 检验_球蛋白, 疾病_慢性胃炎","0,1,0",1,0.057971014492753624
疾病_结肠息肉,"疾病_肝囊肿, 检验_球蛋白, 疾病_慢性胃炎","0,1,1",0,1.0
疾病_结肠息肉,"疾病_肝囊肿, 检验_球蛋白, 疾病_慢性胃炎","0,1,1",1,0.0
疾病_结肠息肉,"疾病_肝囊肿, 检验_球蛋白, 疾病_慢性胃炎","1,0,0",0,1.0
疾病_结肠息肉,"疾病_肝囊肿, 检验_球蛋白, 疾病_慢性胃炎","1,0,0",1,0.0
疾病_结肠息肉,"疾病_肝囊肿, 检验_球蛋白, 疾病_慢性胃炎","1,0,1",0,0.5
疾病_结肠息肉,"疾病_肝囊肿, 检验_球蛋白, 疾病_慢性胃炎","1,0,1",1,0.5
疾病_结肠息肉,"疾病_肝囊肿, 检验_球蛋白, 疾病_慢性胃炎","1,1,0",0,0.4
疾病_结肠息肉,"疾病_肝囊肿, 检验_球蛋白, 疾病_慢性胃炎","1,1,0",1,0.6
疾病_结肠息肉,"疾病_肝囊肿, 检验_球蛋白, 疾病_慢性胃炎","1,1,1",0,1.0
疾病_结肠息肉,"疾病_肝囊肿, 检验_球蛋白, 疾病_慢性胃炎","1,1,1",1,0.0
疾病_肾性贫血,,无条件,0,0.98
疾病_肾性贫血,,无条件,1,0.02
疾病_非毒性单个甲状腺结节,"药物_阿卡波糖片, 检验_转肽酶, 检验_总胆红素","0,0,0",0,0.988950276243094
疾病_非毒性单个甲状腺结节,"药物_阿卡波糖片, 检验_转肽酶, 检验_总胆红素","0,0,0",1,0.011049723756906077
疾病_非毒性单个甲状腺结节,"药物_阿卡波糖片, 检验_转肽酶, 检验_总胆红素","0,0,1",0,1.0
疾病_非毒性单个甲状腺结节,"药物_阿卡波糖片, 检验_转肽酶, 检验_总胆红素","0,0,1",1,0.0
疾病_非毒性单个甲状腺结节,"药物_阿卡波糖片, 检验_转肽酶, 检验_总胆红素","0,1,0",0,1.0
疾病_非毒性单个甲状腺结节,"药物_阿卡波糖片, 检验_转肽酶, 检验_总胆红素","0,1,0",1,0.0
疾病_非毒性单个甲状腺结节,"药物_阿卡波糖片, 检验_转肽酶, 检验_总胆红素","0,1,1",0,1.0
疾病_非毒性单个甲状腺结节,"药物_阿卡波糖片, 检验_转肽酶, 检验_总胆红素","0,1,1",1,0.0
疾病_非毒性单个甲状腺结节,"药物_阿卡波糖片, 检验_转肽酶, 检验_总胆红素","1,0,0",0,0.9772727272727273
疾病_非毒性单个甲状腺结节,"药物_阿卡波糖片, 检验_转肽酶, 检验_总胆红素","1,0,0",1,0.022727272727272728
疾病_非毒性单个甲状腺结节,"药物_阿卡波糖片, 检验_转肽酶, 检验_总胆红素","1,0,1",0,0.3333333333333333
疾病_非毒性单个甲状腺结节,"药物_阿卡波糖片, 检验_转肽酶, 检验_总胆红素","1,0,1",1,0.6666666666666666
疾病_非毒性单个甲状腺结节,"药物_阿卡波糖片, 检验_转肽酶, 检验_总胆红素","1,1,0",0,0.4
疾病_非毒性单个甲状腺结节,"药物_阿卡波糖片, 检验_转肽酶, 检验_总胆红素","1,1,0",1,0.6
疾病_非毒性单个甲状腺结节,"药物_阿卡波糖片, 检验_转肽酶, 检验_总胆红素","1,1,1",0,0.0
疾病_非毒性单个甲状腺结节,"药物_阿卡波糖片, 检验_转肽酶, 检验_总胆红素","1,1,1",1,1.0
疾病_慢性支气管炎,"疾病_高同型半胱氨酸血症, 疾病_心律失常","0,0",0,0.9924242424242424
疾病_慢性支气管炎,"疾病_高同型半胱氨酸血症, 疾病_心律失常","0,0",1,0.007575757575757576
疾病_慢性支气管炎,"疾病_高同型半胱氨酸血症, 疾病_心律失常","0,1",0,0.9259259259259259
疾病_慢性支气管炎,"疾病_高同型半胱氨酸血症, 疾病_心律失常","0,1",1,0.07407407407407407
疾病_慢性支气管炎,"疾病_高同型半胱氨酸血症, 疾病_心律失常","1,0",0,0.7142857142857143
疾病_慢性支气管炎,"疾病_高同型半胱氨酸血症, 疾病_心律失常","1,0",1,0.2857142857142857
疾病_慢性支气管炎,"疾病_高同型半胱氨酸血症, 疾病_心律失常","1,1",0,1.0
疾病_慢性支气管炎,"疾病_高同型半胱氨酸血症, 疾病_心律失常","1,1",1,0.0
疾病_类风湿性关节炎,"药物_骨化三醇胶丸, 检验_平均血红蛋白含量, 药物_单硝酸异山梨酯片","0,0,0",0,1.0
疾病_类风湿性关节炎,"药物_骨化三醇胶丸, 检验_平均血红蛋白含量, 药物_单硝酸异山梨酯片","0,0,0",1,0.0
疾病_类风湿性关节炎,"药物_骨化三醇胶丸, 检验_平均血红蛋白含量, 药物_单硝酸异山梨酯片","0,0,1",0,0.9166666666666666
疾病_类风湿性关节炎,"药物_骨化三醇胶丸, 检验_平均血红蛋白含量, 药物_单硝酸异山梨酯片","0,0,1",1,0.08333333333333333
疾病_类风湿性关节炎,"药物_骨化三醇胶丸, 检验_平均血红蛋白含量, 药物_单硝酸异山梨酯片","0,1,0",0,1.0
疾病_类风湿性关节炎,"药物_骨化三醇胶丸, 检验_平均血红蛋白含量, 药物_单硝酸异山梨酯片","0,1,0",1,0.0
疾病_类风湿性关节炎,"药物_骨化三醇胶丸, 检验_平均血红蛋白含量, 药物_单硝酸异山梨酯片","0,1,1",0,0.5
疾病_类风湿性关节炎,"药物_骨化三醇胶丸, 检验_平均血红蛋白含量, 药物_单硝酸异山梨酯片","0,1,1",1,0.5
疾病_类风湿性关节炎,"药物_骨化三醇胶丸, 检验_平均血红蛋白含量, 药物_单硝酸异山梨酯片","1,0,0",0,1.0
疾病_类风湿性关节炎,"药物_骨化三醇胶丸, 检验_平均血红蛋白含量, 药物_单硝酸异山梨酯片","1,0,0",1,0.0
疾病_类风湿性关节炎,"药物_骨化三醇胶丸, 检验_平均血红蛋白含量, 药物_单硝酸异山梨酯片","1,0,1",0,0.3333333333333333
疾病_类风湿性关节炎,"药物_骨化三醇胶丸, 检验_平均血红蛋白含量, 药物_单硝酸异山梨酯片","1,0,1",1,0.6666666666666666
疾病_类风湿性关节炎,"药物_骨化三醇胶丸, 检验_平均血红蛋白含量, 药物_单硝酸异山梨酯片","1,1,0",0,0.3333333333333333
疾病_类风湿性关节炎,"药物_骨化三醇胶丸, 检验_平均血红蛋白含量, 药物_单硝酸异山梨酯片","1,1,0",1,0.6666666666666666
疾病_类风湿性关节炎,"药物_骨化三醇胶丸, 检验_平均血红蛋白含量, 药物_单硝酸异山梨酯片","1,1,1",0,1.0
疾病_类风湿性关节炎,"药物_骨化三醇胶丸, 检验_平均血红蛋白含量, 药物_单硝酸异山梨酯片","1,1,1",1,0.0
疾病_高同型半胱氨酸血症,,无条件,0,0.97
疾病_高同型半胱氨酸血症,,无条件,1,0.03
药物_氯化钠注射液,"药物_氯化钾注射液, 药物_肝素钠注射液","0,0",0,0.9375
药物_氯化钠注射液,"药物_氯化钾注射液, 药物_肝素钠注射液","0,0",1,0.0625
药物_氯化钠注射液,"药物_氯化钾注射液, 药物_肝素钠注射液","0,1",0,0.0
药物_氯化钠注射液,"药物_氯化钾注射液, 药物_肝素钠注射液","0,1",1,1.0
药物_氯化钠注射液,"药物_氯化钾注射液, 药物_肝素钠注射液","1,0",0,0.0
药物_氯化钠注射液,"药物_氯化钾注射液, 药物_肝素钠注射液","1,0",1,1.0
药物_氯化钠注射液,"药物_氯化钾注射液, 药物_肝素钠注射液","1,1",0,0.0
药物_氯化钠注射液,"药物_氯化钾注射液, 药物_肝素钠注射液","1,1",1,1.0
药物_艾司唑仑片,"疾病_肢体动脉硬化, 检验_单核细胞比率, 药物_螺内酯片","0,0,0",0,0.956140350877193
药物_艾司唑仑片,"疾病_肢体动脉硬化, 检验_单核细胞比率, 药物_螺内酯片","0,0,0",1,0.043859649122807015
药物_艾司唑仑片,"疾病_肢体动脉硬化, 检验_单核细胞比率, 药物_螺内酯片","0,0,1",0,0.9
药物_艾司唑仑片,"疾病_肢体动脉硬化, 检验_单核细胞比率, 药物_螺内酯片","0,0,1",1,0.1
药物_艾司唑仑片,"疾病_肢体动脉硬化, 检验_单核细胞比率, 药物_螺内酯片","0,1,0",0,1.0
药物_艾司唑仑片,"疾病_肢体动脉硬化, 检验_单核细胞比率, 药物_螺内酯片","0,1,0",1,0.0
药物_艾司唑仑片,"疾病_肢体动脉硬化, 检验_单核细胞比率, 药物_螺内酯片","0,1,1",0,0.0
药物_艾司唑仑片,"疾病_肢体动脉硬化, 检验_单核细胞比率, 药物_螺内酯片","0,1,1",1,1.0
药物_艾司唑仑片,"疾病_肢体动脉硬化, 检验_单核细胞比率, 药物_螺内酯片","1,0,0",0,0.625
药物_艾司唑仑片,"疾病_肢体动脉硬化, 检验_单核细胞比率, 药物_螺内酯片","1,0,0",1,0.375
药物_艾司唑仑片,"疾病_肢体动脉硬化, 检验_单核细胞比率, 药物_螺内酯片","1,0,1",0,1.0
药物_艾司唑仑片,"疾病_肢体动脉硬化, 检验_单核细胞比率, 药物_螺内酯片","1,0,1",1,0.0
药物_艾司唑仑片,"疾病_肢体动脉硬化, 检验_单核细胞比率, 药物_螺内酯片","1,1,0",0,1.0
药物_艾司唑仑片,"疾病_肢体动脉硬化, 检验_单核细胞比率, 药物_螺内酯片","1,1,0",1,0.0
药物_艾司唑仑片,"疾病_肢体动脉硬化, 检验_单核细胞比率, 药物_螺内酯片","1,1,1",0,1.0
药物_艾司唑仑片,"疾病_肢体动脉硬化, 检验_单核细胞比率, 药物_螺内酯片","1,1,1",1,0.0
药物_阿司匹林肠溶片,疾病_高血压,0,0,0.7766666666666666
药物_阿司匹林肠溶片,疾病_高血压,0,1,0.22333333333333333
药物_阿司匹林肠溶片,疾病_高血压,1,0,0.5
药物_阿司匹林肠溶片,疾病_高血压,1,1,0.5
药物_盐酸羟考酮缓释片,"检验_碱性磷酸酶, 检验_直接胆红素","0,0",0,1.0
药物_盐酸羟考酮缓释片,"检验_碱性磷酸酶, 检验_直接胆红素","0,0",1,0.0
药物_盐酸羟考酮缓释片,"检验_碱性磷酸酶, 检验_直接胆红素","0,1",0,0.9761904761904762
药物_盐酸羟考酮缓释片,"检验_碱性磷酸酶, 检验_直接胆红素","0,1",1,0.023809523809523808
药物_盐酸羟考酮缓释片,"检验_碱性磷酸酶, 检验_直接胆红素","1,0",0,1.0
药物_盐酸羟考酮缓释片,"检验_碱性磷酸酶, 检验_直接胆红素","1,0",1,0.0
药物_盐酸羟考酮缓释片,"检验_碱性磷酸酶, 检验_直接胆红素","1,1",0,0.5789473684210527
药物_盐酸羟考酮缓释片,"检验_碱性磷酸酶, 检验_直接胆红素","1,1",1,0.42105263157894735
药物_阿托伐他汀钙片,"疾病_高脂血症, 药物_匹伐他汀钙片, 药物_阿司匹林肠溶片, 疾病_冠状动脉粥样硬化性心脏病","0,0,0,0",0,1.0
药物_阿托伐他汀钙片,"疾病_高脂血症, 药物_匹伐他汀钙片, 药物_阿司匹林肠溶片, 疾病_冠状动脉粥样硬化性心脏病","0,0,0,0",1,0.0
药物_阿托伐他汀钙片,"疾病_高脂血症, 药物_匹伐他汀钙片, 药物_阿司匹林肠溶片, 疾病_冠状动脉粥样硬化性心脏病","0,0,0,1",0,0.9523809523809523
药物_阿托伐他汀钙片,"疾病_高脂血症, 药物_匹伐他汀钙片, 药物_阿司匹林肠溶片, 疾病_冠状动脉粥样硬化性心脏病","0,0,0,1",1,0.047619047619047616
药物_阿托伐他汀钙片,"疾病_高脂血症, 药物_匹伐他汀钙片, 药物_阿司匹林肠溶片, 疾病_冠状动脉粥样硬化性心脏病","0,0,1,0",0,0.5
药物_阿托伐他汀钙片,"疾病_高脂血症, 药物_匹伐他汀钙片, 药物_阿司匹林肠溶片, 疾病_冠状动脉粥样硬化性心脏病","0,0,1,0",1,0.5
药物_阿托伐他汀钙片,"疾病_高脂血症, 药物_匹伐他汀钙片, 药物_阿司匹林肠溶片, 疾病_冠状动脉粥样硬化性心脏病","0,0,1,1",0,0.8181818181818182
药物_阿托伐他汀钙片,"疾病_高脂血症, 药物_匹伐他汀钙片, 药物_阿司匹林肠溶片, 疾病_冠状动脉粥样硬化性心脏病","0,0,1,1",1,0.18181818181818182
药物_阿托伐他汀钙片,"疾病_高脂血症, 药物_匹伐他汀钙片, 药物_阿司匹林肠溶片, 疾病_冠状动脉粥样硬化性心脏病","0,1,0,0",0,1.0
药物_阿托伐他汀钙片,"疾病_高脂血症, 药物_匹伐他汀钙片, 药物_阿司匹林肠溶片, 疾病_冠状动脉粥样硬化性心脏病","0,1,0,0",1,0.0
药物_阿托伐他汀钙片,"疾病_高脂血症, 药物_匹伐他汀钙片, 药物_阿司匹林肠溶片, 疾病_冠状动脉粥样硬化性心脏病","0,1,0,1",0,0.5
药物_阿托伐他汀钙片,"疾病_高脂血症, 药物_匹伐他汀钙片, 药物_阿司匹林肠溶片, 疾病_冠状动脉粥样硬化性心脏病","0,1,0,1",1,0.5
药物_阿托伐他汀钙片,"疾病_高脂血症, 药物_匹伐他汀钙片, 药物_阿司匹林肠溶片, 疾病_冠状动脉粥样硬化性心脏病","0,1,1,0",0,1.0
药物_阿托伐他汀钙片,"疾病_高脂血症, 药物_匹伐他汀钙片, 药物_阿司匹林肠溶片, 疾病_冠状动脉粥样硬化性心脏病","0,1,1,0",1,0.0
药物_阿托伐他汀钙片,"疾病_高脂血症, 药物_匹伐他汀钙片, 药物_阿司匹林肠溶片, 疾病_冠状动脉粥样硬化性心脏病","0,1,1,1",0,0.5
药物_阿托伐他汀钙片,"疾病_高脂血症, 药物_匹伐他汀钙片, 药物_阿司匹林肠溶片, 疾病_冠状动脉粥样硬化性心脏病","0,1,1,1",1,0.5
药物_阿托伐他汀钙片,"疾病_高脂血症, 药物_匹伐他汀钙片, 药物_阿司匹林肠溶片, 疾病_冠状动脉粥样硬化性心脏病","1,0,0,0",0,0.7818181818181819
药物_阿托伐他汀钙片,"疾病_高脂血症, 药物_匹伐他汀钙片, 药物_阿司匹林肠溶片, 疾病_冠状动脉粥样硬化性心脏病","1,0,0,0",1,0.21818181818181817
药物_阿托伐他汀钙片,"疾病_高脂血症, 药物_匹伐他汀钙片, 药物_阿司匹林肠溶片, 疾病_冠状动脉粥样硬化性心脏病","1,0,0,1",0,0.55
药物_阿托伐他汀钙片,"疾病_高脂血症, 药物_匹伐他汀钙片, 药物_阿司匹林肠溶片, 疾病_冠状动脉粥样硬化性心脏病","1,0,0,1",1,0.45
药物_阿托伐他汀钙片,"疾病_高脂血症, 药物_匹伐他汀钙片, 药物_阿司匹林肠溶片, 疾病_冠状动脉粥样硬化性心脏病","1,0,1,0",0,0.6428571428571429
药物_阿托伐他汀钙片,"疾病_高脂血症, 药物_匹伐他汀钙片, 药物_阿司匹林肠溶片, 疾病_冠状动脉粥样硬化性心脏病","1,0,1,0",1,0.35714285714285715
药物_阿托伐他汀钙片,"疾病_高脂血症, 药物_匹伐他汀钙片, 药物_阿司匹林肠溶片, 疾病_冠状动脉粥样硬化性心脏病","1,0,1,1",0,0.16666666666666666
药物_阿托伐他汀钙片,"疾病_高脂血症, 药物_匹伐他汀钙片, 药物_阿司匹林肠溶片, 疾病_冠状动脉粥样硬化性心脏病","1,0,1,1",1,0.8333333333333334
药物_阿托伐他汀钙片,"疾病_高脂血症, 药物_匹伐他汀钙片, 药物_阿司匹林肠溶片, 疾病_冠状动脉粥样硬化性心脏病","1,1,0,0",0,1.0
药物_阿托伐他汀钙片,"疾病_高脂血症, 药物_匹伐他汀钙片, 药物_阿司匹林肠溶片, 疾病_冠状动脉粥样硬化性心脏病","1,1,0,0",1,0.0
药物_阿托伐他汀钙片,"疾病_高脂血症, 药物_匹伐他汀钙片, 药物_阿司匹林肠溶片, 疾病_冠状动脉粥样硬化性心脏病","1,1,0,1",0,1.0
药物_阿托伐他汀钙片,"疾病_高脂血症, 药物_匹伐他汀钙片, 药物_阿司匹林肠溶片, 疾病_冠状动脉粥样硬化性心脏病","1,1,0,1",1,0.0
药物_阿托伐他汀钙片,"疾病_高脂血症, 药物_匹伐他汀钙片, 药物_阿司匹林肠溶片, 疾病_冠状动脉粥样硬化性心脏病","1,1,1,0",0,1.0
药物_阿托伐他汀钙片,"疾病_高脂血症, 药物_匹伐他汀钙片, 药物_阿司匹林肠溶片, 疾病_冠状动脉粥样硬化性心脏病","1,1,1,0",1,0.0
药物_阿托伐他汀钙片,"疾病_高脂血症, 药物_匹伐他汀钙片, 药物_阿司匹林肠溶片, 疾病_冠状动脉粥样硬化性心脏病","1,1,1,1",0,1.0
药物_阿托伐他汀钙片,"疾病_高脂血症, 药物_匹伐他汀钙片, 药物_阿司匹林肠溶片, 疾病_冠状动脉粥样硬化性心脏病","1,1,1,1",1,0.0
药物_苯磺酸氨氯地平片,"疾病_高血压, 检验_中性粒细胞数量","0,0",0,0.8980392156862745
药物_苯磺酸氨氯地平片,"疾病_高血压, 检验_中性粒细胞数量","0,0",1,0.10196078431372549
药物_苯磺酸氨氯地平片,"疾病_高血压, 检验_中性粒细胞数量","0,1",0,1.0
药物_苯磺酸氨氯地平片,"疾病_高血压, 检验_中性粒细胞数量","0,1",1,0.0
药物_苯磺酸氨氯地平片,"疾病_高血压, 检验_中性粒细胞数量","1,0",0,0.5
药物_苯磺酸氨氯地平片,"疾病_高血压, 检验_中性粒细胞数量","1,0",1,0.5
药物_苯磺酸氨氯地平片,"疾病_高血压, 检验_中性粒细胞数量","1,1",0,0.5
药物_苯磺酸氨氯地平片,"疾病_高血压, 检验_中性粒细胞数量","1,1",1,0.5
药物_阿卡波糖片,"疾病_糖尿病, 药物_二羟丙茶碱注射液, 药物_盐酸曲美他嗪片","0,0,0",0,1.0
药物_阿卡波糖片,"疾病_糖尿病, 药物_二羟丙茶碱注射液, 药物_盐酸曲美他嗪片","0,0,0",1,0.0
药物_阿卡波糖片,"疾病_糖尿病, 药物_二羟丙茶碱注射液, 药物_盐酸曲美他嗪片","0,0,1",0,0.6666666666666666
药物_阿卡波糖片,"疾病_糖尿病, 药物_二羟丙茶碱注射液, 药物_盐酸曲美他嗪片","0,0,1",1,0.3333333333333333
药物_阿卡波糖片,"疾病_糖尿病, 药物_二羟丙茶碱注射液, 药物_盐酸曲美他嗪片","0,1,0",0,0.0
药物_阿卡波糖片,"疾病_糖尿病, 药物_二羟丙茶碱注射液, 药物_盐酸曲美他嗪片","0,1,0",1,1.0
药物_阿卡波糖片,"疾病_糖尿病, 药物_二羟丙茶碱注射液, 药物_盐酸曲美他嗪片","0,1,1",0,0.5
药物_阿卡波糖片,"疾病_糖尿病, 药物_二羟丙茶碱注射液, 药物_盐酸曲美他嗪片","0,1,1",1,0.5
药物_阿卡波糖片,"疾病_糖尿病, 药物_二羟丙茶碱注射液, 药物_盐酸曲美他嗪片","1,0,0",0,0.734375
药物_阿卡波糖片,"疾病_糖尿病, 药物_二羟丙茶碱注射液, 药物_盐酸曲美他嗪片","1,0,0",1,0.265625
药物_阿卡波糖片,"疾病_糖尿病, 药物_二羟丙茶碱注射液, 药物_盐酸曲美他嗪片","1,0,1",0,0.15384615384615385
药物_阿卡波糖片,"疾病_糖尿病, 药物_二羟丙茶碱注射液, 药物_盐酸曲美他嗪片","1,0,1",1,0.8461538461538461
药物_阿卡波糖片,"疾病_糖尿病, 药物_二羟丙茶碱注射液, 药物_盐酸曲美他嗪片","1,1,0",0,0.0
药物_阿卡波糖片,"疾病_糖尿病, 药物_二羟丙茶碱注射液, 药物_盐酸曲美他嗪片","1,1,0",1,1.0
药物_阿卡波糖片,"疾病_糖尿病, 药物_二羟丙茶碱注射液, 药物_盐酸曲美他嗪片","1,1,1",0,0.5
药物_阿卡波糖片,"疾病_糖尿病, 药物_二羟丙茶碱注射液, 药物_盐酸曲美他嗪片","1,1,1",1,0.5
药物_碳酸钙片,"药物_骨化三醇胶丸, 疾病_重度骨质疏松, 检验_葡萄糖, 检验_磷","0,0,0,0",0,1.0
药物_碳酸钙片,"药物_骨化三醇胶丸, 疾病_重度骨质疏松, 检验_葡萄糖, 检验_磷","0,0,0,0",1,0.0
药物_碳酸钙片,"药物_骨化三醇胶丸, 疾病_重度骨质疏松, 检验_葡萄糖, 检验_磷","0,0,0,1",0,1.0
药物_碳酸钙片,"药物_骨化三醇胶丸, 疾病_重度骨质疏松, 检验_葡萄糖, 检验_磷","0,0,0,1",1,0.0
药物_碳酸钙片,"药物_骨化三醇胶丸, 疾病_重度骨质疏松, 检验_葡萄糖, 检验_磷","0,0,1,0",0,0.9913793103448276
药物_碳酸钙片,"药物_骨化三醇胶丸, 疾病_重度骨质疏松, 检验_葡萄糖, 检验_磷","0,0,1,0",1,0.008620689655172414
药物_碳酸钙片,"药物_骨化三醇胶丸, 疾病_重度骨质疏松, 检验_葡萄糖, 检验_磷","0,0,1,1",0,0.8947368421052632
药物_碳酸钙片,"药物_骨化三醇胶丸, 疾病_重度骨质疏松, 检验_葡萄糖, 检验_磷","0,0,1,1",1,0.10526315789473684
药物_碳酸钙片,"药物_骨化三醇胶丸, 疾病_重度骨质疏松, 检验_葡萄糖, 检验_磷","0,1,0,0",0,0.3333333333333333
药物_碳酸钙片,"药物_骨化三醇胶丸, 疾病_重度骨质疏松, 检验_葡萄糖, 检验_磷","0,1,0,0",1,0.6666666666666666
药物_碳酸钙片,"药物_骨化三醇胶丸, 疾病_重度骨质疏松, 检验_葡萄糖, 检验_磷","0,1,0,1",0,0.0
药物_碳酸钙片,"药物_骨化三醇胶丸, 疾病_重度骨质疏松, 检验_葡萄糖, 检验_磷","0,1,0,1",1,1.0
药物_碳酸钙片,"药物_骨化三醇胶丸, 疾病_重度骨质疏松, 检验_葡萄糖, 检验_磷","0,1,1,0",0,1.0
药物_碳酸钙片,"药物_骨化三醇胶丸, 疾病_重度骨质疏松, 检验_葡萄糖, 检验_磷","0,1,1,0",1,0.0
药物_碳酸钙片,"药物_骨化三醇胶丸, 疾病_重度骨质疏松, 检验_葡萄糖, 检验_磷","0,1,1,1",0,1.0
药物_碳酸钙片,"药物_骨化三醇胶丸, 疾病_重度骨质疏松, 检验_葡萄糖, 检验_磷","0,1,1,1",1,0.0
药物_碳酸钙片,"药物_骨化三醇胶丸, 疾病_重度骨质疏松, 检验_葡萄糖, 检验_磷","1,0,0,0",0,0.6666666666666666
药物_碳酸钙片,"药物_骨化三醇胶丸, 疾病_重度骨质疏松, 检验_葡萄糖, 检验_磷","1,0,0,0",1,0.3333333333333333
药物_碳酸钙片,"药物_骨化三醇胶丸, 疾病_重度骨质疏松, 检验_葡萄糖, 检验_磷","1,0,0,1",0,0.5
药物_碳酸钙片,"药物_骨化三醇胶丸, 疾病_重度骨质疏松, 检验_葡萄糖, 检验_磷","1,0,0,1",1,0.5
药物_碳酸钙片,"药物_骨化三醇胶丸, 疾病_重度骨质疏松, 检验_葡萄糖, 检验_磷","1,0,1,0",0,0.0
药物_碳酸钙片,"药物_骨化三醇胶丸, 疾病_重度骨质疏松, 检验_葡萄糖, 检验_磷","1,0,1,0",1,1.0
药物_碳酸钙片,"药物_骨化三醇胶丸, 疾病_重度骨质疏松, 检验_葡萄糖, 检验_磷","1,0,1,1",0,1.0
药物_碳酸钙片,"药物_骨化三醇胶丸, 疾病_重度骨质疏松, 检验_葡萄糖, 检验_磷","1,0,1,1",1,0.0
药物_碳酸钙片,"药物_骨化三醇胶丸, 疾病_重度骨质疏松, 检验_葡萄糖, 检验_磷","1,1,0,0",0,0.6666666666666666
药物_碳酸钙片,"药物_骨化三醇胶丸, 疾病_重度骨质疏松, 检验_葡萄糖, 检验_磷","1,1,0,0",1,0.3333333333333333
药物_碳酸钙片,"药物_骨化三醇胶丸, 疾病_重度骨质疏松, 检验_葡萄糖, 检验_磷","1,1,0,1",0,0.0
药物_碳酸钙片,"药物_骨化三醇胶丸, 疾病_重度骨质疏松, 检验_葡萄糖, 检验_磷","1,1,0,1",1,1.0
药物_碳酸钙片,"药物_骨化三醇胶丸, 疾病_重度骨质疏松, 检验_葡萄糖, 检验_磷","1,1,1,0",0,1.0
药物_碳酸钙片,"药物_骨化三醇胶丸, 疾病_重度骨质疏松, 检验_葡萄糖, 检验_磷","1,1,1,0",1,0.0
药物_碳酸钙片,"药物_骨化三醇胶丸, 疾病_重度骨质疏松, 检验_葡萄糖, 检验_磷","1,1,1,1",0,0.0
药物_碳酸钙片,"药物_骨化三醇胶丸, 疾病_重度骨质疏松, 检验_葡萄糖, 检验_磷","1,1,1,1",1,1.0
药物_硫酸氢氯吡格雷片,"药物_盐酸曲美他嗪片, 疾病_陈旧性脑梗死, 药物_阿托伐他汀钙片","0,0,0",0,0.974025974025974
药物_硫酸氢氯吡格雷片,"药物_盐酸曲美他嗪片, 疾病_陈旧性脑梗死, 药物_阿托伐他汀钙片","0,0,0",1,0.025974025974025976
药物_硫酸氢氯吡格雷片,"药物_盐酸曲美他嗪片, 疾病_陈旧性脑梗死, 药物_阿托伐他汀钙片","0,0,1",0,0.7948717948717948
药物_硫酸氢氯吡格雷片,"药物_盐酸曲美他嗪片, 疾病_陈旧性脑梗死, 药物_阿托伐他汀钙片","0,0,1",1,0.20512820512820512
药物_硫酸氢氯吡格雷片,"药物_盐酸曲美他嗪片, 疾病_陈旧性脑梗死, 药物_阿托伐他汀钙片","0,1,0",0,0.6666666666666666
药物_硫酸氢氯吡格雷片,"药物_盐酸曲美他嗪片, 疾病_陈旧性脑梗死, 药物_阿托伐他汀钙片","0,1,0",1,0.3333333333333333
药物_硫酸氢氯吡格雷片,"药物_盐酸曲美他嗪片, 疾病_陈旧性脑梗死, 药物_阿托伐他汀钙片","0,1,1",0,0.2
药物_硫酸氢氯吡格雷片,"药物_盐酸曲美他嗪片, 疾病_陈旧性脑梗死, 药物_阿托伐他汀钙片","0,1,1",1,0.8
药物_硫酸氢氯吡格雷片,"药物_盐酸曲美他嗪片, 疾病_陈旧性脑梗死, 药物_阿托伐他汀钙片","1,0,0",0,0.5
药物_硫酸氢氯吡格雷片,"药物_盐酸曲美他嗪片, 疾病_陈旧性脑梗死, 药物_阿托伐他汀钙片","1,0,0",1,0.5
药物_硫酸氢氯吡格雷片,"药物_盐酸曲美他嗪片, 疾病_陈旧性脑梗死, 药物_阿托伐他汀钙片","1,0,1",0,0.5
药物_硫酸氢氯吡格雷片,"药物_盐酸曲美他嗪片, 疾病_陈旧性脑梗死, 药物_阿托伐他汀钙片","1,0,1",1,0.5
药物_硫酸氢氯吡格雷片,"药物_盐酸曲美他嗪片, 疾病_陈旧性脑梗死, 药物_阿托伐他汀钙片","1,1,0",0,0.0
药物_硫酸氢氯吡格雷片,"药物_盐酸曲美他嗪片, 疾病_陈旧性脑梗死, 药物_阿托伐他汀钙片","1,1,0",1,1.0
药物_硫酸氢氯吡格雷片,"药物_盐酸曲美他嗪片, 疾病_陈旧性脑梗死, 药物_阿托伐他汀钙片","1,1,1",0,0.0
药物_硫酸氢氯吡格雷片,"药物_盐酸曲美他嗪片, 疾病_陈旧性脑梗死, 药物_阿托伐他汀钙片","1,1,1",1,1.0
药物_肝素钠注射液,"疾病_脑梗死, 药物_盐酸氨溴索注射液","0,0",0,1.0
药物_肝素钠注射液,"疾病_脑梗死, 药物_盐酸氨溴索注射液","0,0",1,0.0
药物_肝素钠注射液,"疾病_脑梗死, 药物_盐酸氨溴索注射液","0,1",0,0.6666666666666666
药物_肝素钠注射液,"疾病_脑梗死, 药物_盐酸氨溴索注射液","0,1",1,0.3333333333333333
药物_肝素钠注射液,"疾病_脑梗死, 药物_盐酸氨溴索注射液","1,0",0,0.9375
药物_肝素钠注射液,"疾病_脑梗死, 药物_盐酸氨溴索注射液","1,0",1,0.0625
药物_肝素钠注射液,"疾病_脑梗死, 药物_盐酸氨溴索注射液","1,1",0,0.0
药物_肝素钠注射液,"疾病_脑梗死, 药物_盐酸氨溴索注射液","1,1",1,1.0
药物_酒石酸美托洛尔片,"药物_螺内酯片, 药物_二羟丙茶碱注射液, 药物_骨化三醇胶丸","0,0,0",0,0.9653846153846154
药物_酒石酸美托洛尔片,"药物_螺内酯片, 药物_二羟丙茶碱注射液, 药物_骨化三醇胶丸","0,0,0",1,0.03461538461538462
药物_酒石酸美托洛尔片,"药物_螺内酯片, 药物_二羟丙茶碱注射液, 药物_骨化三醇胶丸","0,0,1",0,0.6875
药物_酒石酸美托洛尔片,"药物_螺内酯片, 药物_二羟丙茶碱注射液, 药物_骨化三醇胶丸","0,0,1",1,0.3125
药物_酒石酸美托洛尔片,"药物_螺内酯片, 药物_二羟丙茶碱注射液, 药物_骨化三醇胶丸","0,1,0",0,0.375
药物_酒石酸美托洛尔片,"药物_螺内酯片, 药物_二羟丙茶碱注射液, 药物_骨化三醇胶丸","0,1,0",1,0.625
药物_酒石酸美托洛尔片,"药物_螺内酯片, 药物_二羟丙茶碱注射液, 药物_骨化三醇胶丸","0,1,1",0,0.5
药物_酒石酸美托洛尔片,"药物_螺内酯片, 药物_二羟丙茶碱注射液, 药物_骨化三醇胶丸","0,1,1",1,0.5
药物_酒石酸美托洛尔片,"药物_螺内酯片, 药物_二羟丙茶碱注射液, 药物_骨化三醇胶丸","1,0,0",0,0.5384615384615384
药物_酒石酸美托洛尔片,"药物_螺内酯片, 药物_二羟丙茶碱注射液, 药物_骨化三醇胶丸","1,0,0",1,0.46153846153846156
药物_酒石酸美托洛尔片,"药物_螺内酯片, 药物_二羟丙茶碱注射液, 药物_骨化三醇胶丸","1,0,1",0,0.0
药物_酒石酸美托洛尔片,"药物_螺内酯片, 药物_二羟丙茶碱注射液, 药物_骨化三醇胶丸","1,0,1",1,1.0
药物_酒石酸美托洛尔片,"药物_螺内酯片, 药物_二羟丙茶碱注射液, 药物_骨化三醇胶丸","1,1,0",0,0.5
药物_酒石酸美托洛尔片,"药物_螺内酯片, 药物_二羟丙茶碱注射液, 药物_骨化三醇胶丸","1,1,0",1,0.5
药物_酒石酸美托洛尔片,"药物_螺内酯片, 药物_二羟丙茶碱注射液, 药物_骨化三醇胶丸","1,1,1",0,0.5
药物_酒石酸美托洛尔片,"药物_螺内酯片, 药物_二羟丙茶碱注射液, 药物_骨化三醇胶丸","1,1,1",1,0.5
药物_单硝酸异山梨酯片,"疾病_冠状动脉粥样硬化性心脏病, 药物_硫酸氢氯吡格雷片","0,0",0,0.9953488372093023
药物_单硝酸异山梨酯片,"疾病_冠状动脉粥样硬化性心脏病, 药物_硫酸氢氯吡格雷片","0,0",1,0.004651162790697674
药物_单硝酸异山梨酯片,"疾病_冠状动脉粥样硬化性心脏病, 药物_硫酸氢氯吡格雷片","0,1",0,1.0
药物_单硝酸异山梨酯片,"疾病_冠状动脉粥样硬化性心脏病, 药物_硫酸氢氯吡格雷片","0,1",1,0.0
药物_单硝酸异山梨酯片,"疾病_冠状动脉粥样硬化性心脏病, 药物_硫酸氢氯吡格雷片","1,0",0,0.8823529411764706
药物_单硝酸异山梨酯片,"疾病_冠状动脉粥样硬化性心脏病, 药物_硫酸氢氯吡格雷片","1,0",1,0.11764705882352941
药物_单硝酸异山梨酯片,"疾病_冠状动脉粥样硬化性心脏病, 药物_硫酸氢氯吡格雷片","1,1",0,0.5652173913043478
药物_单硝酸异山梨酯片,"疾病_冠状动脉粥样硬化性心脏病, 药物_硫酸氢氯吡格雷片","1,1",1,0.43478260869565216
药物_地西泮片,,无条件,0,0.9466666666666667
药物_地西泮片,,无条件,1,0.05333333333333334
药物_骨化三醇胶丸,"疾病_重度骨质疏松, 检验_转肽酶, 疾病_肾性贫血, 药物_碳酸钙片","0,0,0,0",0,0.990990990990991
药物_骨化三醇胶丸,"疾病_重度骨质疏松, 检验_转肽酶, 疾病_肾性贫血, 药物_碳酸钙片","0,0,0,0",1,0.009009009009009009
药物_骨化三醇胶丸,"疾病_重度骨质疏松, 检验_转肽酶, 疾病_肾性贫血, 药物_碳酸钙片","0,0,0,1",0,0.5
药物_骨化三醇胶丸,"疾病_重度骨质疏松, 检验_转肽酶, 疾病_肾性贫血, 药物_碳酸钙片","0,0,0,1",1,0.5
药物_骨化三醇胶丸,"疾病_重度骨质疏松, 检验_转肽酶, 疾病_肾性贫血, 药物_碳酸钙片","0,0,1,0",0,1.0
药物_骨化三醇胶丸,"疾病_重度骨质疏松, 检验_转肽酶, 疾病_肾性贫血, 药物_碳酸钙片","0,0,1,0",1,0.0
药物_骨化三醇胶丸,"疾病_重度骨质疏松, 检验_转肽酶, 疾病_肾性贫血, 药物_碳酸钙片","0,0,1,1",0,0.0
药物_骨化三醇胶丸,"疾病_重度骨质疏松, 检验_转肽酶, 疾病_肾性贫血, 药物_碳酸钙片","0,0,1,1",1,1.0
药物_骨化三醇胶丸,"疾病_重度骨质疏松, 检验_转肽酶, 疾病_肾性贫血, 药物_碳酸钙片","0,1,0,0",0,0.9791666666666666
药物_骨化三醇胶丸,"疾病_重度骨质疏松, 检验_转肽酶, 疾病_肾性贫血, 药物_碳酸钙片","0,1,0,0",1,0.020833333333333332
药物_骨化三醇胶丸,"疾病_重度骨质疏松, 检验_转肽酶, 疾病_肾性贫血, 药物_碳酸钙片","0,1,0,1",0,1.0
药物_骨化三醇胶丸,"疾病_重度骨质疏松, 检验_转肽酶, 疾病_肾性贫血, 药物_碳酸钙片","0,1,0,1",1,0.0
药物_骨化三醇胶丸,"疾病_重度骨质疏松, 检验_转肽酶, 疾病_肾性贫血, 药物_碳酸钙片","0,1,1,0",0,0.0
药物_骨化三醇胶丸,"疾病_重度骨质疏松, 检验_转肽酶, 疾病_肾性贫血, 药物_碳酸钙片","0,1,1,0",1,1.0
药物_骨化三醇胶丸,"疾病_重度骨质疏松, 检验_转肽酶, 疾病_肾性贫血, 药物_碳酸钙片","0,1,1,1",0,0.5
药物_骨化三醇胶丸,"疾病_重度骨质疏松, 检验_转肽酶, 疾病_肾性贫血, 药物_碳酸钙片","0,1,1,1",1,0.5
药物_骨化三醇胶丸,"疾病_重度骨质疏松, 检验_转肽酶, 疾病_肾性贫血, 药物_碳酸钙片","1,0,0,0",0,0.2
药物_骨化三醇胶丸,"疾病_重度骨质疏松, 检验_转肽酶, 疾病_肾性贫血, 药物_碳酸钙片","1,0,0,0",1,0.8
药物_骨化三醇胶丸,"疾病_重度骨质疏松, 检验_转肽酶, 疾病_肾性贫血, 药物_碳酸钙片","1,0,0,1",0,0.3333333333333333
药物_骨化三醇胶丸,"疾病_重度骨质疏松, 检验_转肽酶, 疾病_肾性贫血, 药物_碳酸钙片","1,0,0,1",1,0.6666666666666666
药物_骨化三醇胶丸,"疾病_重度骨质疏松, 检验_转肽酶, 疾病_肾性贫血, 药物_碳酸钙片","1,0,1,0",0,0.5
药物_骨化三醇胶丸,"疾病_重度骨质疏松, 检验_转肽酶, 疾病_肾性贫血, 药物_碳酸钙片","1,0,1,0",1,0.5
药物_骨化三醇胶丸,"疾病_重度骨质疏松, 检验_转肽酶, 疾病_肾性贫血, 药物_碳酸钙片","1,0,1,1",0,0.5
药物_骨化三醇胶丸,"疾病_重度骨质疏松, 检验_转肽酶, 疾病_肾性贫血, 药物_碳酸钙片","1,0,1,1",1,0.5
药物_骨化三醇胶丸,"疾病_重度骨质疏松, 检验_转肽酶, 疾病_肾性贫血, 药物_碳酸钙片","1,1,0,0",0,1.0
药物_骨化三醇胶丸,"疾病_重度骨质疏松, 检验_转肽酶, 疾病_肾性贫血, 药物_碳酸钙片","1,1,0,0",1,0.0
药物_骨化三醇胶丸,"疾病_重度骨质疏松, 检验_转肽酶, 疾病_肾性贫血, 药物_碳酸钙片","1,1,0,1",0,1.0
药物_骨化三醇胶丸,"疾病_重度骨质疏松, 检验_转肽酶, 疾病_肾性贫血, 药物_碳酸钙片","1,1,0,1",1,0.0
药物_骨化三醇胶丸,"疾病_重度骨质疏松, 检验_转肽酶, 疾病_肾性贫血, 药物_碳酸钙片","1,1,1,0",0,0.5
药物_骨化三醇胶丸,"疾病_重度骨质疏松, 检验_转肽酶, 疾病_肾性贫血, 药物_碳酸钙片","1,1,1,0",1,0.5
药物_骨化三醇胶丸,"疾病_重度骨质疏松, 检验_转肽酶, 疾病_肾性贫血, 药物_碳酸钙片","1,1,1,1",0,0.5
药物_骨化三醇胶丸,"疾病_重度骨质疏松, 检验_转肽酶, 疾病_肾性贫血, 药物_碳酸钙片","1,1,1,1",1,0.5
药物_头孢地尼分散片,疾病_混合痔,0,0,0.9592592592592593
药物_头孢地尼分散片,疾病_混合痔,0,1,0.040740740740740744
药物_头孢地尼分散片,疾病_混合痔,1,0,0.6333333333333333
药物_头孢地尼分散片,疾病_混合痔,1,1,0.36666666666666664
药物_叶酸片,"疾病_高同型半胱氨酸血症, 药物_琥珀酸亚铁片","0,0",0,0.989247311827957
药物_叶酸片,"疾病_高同型半胱氨酸血症, 药物_琥珀酸亚铁片","0,0",1,0.010752688172043012
药物_叶酸片,"疾病_高同型半胱氨酸血症, 药物_琥珀酸亚铁片","0,1",0,0.5
药物_叶酸片,"疾病_高同型半胱氨酸血症, 药物_琥珀酸亚铁片","0,1",1,0.5
药物_叶酸片,"疾病_高同型半胱氨酸血症, 药物_琥珀酸亚铁片","1,0",0,0.4444444444444444
药物_叶酸片,"疾病_高同型半胱氨酸血症, 药物_琥珀酸亚铁片","1,0",1,0.5555555555555556
药物_叶酸片,"疾病_高同型半胱氨酸血症, 药物_琥珀酸亚铁片","1,1",0,0.5
药物_叶酸片,"疾病_高同型半胱氨酸血症, 药物_琥珀酸亚铁片","1,1",1,0.5
药物_硝苯地平控释片,"疾病_高血压, 疾病_高尿酸血症, 检验_嗜酸性粒细胞比率","0,0,0",0,0.9392523364485982
药物_硝苯地平控释片,"疾病_高血压, 疾病_高尿酸血症, 检验_嗜酸性粒细胞比率","0,0,0",1,0.06074766355140187
药物_硝苯地平控释片,"疾病_高血压, 疾病_高尿酸血症, 检验_嗜酸性粒细胞比率","0,0,1",0,0.9787234042553191
药物_硝苯地平控释片,"疾病_高血压, 疾病_高尿酸血症, 检验_嗜酸性粒细胞比率","0,0,1",1,0.02127659574468085
药物_硝苯地平控释片,"疾病_高血压, 疾病_高尿酸血症, 检验_嗜酸性粒细胞比率","0,1,0",0,0.59375
药物_硝苯地平控释片,"疾病_高血压, 疾病_高尿酸血症, 检验_嗜酸性粒细胞比率","0,1,0",1,0.40625
药物_硝苯地平控释片,"疾病_高血压, 疾病_高尿酸血症, 检验_嗜酸性粒细胞比率","0,1,1",0,0.8571428571428571
药物_硝苯地平控释片,"疾病_高血压, 疾病_高尿酸血症, 检验_嗜酸性粒细胞比率","0,1,1",1,0.14285714285714285
药物_硝苯地平控释片,"疾病_高血压, 疾病_高尿酸血症, 检验_嗜酸性粒细胞比率","1,0,0",0,0.5
药物_硝苯地平控释片,"疾病_高血压, 疾病_高尿酸血症, 检验_嗜酸性粒细胞比率","1,0,0",1,0.5
药物_硝苯地平控释片,"疾病_高血压, 疾病_高尿酸血症, 检验_嗜酸性粒细胞比率","1,0,1",0,0.5
药物_硝苯地平控释片,"疾病_高血压, 疾病_高尿酸血症, 检验_嗜酸性粒细胞比率","1,0,1",1,0.5
药物_硝苯地平控释片,"疾病_高血压, 疾病_高尿酸血症, 检验_嗜酸性粒细胞比率","1,1,0",0,0.5
药物_硝苯地平控释片,"疾病_高血压, 疾病_高尿酸血症, 检验_嗜酸性粒细胞比率","1,1,0",1,0.5
药物_硝苯地平控释片,"疾病_高血压, 疾病_高尿酸血症, 检验_嗜酸性粒细胞比率","1,1,1",0,0.5
药物_硝苯地平控释片,"疾病_高血压, 疾病_高尿酸血症, 检验_嗜酸性粒细胞比率","1,1,1",1,0.5
药物_重组人促红素注射液,检验_钠,0,0,0.9958677685950413
药物_重组人促红素注射液,检验_钠,0,1,0.004132231404958678
药物_重组人促红素注射液,检验_钠,1,0,0.8103448275862069
药物_重组人促红素注射液,检验_钠,1,1,0.1896551724137931
药物_磷酸可待因片,药物_地西泮片,0,0,1.0
药物_磷酸可待因片,药物_地西泮片,0,1,0.0
药物_磷酸可待因片,药物_地西泮片,1,0,0.9375
药物_磷酸可待因片,药物_地西泮片,1,1,0.0625
药物_富马酸比索洛尔片,"疾病_高血压, 药物_二羟丙茶碱注射液, 药物_酒石酸美托洛尔片","0,0,0",0,0.8698884758364313
药物_富马酸比索洛尔片,"疾病_高血压, 药物_二羟丙茶碱注射液, 药物_酒石酸美托洛尔片","0,0,0",1,0.13011152416356878
药物_富马酸比索洛尔片,"疾病_高血压, 药物_二羟丙茶碱注射液, 药物_酒石酸美托洛尔片","0,0,1",0,1.0
药物_富马酸比索洛尔片,"疾病_高血压, 药物_二羟丙茶碱注射液, 药物_酒石酸美托洛尔片","0,0,1",1,0.0
药物_富马酸比索洛尔片,"疾病_高血压, 药物_二羟丙茶碱注射液, 药物_酒石酸美托洛尔片","0,1,0",0,0.0
药物_富马酸比索洛尔片,"疾病_高血压, 药物_二羟丙茶碱注射液, 药物_酒石酸美托洛尔片","0,1,0",1,1.0
药物_富马酸比索洛尔片,"疾病_高血压, 药物_二羟丙茶碱注射液, 药物_酒石酸美托洛尔片","0,1,1",0,0.8
药物_富马酸比索洛尔片,"疾病_高血压, 药物_二羟丙茶碱注射液, 药物_酒石酸美托洛尔片","0,1,1",1,0.2
药物_富马酸比索洛尔片,"疾病_高血压, 药物_二羟丙茶碱注射液, 药物_酒石酸美托洛尔片","1,0,0",0,0.5
药物_富马酸比索洛尔片,"疾病_高血压, 药物_二羟丙茶碱注射液, 药物_酒石酸美托洛尔片","1,0,0",1,0.5
药物_富马酸比索洛尔片,"疾病_高血压, 药物_二羟丙茶碱注射液, 药物_酒石酸美托洛尔片","1,0,1",0,0.5
药物_富马酸比索洛尔片,"疾病_高血压, 药物_二羟丙茶碱注射液, 药物_酒石酸美托洛尔片","1,0,1",1,0.5
药物_富马酸比索洛尔片,"疾病_高血压, 药物_二羟丙茶碱注射液, 药物_酒石酸美托洛尔片","1,1,0",0,0.5
药物_富马酸比索洛尔片,"疾病_高血压, 药物_二羟丙茶碱注射液, 药物_酒石酸美托洛尔片","1,1,0",1,0.5
药物_富马酸比索洛尔片,"疾病_高血压, 药物_二羟丙茶碱注射液, 药物_酒石酸美托洛尔片","1,1,1",0,0.5
药物_富马酸比索洛尔片,"疾病_高血压, 药物_二羟丙茶碱注射液, 药物_酒石酸美托洛尔片","1,1,1",1,0.5
药物_甲钴胺分散片,"疾病_糖尿病, 药物_叶酸片","0,0",0,0.9866666666666667
药物_甲钴胺分散片,"疾病_糖尿病, 药物_叶酸片","0,0",1,0.013333333333333334
药物_甲钴胺分散片,"疾病_糖尿病, 药物_叶酸片","0,1",0,1.0
药物_甲钴胺分散片,"疾病_糖尿病, 药物_叶酸片","0,1",1,0.0
药物_甲钴胺分散片,"疾病_糖尿病, 药物_叶酸片","1,0",0,0.8823529411764706
药物_甲钴胺分散片,"疾病_糖尿病, 药物_叶酸片","1,0",1,0.11764705882352941
药物_甲钴胺分散片,"疾病_糖尿病, 药物_叶酸片","1,1",0,0.36363636363636365
药物_甲钴胺分散片,"疾病_糖尿病, 药物_叶酸片","1,1",1,0.6363636363636364
药物_琥珀酸亚铁片,"疾病_反流性食管炎, 疾病_贫血, 药物_叶酸片, 疾病_肾性贫血","0,0,0,0",0,0.9949494949494949
药物_琥珀酸亚铁片,"疾病_反流性食管炎, 疾病_贫血, 药物_叶酸片, 疾病_肾性贫血","0,0,0,0",1,0.005050505050505051
药物_琥珀酸亚铁片,"疾病_反流性食管炎, 疾病_贫血, 药物_叶酸片, 疾病_肾性贫血","0,0,0,1",0,1.0
药物_琥珀酸亚铁片,"疾病_反流性食管炎, 疾病_贫血, 药物_叶酸片, 疾病_肾性贫血","0,0,0,1",1,0.0
药物_琥珀酸亚铁片,"疾病_反流性食管炎, 疾病_贫血, 药物_叶酸片, 疾病_肾性贫血","0,0,1,0",0,0.8333333333333334
药物_琥珀酸亚铁片,"疾病_反流性食管炎, 疾病_贫血, 药物_叶酸片, 疾病_肾性贫血","0,0,1,0",1,0.16666666666666666
药物_琥珀酸亚铁片,"疾病_反流性食管炎, 疾病_贫血, 药物_叶酸片, 疾病_肾性贫血","0,0,1,1",0,0.0
药物_琥珀酸亚铁片,"疾病_反流性食管炎, 疾病_贫血, 药物_叶酸片, 疾病_肾性贫血","0,0,1,1",1,1.0
药物_琥珀酸亚铁片,"疾病_反流性食管炎, 疾病_贫血, 药物_叶酸片, 疾病_肾性贫血","0,1,0,0",0,0.7142857142857143
药物_琥珀酸亚铁片,"疾病_反流性食管炎, 疾病_贫血, 药物_叶酸片, 疾病_肾性贫血","0,1,0,0",1,0.2857142857142857
药物_琥珀酸亚铁片,"疾病_反流性食管炎, 疾病_贫血, 药物_叶酸片, 疾病_肾性贫血","0,1,0,1",0,0.5
药物_琥珀酸亚铁片,"疾病_反流性食管炎, 疾病_贫血, 药物_叶酸片, 疾病_肾性贫血","0,1,0,1",1,0.5
药物_琥珀酸亚铁片,"疾病_反流性食管炎, 疾病_贫血, 药物_叶酸片, 疾病_肾性贫血","0,1,1,0",0,0.0
药物_琥珀酸亚铁片,"疾病_反流性食管炎, 疾病_贫血, 药物_叶酸片, 疾病_肾性贫血","0,1,1,0",1,1.0
药物_琥珀酸亚铁片,"疾病_反流性食管炎, 疾病_贫血, 药物_叶酸片, 疾病_肾性贫血","0,1,1,1",0,0.5
药物_琥珀酸亚铁片,"疾病_反流性食管炎, 疾病_贫血, 药物_叶酸片, 疾病_肾性贫血","0,1,1,1",1,0.5
药物_琥珀酸亚铁片,"疾病_反流性食管炎, 疾病_贫血, 药物_叶酸片, 疾病_肾性贫血","1,0,0,0",0,0.9818181818181818
药物_琥珀酸亚铁片,"疾病_反流性食管炎, 疾病_贫血, 药物_叶酸片, 疾病_肾性贫血","1,0,0,0",1,0.01818181818181818
药物_琥珀酸亚铁片,"疾病_反流性食管炎, 疾病_贫血, 药物_叶酸片, 疾病_肾性贫血","1,0,0,1",0,0.5
药物_琥珀酸亚铁片,"疾病_反流性食管炎, 疾病_贫血, 药物_叶酸片, 疾病_肾性贫血","1,0,0,1",1,0.5
药物_琥珀酸亚铁片,"疾病_反流性食管炎, 疾病_贫血, 药物_叶酸片, 疾病_肾性贫血","1,0,1,0",0,1.0
药物_琥珀酸亚铁片,"疾病_反流性食管炎, 疾病_贫血, 药物_叶酸片, 疾病_肾性贫血","1,0,1,0",1,0.0
药物_琥珀酸亚铁片,"疾病_反流性食管炎, 疾病_贫血, 药物_叶酸片, 疾病_肾性贫血","1,0,1,1",0,0.0
药物_琥珀酸亚铁片,"疾病_反流性食管炎, 疾病_贫血, 药物_叶酸片, 疾病_肾性贫血","1,0,1,1",1,1.0
药物_琥珀酸亚铁片,"疾病_反流性食管炎, 疾病_贫血, 药物_叶酸片, 疾病_肾性贫血","1,1,0,0",0,1.0
药物_琥珀酸亚铁片,"疾病_反流性食管炎, 疾病_贫血, 药物_叶酸片, 疾病_肾性贫血","1,1,0,0",1,0.0
药物_琥珀酸亚铁片,"疾病_反流性食管炎, 疾病_贫血, 药物_叶酸片, 疾病_肾性贫血","1,1,0,1",0,0.5
药物_琥珀酸亚铁片,"疾病_反流性食管炎, 疾病_贫血, 药物_叶酸片, 疾病_肾性贫血","1,1,0,1",1,0.5
药物_琥珀酸亚铁片,"疾病_反流性食管炎, 疾病_贫血, 药物_叶酸片, 疾病_肾性贫血","1,1,1,0",0,1.0
药物_琥珀酸亚铁片,"疾病_反流性食管炎, 疾病_贫血, 药物_叶酸片, 疾病_肾性贫血","1,1,1,0",1,0.0
药物_琥珀酸亚铁片,"疾病_反流性食管炎, 疾病_贫血, 药物_叶酸片, 疾病_肾性贫血","1,1,1,1",0,0.5
药物_琥珀酸亚铁片,"疾病_反流性食管炎, 疾病_贫血, 药物_叶酸片, 疾病_肾性贫血","1,1,1,1",1,0.5
药物_盐酸氨溴索注射液,药物_氯化钾注射液,0,0,1.0
药物_盐酸氨溴索注射液,药物_氯化钾注射液,0,1,0.0
药物_盐酸氨溴索注射液,药物_氯化钾注射液,1,0,0.09090909090909091
药物_盐酸氨溴索注射液,药物_氯化钾注射液,1,1,0.9090909090909091
药物_葡萄糖注射液,"疾病_肺部感染, 药物_氯化钠注射液, 检验_氯","0,0,0",0,1.0
药物_葡萄糖注射液,"疾病_肺部感染, 药物_氯化钠注射液, 检验_氯","0,0,0",1,0.0
药物_葡萄糖注射液,"疾病_肺部感染, 药物_氯化钠注射液, 检验_氯","0,0,1",0,1.0
药物_葡萄糖注射液,"疾病_肺部感染, 药物_氯化钠注射液, 检验_氯","0,0,1",1,0.0
药物_葡萄糖注射液,"疾病_肺部感染, 药物_氯化钠注射液, 检验_氯","0,1,0",0,1.0
药物_葡萄糖注射液,"疾病_肺部感染, 药物_氯化钠注射液, 检验_氯","0,1,0",1,0.0
药物_葡萄糖注射液,"疾病_肺部感染, 药物_氯化钠注射液, 检验_氯","0,1,1",0,0.5
药物_葡萄糖注射液,"疾病_肺部感染, 药物_氯化钠注射液, 检验_氯","0,1,1",1,0.5
药物_葡萄糖注射液,"疾病_肺部感染, 药物_氯化钠注射液, 检验_氯","1,0,0",0,1.0
药物_葡萄糖注射液,"疾病_肺部感染, 药物_氯化钠注射液, 检验_氯","1,0,0",1,0.0
药物_葡萄糖注射液,"疾病_肺部感染, 药物_氯化钠注射液, 检验_氯","1,0,1",0,1.0
药物_葡萄糖注射液,"疾病_肺部感染, 药物_氯化钠注射液, 检验_氯","1,0,1",1,0.0
药物_葡萄糖注射液,"疾病_肺部感染, 药物_氯化钠注射液, 检验_氯","1,1,0",0,0.5555555555555556
药物_葡萄糖注射液,"疾病_肺部感染, 药物_氯化钠注射液, 检验_氯","1,1,0",1,0.4444444444444444
药物_葡萄糖注射液,"疾病_肺部感染, 药物_氯化钠注射液, 检验_氯","1,1,1",0,0.0
药物_葡萄糖注射液,"疾病_肺部感染, 药物_氯化钠注射液, 检验_氯","1,1,1",1,1.0
药物_盐酸布桂嗪注射液,"药物_盐酸羟考酮缓释片, 药物_盐酸吗啡注射液","0,0",0,0.993103448275862
药物_盐酸布桂嗪注射液,"药物_盐酸羟考酮缓释片, 药物_盐酸吗啡注射液","0,0",1,0.006896551724137931
药物_盐酸布桂嗪注射液,"药物_盐酸羟考酮缓释片, 药物_盐酸吗啡注射液","0,1",0,0.0
药物_盐酸布桂嗪注射液,"药物_盐酸羟考酮缓释片, 药物_盐酸吗啡注射液","0,1",1,1.0
药物_盐酸布桂嗪注射液,"药物_盐酸羟考酮缓释片, 药物_盐酸吗啡注射液","1,0",0,0.42857142857142855
药物_盐酸布桂嗪注射液,"药物_盐酸羟考酮缓释片, 药物_盐酸吗啡注射液","1,0",1,0.5714285714285714
药物_盐酸布桂嗪注射液,"药物_盐酸羟考酮缓释片, 药物_盐酸吗啡注射液","1,1",0,1.0
药物_盐酸布桂嗪注射液,"药物_盐酸羟考酮缓释片, 药物_盐酸吗啡注射液","1,1",1,0.0
药物_佐匹克隆片,检验_平均血红蛋白浓度,0,0,0.9961685823754789
药物_佐匹克隆片,检验_平均血红蛋白浓度,0,1,0.0038314176245210726
药物_佐匹克隆片,检验_平均血红蛋白浓度,1,0,0.9230769230769231
药物_佐匹克隆片,检验_平均血红蛋白浓度,1,1,0.07692307692307693
药物_螺内酯片,药物_呋塞米片,0,0,0.986013986013986
药物_螺内酯片,药物_呋塞米片,0,1,0.013986013986013986
药物_螺内酯片,药物_呋塞米片,1,0,0.14285714285714285
药物_螺内酯片,药物_呋塞米片,1,1,0.8571428571428571
药物_氯化钾注射液,检验_白球比,0,0,1.0
药物_氯化钾注射液,检验_白球比,0,1,0.0
药物_氯化钾注射液,检验_白球比,1,0,0.7924528301886793
药物_氯化钾注射液,检验_白球比,1,1,0.20754716981132076
药物_裸花紫珠分散片,"疾病_混合痔, 药物_单硝酸异山梨酯缓释片","0,0",0,1.0
药物_裸花紫珠分散片,"疾病_混合痔, 药物_单硝酸异山梨酯缓释片","0,0",1,0.0
药物_裸花紫珠分散片,"疾病_混合痔, 药物_单硝酸异山梨酯缓释片","0,1",0,0.5
药物_裸花紫珠分散片,"疾病_混合痔, 药物_单硝酸异山梨酯缓释片","0,1",1,0.5
药物_裸花紫珠分散片,"疾病_混合痔, 药物_单硝酸异山梨酯缓释片","1,0",0,0.5172413793103449
药物_裸花紫珠分散片,"疾病_混合痔, 药物_单硝酸异山梨酯缓释片","1,0",1,0.4827586206896552
药物_裸花紫珠分散片,"疾病_混合痔, 药物_单硝酸异山梨酯缓释片","1,1",0,0.0
药物_裸花紫珠分散片,"疾病_混合痔, 药物_单硝酸异山梨酯缓释片","1,1",1,1.0
药物_碳酸氢钠片,"疾病_肾性贫血, 疾病_高尿酸血症, 检验_红细胞压积","0,0,0",0,0.9961089494163424
药物_碳酸氢钠片,"疾病_肾性贫血, 疾病_高尿酸血症, 检验_红细胞压积","0,0,0",1,0.0038910505836575876
药物_碳酸氢钠片,"疾病_肾性贫血, 疾病_高尿酸血症, 检验_红细胞压积","0,0,1",0,0.5
药物_碳酸氢钠片,"疾病_肾性贫血, 疾病_高尿酸血症, 检验_红细胞压积","0,0,1",1,0.5
药物_碳酸氢钠片,"疾病_肾性贫血, 疾病_高尿酸血症, 检验_红细胞压积","0,1,0",0,0.7567567567567568
药物_碳酸氢钠片,"疾病_肾性贫血, 疾病_高尿酸血症, 检验_红细胞压积","0,1,0",1,0.24324324324324326
药物_碳酸氢钠片,"疾病_肾性贫血, 疾病_高尿酸血症, 检验_红细胞压积","0,1,1",0,0.5
药物_碳酸氢钠片,"疾病_肾性贫血, 疾病_高尿酸血症, 检验_红细胞压积","0,1,1",1,0.5
药物_碳酸氢钠片,"疾病_肾性贫血, 疾病_高尿酸血症, 检验_红细胞压积","1,0,0",0,0.25
药物_碳酸氢钠片,"疾病_肾性贫血, 疾病_高尿酸血症, 检验_红细胞压积","1,0,0",1,0.75
药物_碳酸氢钠片,"疾病_肾性贫血, 疾病_高尿酸血症, 检验_红细胞压积","1,0,1",0,0.5
药物_碳酸氢钠片,"疾病_肾性贫血, 疾病_高尿酸血症, 检验_红细胞压积","1,0,1",1,0.5
药物_碳酸氢钠片,"疾病_肾性贫血, 疾病_高尿酸血症, 检验_红细胞压积","1,1,0",0,0.5
药物_碳酸氢钠片,"疾病_肾性贫血, 疾病_高尿酸血症, 检验_红细胞压积","1,1,0",1,0.5
药物_碳酸氢钠片,"疾病_肾性贫血, 疾病_高尿酸血症, 检验_红细胞压积","1,1,1",0,0.5
药物_碳酸氢钠片,"疾病_肾性贫血, 疾病_高尿酸血症, 检验_红细胞压积","1,1,1",1,0.5
药物_盐酸二甲双胍片,"疾病_糖尿病, 疾病_高血压, 疾病_胆囊结石","0,0,0",0,1.0
药物_盐酸二甲双胍片,"疾病_糖尿病, 疾病_高血压, 疾病_胆囊结石","0,0,0",1,0.0
药物_盐酸二甲双胍片,"疾病_糖尿病, 疾病_高血压, 疾病_胆囊结石","0,0,1",0,1.0
药物_盐酸二甲双胍片,"疾病_糖尿病, 疾病_高血压, 疾病_胆囊结石","0,0,1",1,0.0
药物_盐酸二甲双胍片,"疾病_糖尿病, 疾病_高血压, 疾病_胆囊结石","0,1,0",0,0.5
药物_盐酸二甲双胍片,"疾病_糖尿病, 疾病_高血压, 疾病_胆囊结石","0,1,0",1,0.5
药物_盐酸二甲双胍片,"疾病_糖尿病, 疾病_高血压, 疾病_胆囊结石","0,1,1",0,0.5
药物_盐酸二甲双胍片,"疾病_糖尿病, 疾病_高血压, 疾病_胆囊结石","0,1,1",1,0.5
药物_盐酸二甲双胍片,"疾病_糖尿病, 疾病_高血压, 疾病_胆囊结石","1,0,0",0,0.8770491803278688
药物_盐酸二甲双胍片,"疾病_糖尿病, 疾病_高血压, 疾病_胆囊结石","1,0,0",1,0.12295081967213115
药物_盐酸二甲双胍片,"疾病_糖尿病, 疾病_高血压, 疾病_胆囊结石","1,0,1",0,0.56
药物_盐酸二甲双胍片,"疾病_糖尿病, 疾病_高血压, 疾病_胆囊结石","1,0,1",1,0.44
药物_盐酸二甲双胍片,"疾病_糖尿病, 疾病_高血压, 疾病_胆囊结石","1,1,0",0,0.5
药物_盐酸二甲双胍片,"疾病_糖尿病, 疾病_高血压, 疾病_胆囊结石","1,1,0",1,0.5
药物_盐酸二甲双胍片,"疾病_糖尿病, 疾病_高血压, 疾病_胆囊结石","1,1,1",0,0.5
药物_盐酸二甲双胍片,"疾病_糖尿病, 疾病_高血压, 疾病_胆囊结石","1,1,1",1,0.5
药物_二羟丙茶碱注射液,"药物_盐酸氨溴索注射液, 检验_白细胞","0,0",0,1.0
药物_二羟丙茶碱注射液,"药物_盐酸氨溴索注射液, 检验_白细胞","0,0",1,0.0
药物_二羟丙茶碱注射液,"药物_盐酸氨溴索注射液, 检验_白细胞","0,1",0,1.0
药物_二羟丙茶碱注射液,"药物_盐酸氨溴索注射液, 检验_白细胞","0,1",1,0.0
药物_二羟丙茶碱注射液,"药物_盐酸氨溴索注射液, 检验_白细胞","1,0",0,0.0
药物_二羟丙茶碱注射液,"药物_盐酸氨溴索注射液, 检验_白细胞","1,0",1,1.0
药物_二羟丙茶碱注射液,"药物_盐酸氨溴索注射液, 检验_白细胞","1,1",0,1.0
药物_二羟丙茶碱注射液,"药物_盐酸氨溴索注射液, 检验_白细胞","1,1",1,0.0
药物_硝苯地平缓释片,"药物_盐酸羟考酮缓释片, 药物_酒石酸美托洛尔片, 药物_富马酸比索洛尔片","0,0,0",0,0.9869565217391304
药物_硝苯地平缓释片,"药物_盐酸羟考酮缓释片, 药物_酒石酸美托洛尔片, 药物_富马酸比索洛尔片","0,0,0",1,0.013043478260869565
药物_硝苯地平缓释片,"药物_盐酸羟考酮缓释片, 药物_酒石酸美托洛尔片, 药物_富马酸比索洛尔片","0,0,1",0,0.9696969696969697
药物_硝苯地平缓释片,"药物_盐酸羟考酮缓释片, 药物_酒石酸美托洛尔片, 药物_富马酸比索洛尔片","0,0,1",1,0.030303030303030304
药物_硝苯地平缓释片,"药物_盐酸羟考酮缓释片, 药物_酒石酸美托洛尔片, 药物_富马酸比索洛尔片","0,1,0",0,0.8888888888888888
药物_硝苯地平缓释片,"药物_盐酸羟考酮缓释片, 药物_酒石酸美托洛尔片, 药物_富马酸比索洛尔片","0,1,0",1,0.1111111111111111
药物_硝苯地平缓释片,"药物_盐酸羟考酮缓释片, 药物_酒石酸美托洛尔片, 药物_富马酸比索洛尔片","0,1,1",0,0.0
药物_硝苯地平缓释片,"药物_盐酸羟考酮缓释片, 药物_酒石酸美托洛尔片, 药物_富马酸比索洛尔片","0,1,1",1,1.0
药物_硝苯地平缓释片,"药物_盐酸羟考酮缓释片, 药物_酒石酸美托洛尔片, 药物_富马酸比索洛尔片","1,0,0",0,1.0
药物_硝苯地平缓释片,"药物_盐酸羟考酮缓释片, 药物_酒石酸美托洛尔片, 药物_富马酸比索洛尔片","1,0,0",1,0.0
药物_硝苯地平缓释片,"药物_盐酸羟考酮缓释片, 药物_酒石酸美托洛尔片, 药物_富马酸比索洛尔片","1,0,1",0,0.0
药物_硝苯地平缓释片,"药物_盐酸羟考酮缓释片, 药物_酒石酸美托洛尔片, 药物_富马酸比索洛尔片","1,0,1",1,1.0
药物_硝苯地平缓释片,"药物_盐酸羟考酮缓释片, 药物_酒石酸美托洛尔片, 药物_富马酸比索洛尔片","1,1,0",0,0.5
药物_硝苯地平缓释片,"药物_盐酸羟考酮缓释片, 药物_酒石酸美托洛尔片, 药物_富马酸比索洛尔片","1,1,0",1,0.5
药物_硝苯地平缓释片,"药物_盐酸羟考酮缓释片, 药物_酒石酸美托洛尔片, 药物_富马酸比索洛尔片","1,1,1",0,0.5
药物_硝苯地平缓释片,"药物_盐酸羟考酮缓释片, 药物_酒石酸美托洛尔片, 药物_富马酸比索洛尔片","1,1,1",1,0.5
药物_贞芪扶正,"疾病_反流性食管炎, 疾病_高血压","0,0",0,0.9644444444444444
药物_贞芪扶正,"疾病_反流性食管炎, 疾病_高血压","0,0",1,0.035555555555555556
药物_贞芪扶正,"疾病_反流性食管炎, 疾病_高血压","0,1",0,0.5
药物_贞芪扶正,"疾病_反流性食管炎, 疾病_高血压","0,1",1,0.5
药物_贞芪扶正,"疾病_反流性食管炎, 疾病_高血压","1,0",0,0.7466666666666667
药物_贞芪扶正,"疾病_反流性食管炎, 疾病_高血压","1,0",1,0.25333333333333335
药物_贞芪扶正,"疾病_反流性食管炎, 疾病_高血压","1,1",0,0.5
药物_贞芪扶正,"疾病_反流性食管炎, 疾病_高血压","1,1",1,0.5
药物_劳拉西泮片,"疾病_腔隙性脑梗死, 检验_尿酸","0,0",0,0.9840425531914894
药物_劳拉西泮片,"疾病_腔隙性脑梗死, 检验_尿酸","0,0",1,0.015957446808510637
药物_劳拉西泮片,"疾病_腔隙性脑梗死, 检验_尿酸","0,1",0,1.0
药物_劳拉西泮片,"疾病_腔隙性脑梗死, 检验_尿酸","0,1",1,0.0
药物_劳拉西泮片,"疾病_腔隙性脑梗死, 检验_尿酸","1,0",0,0.9565217391304348
药物_劳拉西泮片,"疾病_腔隙性脑梗死, 检验_尿酸","1,0",1,0.043478260869565216
药物_劳拉西泮片,"疾病_腔隙性脑梗死, 检验_尿酸","1,1",0,0.5
药物_劳拉西泮片,"疾病_腔隙性脑梗死, 检验_尿酸","1,1",1,0.5
药物_单硝酸异山梨酯缓释片,检验_氯,0,0,0.996268656716418
药物_单硝酸异山梨酯缓释片,检验_氯,0,1,0.0037313432835820895
药物_单硝酸异山梨酯缓释片,检验_氯,1,0,0.9375
药物_单硝酸异山梨酯缓释片,检验_氯,1,1,0.0625
药物_盐酸曲美他嗪片,"疾病_冠状动脉粥样硬化性心脏病, 疾病_不稳定性心绞痛, 药物_硫酸氢氯吡格雷片","0,0,0",0,1.0
药物_盐酸曲美他嗪片,"疾病_冠状动脉粥样硬化性心脏病, 疾病_不稳定性心绞痛, 药物_硫酸氢氯吡格雷片","0,0,0",1,0.0
药物_盐酸曲美他嗪片,"疾病_冠状动脉粥样硬化性心脏病, 疾病_不稳定性心绞痛, 药物_硫酸氢氯吡格雷片","0,0,1",0,1.0
药物_盐酸曲美他嗪片,"疾病_冠状动脉粥样硬化性心脏病, 疾病_不稳定性心绞痛, 药物_硫酸氢氯吡格雷片","0,0,1",1,0.0
药物_盐酸曲美他嗪片,"疾病_冠状动脉粥样硬化性心脏病, 疾病_不稳定性心绞痛, 药物_硫酸氢氯吡格雷片","0,1,0",0,0.5
药物_盐酸曲美他嗪片,"疾病_冠状动脉粥样硬化性心脏病, 疾病_不稳定性心绞痛, 药物_硫酸氢氯吡格雷片","0,1,0",1,0.5
药物_盐酸曲美他嗪片,"疾病_冠状动脉粥样硬化性心脏病, 疾病_不稳定性心绞痛, 药物_硫酸氢氯吡格雷片","0,1,1",0,0.5
药物_盐酸曲美他嗪片,"疾病_冠状动脉粥样硬化性心脏病, 疾病_不稳定性心绞痛, 药物_硫酸氢氯吡格雷片","0,1,1",1,0.5
药物_盐酸曲美他嗪片,"疾病_冠状动脉粥样硬化性心脏病, 疾病_不稳定性心绞痛, 药物_硫酸氢氯吡格雷片","1,0,0",0,0.9555555555555556
药物_盐酸曲美他嗪片,"疾病_冠状动脉粥样硬化性心脏病, 疾病_不稳定性心绞痛, 药物_硫酸氢氯吡格雷片","1,0,0",1,0.044444444444444446
药物_盐酸曲美他嗪片,"疾病_冠状动脉粥样硬化性心脏病, 疾病_不稳定性心绞痛, 药物_硫酸氢氯吡格雷片","1,0,1",0,0.6153846153846154
药物_盐酸曲美他嗪片,"疾病_冠状动脉粥样硬化性心脏病, 疾病_不稳定性心绞痛, 药物_硫酸氢氯吡格雷片","1,0,1",1,0.38461538461538464
药物_盐酸曲美他嗪片,"疾病_冠状动脉粥样硬化性心脏病, 疾病_不稳定性心绞痛, 药物_硫酸氢氯吡格雷片","1,1,0",0,0.8333333333333334
药物_盐酸曲美他嗪片,"疾病_冠状动脉粥样硬化性心脏病, 疾病_不稳定性心绞痛, 药物_硫酸氢氯吡格雷片","1,1,0",1,0.16666666666666666
药物_盐酸曲美他嗪片,"疾病_冠状动脉粥样硬化性心脏病, 疾病_不稳定性心绞痛, 药物_硫酸氢氯吡格雷片","1,1,1",0,0.2
药物_盐酸曲美他嗪片,"疾病_冠状动脉粥样硬化性心脏病, 疾病_不稳定性心绞痛, 药物_硫酸氢氯吡格雷片","1,1,1",1,0.8
药物_地西泮注射液,检验_葡萄糖,0,0,0.9933774834437086
药物_地西泮注射液,检验_葡萄糖,0,1,0.006622516556291391
药物_地西泮注射液,检验_葡萄糖,1,0,0.9395973154362416
药物_地西泮注射液,检验_葡萄糖,1,1,0.06040268456375839
药物_精蛋白生物合成人胰岛素注射液,"药物_阿卡波糖片, 疾病_血糖控制不佳","0,0",0,1.0
药物_精蛋白生物合成人胰岛素注射液,"药物_阿卡波糖片, 疾病_血糖控制不佳","0,0",1,0.0
药物_精蛋白生物合成人胰岛素注射液,"药物_阿卡波糖片, 疾病_血糖控制不佳","0,1",0,0.8571428571428571
药物_精蛋白生物合成人胰岛素注射液,"药物_阿卡波糖片, 疾病_血糖控制不佳","0,1",1,0.14285714285714285
药物_精蛋白生物合成人胰岛素注射液,"药物_阿卡波糖片, 疾病_血糖控制不佳","1,0",0,0.9183673469387755
药物_精蛋白生物合成人胰岛素注射液,"药物_阿卡波糖片, 疾病_血糖控制不佳","1,0",1,0.08163265306122448
药物_精蛋白生物合成人胰岛素注射液,"药物_阿卡波糖片, 疾病_血糖控制不佳","1,1",0,1.0
药物_精蛋白生物合成人胰岛素注射液,"药物_阿卡波糖片, 疾病_血糖控制不佳","1,1",1,0.0
药物_盐酸吗啡注射液,"检验_碱性磷酸酶, 检验_白球比","0,0",0,1.0
药物_盐酸吗啡注射液,"检验_碱性磷酸酶, 检验_白球比","0,0",1,0.0
药物_盐酸吗啡注射液,"检验_碱性磷酸酶, 检验_白球比","0,1",0,1.0
药物_盐酸吗啡注射液,"检验_碱性磷酸酶, 检验_白球比","0,1",1,0.0
药物_盐酸吗啡注射液,"检验_碱性磷酸酶, 检验_白球比","1,0",0,1.0
药物_盐酸吗啡注射液,"检验_碱性磷酸酶, 检验_白球比","1,0",1,0.0
药物_盐酸吗啡注射液,"检验_碱性磷酸酶, 检验_白球比","1,1",0,0.7
药物_盐酸吗啡注射液,"检验_碱性磷酸酶, 检验_白球比","1,1",1,0.3
药物_维生素C注射液,"药物_氯化钾注射液, 药物_二羟丙茶碱注射液, 检验_血小板","0,0,0",0,1.0
药物_维生素C注射液,"药物_氯化钾注射液, 药物_二羟丙茶碱注射液, 检验_血小板","0,0,0",1,0.0
药物_维生素C注射液,"药物_氯化钾注射液, 药物_二羟丙茶碱注射液, 检验_血小板","0,0,1",0,0.9782608695652174
药物_维生素C注射液,"药物_氯化钾注射液, 药物_二羟丙茶碱注射液, 检验_血小板","0,0,1",1,0.021739130434782608
药物_维生素C注射液,"药物_氯化钾注射液, 药物_二羟丙茶碱注射液, 检验_血小板","0,1,0",0,0.5
药物_维生素C注射液,"药物_氯化钾注射液, 药物_二羟丙茶碱注射液, 检验_血小板","0,1,0",1,0.5
药物_维生素C注射液,"药物_氯化钾注射液, 药物_二羟丙茶碱注射液, 检验_血小板","0,1,1",0,0.5
药物_维生素C注射液,"药物_氯化钾注射液, 药物_二羟丙茶碱注射液, 检验_血小板","0,1,1",1,0.5
药物_维生素C注射液,"药物_氯化钾注射液, 药物_二羟丙茶碱注射液, 检验_血小板","1,0,0",0,0.0
药物_维生素C注射液,"药物_氯化钾注射液, 药物_二羟丙茶碱注射液, 检验_血小板","1,0,0",1,1.0
药物_维生素C注射液,"药物_氯化钾注射液, 药物_二羟丙茶碱注射液, 检验_血小板","1,0,1",0,0.0
药物_维生素C注射液,"药物_氯化钾注射液, 药物_二羟丙茶碱注射液, 检验_血小板","1,0,1",1,1.0
药物_维生素C注射液,"药物_氯化钾注射液, 药物_二羟丙茶碱注射液, 检验_血小板","1,1,0",0,1.0
药物_维生素C注射液,"药物_氯化钾注射液, 药物_二羟丙茶碱注射液, 检验_血小板","1,1,0",1,0.0
药物_维生素C注射液,"药物_氯化钾注射液, 药物_二羟丙茶碱注射液, 检验_血小板","1,1,1",0,0.0
药物_维生素C注射液,"药物_氯化钾注射液, 药物_二羟丙茶碱注射液, 检验_血小板","1,1,1",1,1.0
药物_厄贝沙坦片,"药物_硝苯地平控释片, 药物_阿司匹林肠溶片, 疾病_糖尿病性视网膜病变","0,0,0",0,1.0
药物_厄贝沙坦片,"药物_硝苯地平控释片, 药物_阿司匹林肠溶片, 疾病_糖尿病性视网膜病变","0,0,0",1,0.0
药物_厄贝沙坦片,"药物_硝苯地平控释片, 药物_阿司匹林肠溶片, 疾病_糖尿病性视网膜病变","0,0,1",0,0.8
药物_厄贝沙坦片,"药物_硝苯地平控释片, 药物_阿司匹林肠溶片, 疾病_糖尿病性视网膜病变","0,0,1",1,0.2
药物_厄贝沙坦片,"药物_硝苯地平控释片, 药物_阿司匹林肠溶片, 疾病_糖尿病性视网膜病变","0,1,0",0,0.96
药物_厄贝沙坦片,"药物_硝苯地平控释片, 药物_阿司匹林肠溶片, 疾病_糖尿病性视网膜病变","0,1,0",1,0.04
药物_厄贝沙坦片,"药物_硝苯地平控释片, 药物_阿司匹林肠溶片, 疾病_糖尿病性视网膜病变","0,1,1",0,1.0
药物_厄贝沙坦片,"药物_硝苯地平控释片, 药物_阿司匹林肠溶片, 疾病_糖尿病性视网膜病变","0,1,1",1,0.0
药物_厄贝沙坦片,"药物_硝苯地平控释片, 药物_阿司匹林肠溶片, 疾病_糖尿病性视网膜病变","1,0,0",0,0.9230769230769231
药物_厄贝沙坦片,"药物_硝苯地平控释片, 药物_阿司匹林肠溶片, 疾病_糖尿病性视网膜病变","1,0,0",1,0.07692307692307693
药物_厄贝沙坦片,"药物_硝苯地平控释片, 药物_阿司匹林肠溶片, 疾病_糖尿病性视网膜病变","1,0,1",0,0.5
药物_厄贝沙坦片,"药物_硝苯地平控释片, 药物_阿司匹林肠溶片, 疾病_糖尿病性视网膜病变","1,0,1",1,0.5
药物_厄贝沙坦片,"药物_硝苯地平控释片, 药物_阿司匹林肠溶片, 疾病_糖尿病性视网膜病变","1,1,0",0,0.7857142857142857
药物_厄贝沙坦片,"药物_硝苯地平控释片, 药物_阿司匹林肠溶片, 疾病_糖尿病性视网膜病变","1,1,0",1,0.21428571428571427
药物_厄贝沙坦片,"药物_硝苯地平控释片, 药物_阿司匹林肠溶片, 疾病_糖尿病性视网膜病变","1,1,1",0,0.0
药物_厄贝沙坦片,"药物_硝苯地平控释片, 药物_阿司匹林肠溶片, 疾病_糖尿病性视网膜病变","1,1,1",1,1.0
药物_甲钴胺片,"疾病_糖尿病性周围神经病, 疾病_胆囊结石, 药物_富马酸比索洛尔片","0,0,0",0,0.9757281553398058
药物_甲钴胺片,"疾病_糖尿病性周围神经病, 疾病_胆囊结石, 药物_富马酸比索洛尔片","0,0,0",1,0.024271844660194174
药物_甲钴胺片,"疾病_糖尿病性周围神经病, 疾病_胆囊结石, 药物_富马酸比索洛尔片","0,0,1",0,1.0
药物_甲钴胺片,"疾病_糖尿病性周围神经病, 疾病_胆囊结石, 药物_富马酸比索洛尔片","0,0,1",1,0.0
药物_甲钴胺片,"疾病_糖尿病性周围神经病, 疾病_胆囊结石, 药物_富马酸比索洛尔片","0,1,0",0,0.7619047619047619
药物_甲钴胺片,"疾病_糖尿病性周围神经病, 疾病_胆囊结石, 药物_富马酸比索洛尔片","0,1,0",1,0.23809523809523808
药物_甲钴胺片,"疾病_糖尿病性周围神经病, 疾病_胆囊结石, 药物_富马酸比索洛尔片","0,1,1",0,1.0
药物_甲钴胺片,"疾病_糖尿病性周围神经病, 疾病_胆囊结石, 药物_富马酸比索洛尔片","0,1,1",1,0.0
药物_甲钴胺片,"疾病_糖尿病性周围神经病, 疾病_胆囊结石, 药物_富马酸比索洛尔片","1,0,0",0,0.8214285714285714
药物_甲钴胺片,"疾病_糖尿病性周围神经病, 疾病_胆囊结石, 药物_富马酸比索洛尔片","1,0,0",1,0.17857142857142858
药物_甲钴胺片,"疾病_糖尿病性周围神经病, 疾病_胆囊结石, 药物_富马酸比索洛尔片","1,0,1",0,0.25
药物_甲钴胺片,"疾病_糖尿病性周围神经病, 疾病_胆囊结石, 药物_富马酸比索洛尔片","1,0,1",1,0.75
药物_甲钴胺片,"疾病_糖尿病性周围神经病, 疾病_胆囊结石, 药物_富马酸比索洛尔片","1,1,0",0,1.0
药物_甲钴胺片,"疾病_糖尿病性周围神经病, 疾病_胆囊结石, 药物_富马酸比索洛尔片","1,1,0",1,0.0
药物_甲钴胺片,"疾病_糖尿病性周围神经病, 疾病_胆囊结石, 药物_富马酸比索洛尔片","1,1,1",0,0.0
药物_甲钴胺片,"疾病_糖尿病性周围神经病, 疾病_胆囊结石, 药物_富马酸比索洛尔片","1,1,1",1,1.0
药物_维生素B6注射液,"药物_维生素C注射液, 检验_淋巴细胞比率","0,0",0,1.0
药物_维生素B6注射液,"药物_维生素C注射液, 检验_淋巴细胞比率","0,0",1,0.0
药物_维生素B6注射液,"药物_维生素C注射液, 检验_淋巴细胞比率","0,1",0,1.0
药物_维生素B6注射液,"药物_维生素C注射液, 检验_淋巴细胞比率","0,1",1,0.0
药物_维生素B6注射液,"药物_维生素C注射液, 检验_淋巴细胞比率","1,0",0,1.0
药物_维生素B6注射液,"药物_维生素C注射液, 检验_淋巴细胞比率","1,0",1,0.0
药物_维生素B6注射液,"药物_维生素C注射液, 检验_淋巴细胞比率","1,1",0,0.0
药物_维生素B6注射液,"药物_维生素C注射液, 检验_淋巴细胞比率","1,1",1,1.0
药物_呋塞米片,药物_螺内酯片,0,0,0.9929577464788732
药物_呋塞米片,药物_螺内酯片,0,1,0.007042253521126761
药物_呋塞米片,药物_螺内酯片,1,0,0.25
药物_呋塞米片,药物_螺内酯片,1,1,0.75
药物_卡维地洛片,"药物_叶酸片, 药物_甲钴胺分散片","0,0",0,1.0
药物_卡维地洛片,"药物_叶酸片, 药物_甲钴胺分散片","0,0",1,0.0
药物_卡维地洛片,"药物_叶酸片, 药物_甲钴胺分散片","0,1",0,1.0
药物_卡维地洛片,"药物_叶酸片, 药物_甲钴胺分散片","0,1",1,0.0
药物_卡维地洛片,"药物_叶酸片, 药物_甲钴胺分散片","1,0",0,1.0
药物_卡维地洛片,"药物_叶酸片, 药物_甲钴胺分散片","1,0",1,0.0
药物_卡维地洛片,"药物_叶酸片, 药物_甲钴胺分散片","1,1",0,0.5714285714285714
药物_卡维地洛片,"药物_叶酸片, 药物_甲钴胺分散片","1,1",1,0.42857142857142855
药物_复方鲜竹沥液,"检验_C反应蛋白, 检验_中性粒细胞数量, 检验_平均血红蛋白浓度","0,0,0",0,1.0
药物_复方鲜竹沥液,"检验_C反应蛋白, 检验_中性粒细胞数量, 检验_平均血红蛋白浓度","0,0,0",1,0.0
药物_复方鲜竹沥液,"检验_C反应蛋白, 检验_中性粒细胞数量, 检验_平均血红蛋白浓度","0,0,1",0,1.0
药物_复方鲜竹沥液,"检验_C反应蛋白, 检验_中性粒细胞数量, 检验_平均血红蛋白浓度","0,0,1",1,0.0
药物_复方鲜竹沥液,"检验_C反应蛋白, 检验_中性粒细胞数量, 检验_平均血红蛋白浓度","0,1,0",0,0.9333333333333333
药物_复方鲜竹沥液,"检验_C反应蛋白, 检验_中性粒细胞数量, 检验_平均血红蛋白浓度","0,1,0",1,0.06666666666666667
药物_复方鲜竹沥液,"检验_C反应蛋白, 检验_中性粒细胞数量, 检验_平均血红蛋白浓度","0,1,1",0,1.0
药物_复方鲜竹沥液,"检验_C反应蛋白, 检验_中性粒细胞数量, 检验_平均血红蛋白浓度","0,1,1",1,0.0
药物_复方鲜竹沥液,"检验_C反应蛋白, 检验_中性粒细胞数量, 检验_平均血红蛋白浓度","1,0,0",0,0.9302325581395349
药物_复方鲜竹沥液,"检验_C反应蛋白, 检验_中性粒细胞数量, 检验_平均血红蛋白浓度","1,0,0",1,0.06976744186046512
药物_复方鲜竹沥液,"检验_C反应蛋白, 检验_中性粒细胞数量, 检验_平均血红蛋白浓度","1,0,1",0,0.3333333333333333
药物_复方鲜竹沥液,"检验_C反应蛋白, 检验_中性粒细胞数量, 检验_平均血红蛋白浓度","1,0,1",1,0.6666666666666666
药物_复方鲜竹沥液,"检验_C反应蛋白, 检验_中性粒细胞数量, 检验_平均血红蛋白浓度","1,1,0",0,0.9444444444444444
药物_复方鲜竹沥液,"检验_C反应蛋白, 检验_中性粒细胞数量, 检验_平均血红蛋白浓度","1,1,0",1,0.05555555555555555
药物_复方鲜竹沥液,"检验_C反应蛋白, 检验_中性粒细胞数量, 检验_平均血红蛋白浓度","1,1,1",0,0.8333333333333334
药物_复方鲜竹沥液,"检验_C反应蛋白, 检验_中性粒细胞数量, 检验_平均血红蛋白浓度","1,1,1",1,0.16666666666666666
药物_匹伐他汀钙片,疾病_高脂血症,0,0,0.9826589595375722
药物_匹伐他汀钙片,疾病_高脂血症,0,1,0.017341040462427744
药物_匹伐他汀钙片,疾病_高脂血症,1,0,0.7952755905511811
药物_匹伐他汀钙片,疾病_高脂血症,1,1,0.2047244094488189
药物_厄贝沙坦氢氯噻嗪片,"疾病_高血压, 药物_硝苯地平控释片","0,0",0,0.9742647058823529
药物_厄贝沙坦氢氯噻嗪片,"疾病_高血压, 药物_硝苯地平控释片","0,0",1,0.025735294117647058
药物_厄贝沙坦氢氯噻嗪片,"疾病_高血压, 药物_硝苯地平控释片","0,1",0,0.75
药物_厄贝沙坦氢氯噻嗪片,"疾病_高血压, 药物_硝苯地平控释片","0,1",1,0.25
药物_厄贝沙坦氢氯噻嗪片,"疾病_高血压, 药物_硝苯地平控释片","1,0",0,0.5
药物_厄贝沙坦氢氯噻嗪片,"疾病_高血压, 药物_硝苯地平控释片","1,0",1,0.5
药物_厄贝沙坦氢氯噻嗪片,"疾病_高血压, 药物_硝苯地平控释片","1,1",0,0.5
药物_厄贝沙坦氢氯噻嗪片,"疾病_高血压, 药物_硝苯地平控释片","1,1",1,0.5
检验_碳酸氢盐,"药物_盐酸氨溴索注射液, 检验_淋巴细胞数量, 检验_镁","0,0,0",0,0.8264840182648402
检验_碳酸氢盐,"药物_盐酸氨溴索注射液, 检验_淋巴细胞数量, 检验_镁","0,0,0",1,0.1735159817351598
检验_碳酸氢盐,"药物_盐酸氨溴索注射液, 检验_淋巴细胞数量, 检验_镁","0,0,1",0,0.625
检验_碳酸氢盐,"药物_盐酸氨溴索注射液, 检验_淋巴细胞数量, 检验_镁","0,0,1",1,0.375
检验_碳酸氢盐,"药物_盐酸氨溴索注射液, 检验_淋巴细胞数量, 检验_镁","0,1,0",0,0.7755102040816326
检验_碳酸氢盐,"药物_盐酸氨溴索注射液, 检验_淋巴细胞数量, 检验_镁","0,1,0",1,0.22448979591836735
检验_碳酸氢盐,"药物_盐酸氨溴索注射液, 检验_淋巴细胞数量, 检验_镁","0,1,1",0,0.16666666666666666
检验_碳酸氢盐,"药物_盐酸氨溴索注射液, 检验_淋巴细胞数量, 检验_镁","0,1,1",1,0.8333333333333334
检验_碳酸氢盐,"药物_盐酸氨溴索注射液, 检验_淋巴细胞数量, 检验_镁","1,0,0",0,0.0
检验_碳酸氢盐,"药物_盐酸氨溴索注射液, 检验_淋巴细胞数量, 检验_镁","1,0,0",1,1.0
检验_碳酸氢盐,"药物_盐酸氨溴索注射液, 检验_淋巴细胞数量, 检验_镁","1,0,1",0,0.0
检验_碳酸氢盐,"药物_盐酸氨溴索注射液, 检验_淋巴细胞数量, 检验_镁","1,0,1",1,1.0
检验_碳酸氢盐,"药物_盐酸氨溴索注射液, 检验_淋巴细胞数量, 检验_镁","1,1,0",0,1.0
检验_碳酸氢盐,"药物_盐酸氨溴索注射液, 检验_淋巴细胞数量, 检验_镁","1,1,0",1,0.0
检验_碳酸氢盐,"药物_盐酸氨溴索注射液, 检验_淋巴细胞数量, 检验_镁","1,1,1",0,0.0
检验_碳酸氢盐,"药物_盐酸氨溴索注射液, 检验_淋巴细胞数量, 检验_镁","1,1,1",1,1.0
检验_葡萄糖,"疾病_糖尿病, 检验_钠","0,0",0,0.8166666666666667
检验_葡萄糖,"疾病_糖尿病, 检验_钠","0,0",1,0.18333333333333332
检验_葡萄糖,"疾病_糖尿病, 检验_钠","0,1",0,0.3939393939393939
检验_葡萄糖,"疾病_糖尿病, 检验_钠","0,1",1,0.6060606060606061
检验_葡萄糖,"疾病_糖尿病, 检验_钠","1,0",0,0.3114754098360656
检验_葡萄糖,"疾病_糖尿病, 检验_钠","1,0",1,0.6885245901639344
检验_葡萄糖,"疾病_糖尿病, 检验_钠","1,1",0,0.08
检验_葡萄糖,"疾病_糖尿病, 检验_钠","1,1",1,0.92
检验_钾,"检验_红细胞分布宽度CV, 检验_尿酸, 疾病_低钾血症","0,0,0",0,0.9822485207100592
检验_钾,"检验_红细胞分布宽度CV, 检验_尿酸, 疾病_低钾血症","0,0,0",1,0.01775147928994083
检验_钾,"检验_红细胞分布宽度CV, 检验_尿酸, 疾病_低钾血症","0,0,1",0,0.6
检验_钾,"检验_红细胞分布宽度CV, 检验_尿酸, 疾病_低钾血症","0,0,1",1,0.4
检验_钾,"检验_红细胞分布宽度CV, 检验_尿酸, 疾病_低钾血症","0,1,0",0,0.9661016949152542
检验_钾,"检验_红细胞分布宽度CV, 检验_尿酸, 疾病_低钾血症","0,1,0",1,0.03389830508474576
检验_钾,"检验_红细胞分布宽度CV, 检验_尿酸, 疾病_低钾血症","0,1,1",0,1.0
检验_钾,"检验_红细胞分布宽度CV, 检验_尿酸, 疾病_低钾血症","0,1,1",1,0.0
检验_钾,"检验_红细胞分布宽度CV, 检验_尿酸, 疾病_低钾血症","1,0,0",0,0.9705882352941176
检验_钾,"检验_红细胞分布宽度CV, 检验_尿酸, 疾病_低钾血症","1,0,0",1,0.029411764705882353
检验_钾,"检验_红细胞分布宽度CV, 检验_尿酸, 疾病_低钾血症","1,0,1",0,0.0
检验_钾,"检验_红细胞分布宽度CV, 检验_尿酸, 疾病_低钾血症","1,0,1",1,1.0
检验_钾,"检验_红细胞分布宽度CV, 检验_尿酸, 疾病_低钾血症","1,1,0",0,0.625
检验_钾,"检验_红细胞分布宽度CV, 检验_尿酸, 疾病_低钾血症","1,1,0",1,0.375
检验_钾,"检验_红细胞分布宽度CV, 检验_尿酸, 疾病_低钾血症","1,1,1",0,0.75
检验_钾,"检验_红细胞分布宽度CV, 检验_尿酸, 疾病_低钾血症","1,1,1",1,0.25
检验_尿酸,"疾病_糖尿病, 检验_碱性磷酸酶, 疾病_恶性肿瘤维持性化学治疗","0,0,0",0,0.8346456692913385
检验_尿酸,"疾病_糖尿病, 检验_碱性磷酸酶, 疾病_恶性肿瘤维持性化学治疗","0,0,0",1,0.16535433070866143
检验_尿酸,"疾病_糖尿病, 检验_碱性磷酸酶, 疾病_恶性肿瘤维持性化学治疗","0,0,1",0,1.0
检验_尿酸,"疾病_糖尿病, 检验_碱性磷酸酶, 疾病_恶性肿瘤维持性化学治疗","0,0,1",1,0.0
检验_尿酸,"疾病_糖尿病, 检验_碱性磷酸酶, 疾病_恶性肿瘤维持性化学治疗","0,1,0",0,0.4117647058823529
检验_尿酸,"疾病_糖尿病, 检验_碱性磷酸酶, 疾病_恶性肿瘤维持性化学治疗","0,1,0",1,0.5882352941176471
检验_尿酸,"疾病_糖尿病, 检验_碱性磷酸酶, 疾病_恶性肿瘤维持性化学治疗","0,1,1",0,0.25
检验_尿酸,"疾病_糖尿病, 检验_碱性磷酸酶, 疾病_恶性肿瘤维持性化学治疗","0,1,1",1,0.75
检验_尿酸,"疾病_糖尿病, 检验_碱性磷酸酶, 疾病_恶性肿瘤维持性化学治疗","1,0,0",0,0.6587301587301587
检验_尿酸,"疾病_糖尿病, 检验_碱性磷酸酶, 疾病_恶性肿瘤维持性化学治疗","1,0,0",1,0.3412698412698413
检验_尿酸,"疾病_糖尿病, 检验_碱性磷酸酶, 疾病_恶性肿瘤维持性化学治疗","1,0,1",0,0.4444444444444444
检验_尿酸,"疾病_糖尿病, 检验_碱性磷酸酶, 疾病_恶性肿瘤维持性化学治疗","1,0,1",1,0.5555555555555556
检验_尿酸,"疾病_糖尿病, 检验_碱性磷酸酶, 疾病_恶性肿瘤维持性化学治疗","1,1,0",0,1.0
检验_尿酸,"疾病_糖尿病, 检验_碱性磷酸酶, 疾病_恶性肿瘤维持性化学治疗","1,1,0",1,0.0
检验_尿酸,"疾病_糖尿病, 检验_碱性磷酸酶, 疾病_恶性肿瘤维持性化学治疗","1,1,1",0,0.0
检验_尿酸,"疾病_糖尿病, 检验_碱性磷酸酶, 疾病_恶性肿瘤维持性化学治疗","1,1,1",1,1.0
检验_氯,检验_钠,0,0,0.9628099173553719
检验_氯,检验_钠,0,1,0.0371900826446281
检验_氯,检验_钠,1,0,0.603448275862069
检验_氯,检验_钠,1,1,0.39655172413793105
检验_钠,"检验_氯, 药物_重组人促红素注射液","0,0",0,0.8787878787878788
检验_钠,"检验_氯, 药物_重组人促红素注射液","0,0",1,0.12121212121212122
检验_钠,"检验_氯, 药物_重组人促红素注射液","0,1",0,0.25
检验_钠,"检验_氯, 药物_重组人促红素注射液","0,1",1,0.75
检验_钠,"检验_氯, 药物_重组人促红素注射液","1,0",0,0.375
检验_钠,"检验_氯, 药物_重组人促红素注射液","1,0",1,0.625
检验_钠,"检验_氯, 药物_重组人促红素注射液","1,1",0,0.0
检验_钠,"检验_氯, 药物_重组人促红素注射液","1,1",1,1.0
检验_镁,"检验_前白蛋白, 检验_红细胞分布宽度CV, 检验_中性粒细胞数量, 疾病_肺部感染","0,0,0,0",0,0.9533678756476683
检验_镁,"检验_前白蛋白, 检验_红细胞分布宽度CV, 检验_中性粒细胞数量, 疾病_肺部感染","0,0,0,0",1,0.046632124352331605
检验_镁,"检验_前白蛋白, 检验_红细胞分布宽度CV, 检验_中性粒细胞数量, 疾病_肺部感染","0,0,0,1",0,1.0
检验_镁,"检验_前白蛋白, 检验_红细胞分布宽度CV, 检验_中性粒细胞数量, 疾病_肺部感染","0,0,0,1",1,0.0
检验_镁,"检验_前白蛋白, 检验_红细胞分布宽度CV, 检验_中性粒细胞数量, 疾病_肺部感染","0,0,1,0",0,1.0
检验_镁,"检验_前白蛋白, 检验_红细胞分布宽度CV, 检验_中性粒细胞数量, 疾病_肺部感染","0,0,1,0",1,0.0
检验_镁,"检验_前白蛋白, 检验_红细胞分布宽度CV, 检验_中性粒细胞数量, 疾病_肺部感染","0,0,1,1",0,1.0
检验_镁,"检验_前白蛋白, 检验_红细胞分布宽度CV, 检验_中性粒细胞数量, 疾病_肺部感染","0,0,1,1",1,0.0
检验_镁,"检验_前白蛋白, 检验_红细胞分布宽度CV, 检验_中性粒细胞数量, 疾病_肺部感染","0,1,0,0",0,0.9142857142857143
检验_镁,"检验_前白蛋白, 检验_红细胞分布宽度CV, 检验_中性粒细胞数量, 疾病_肺部感染","0,1,0,0",1,0.08571428571428572
检验_镁,"检验_前白蛋白, 检验_红细胞分布宽度CV, 检验_中性粒细胞数量, 疾病_肺部感染","0,1,0,1",0,1.0
检验_镁,"检验_前白蛋白, 检验_红细胞分布宽度CV, 检验_中性粒细胞数量, 疾病_肺部感染","0,1,0,1",1,0.0
检验_镁,"检验_前白蛋白, 检验_红细胞分布宽度CV, 检验_中性粒细胞数量, 疾病_肺部感染","0,1,1,0",0,0.8571428571428571
检验_镁,"检验_前白蛋白, 检验_红细胞分布宽度CV, 检验_中性粒细胞数量, 疾病_肺部感染","0,1,1,0",1,0.14285714285714285
检验_镁,"检验_前白蛋白, 检验_红细胞分布宽度CV, 检验_中性粒细胞数量, 疾病_肺部感染","0,1,1,1",0,0.2
检验_镁,"检验_前白蛋白, 检验_红细胞分布宽度CV, 检验_中性粒细胞数量, 疾病_肺部感染","0,1,1,1",1,0.8
检验_镁,"检验_前白蛋白, 检验_红细胞分布宽度CV, 检验_中性粒细胞数量, 疾病_肺部感染","1,0,0,0",0,1.0
检验_镁,"检验_前白蛋白, 检验_红细胞分布宽度CV, 检验_中性粒细胞数量, 疾病_肺部感染","1,0,0,0",1,0.0
检验_镁,"检验_前白蛋白, 检验_红细胞分布宽度CV, 检验_中性粒细胞数量, 疾病_肺部感染","1,0,0,1",0,1.0
检验_镁,"检验_前白蛋白, 检验_红细胞分布宽度CV, 检验_中性粒细胞数量, 疾病_肺部感染","1,0,0,1",1,0.0
检验_镁,"检验_前白蛋白, 检验_红细胞分布宽度CV, 检验_中性粒细胞数量, 疾病_肺部感染","1,0,1,0",0,0.0
检验_镁,"检验_前白蛋白, 检验_红细胞分布宽度CV, 检验_中性粒细胞数量, 疾病_肺部感染","1,0,1,0",1,1.0
检验_镁,"检验_前白蛋白, 检验_红细胞分布宽度CV, 检验_中性粒细胞数量, 疾病_肺部感染","1,0,1,1",0,0.5
检验_镁,"检验_前白蛋白, 检验_红细胞分布宽度CV, 检验_中性粒细胞数量, 疾病_肺部感染","1,0,1,1",1,0.5
检验_镁,"检验_前白蛋白, 检验_红细胞分布宽度CV, 检验_中性粒细胞数量, 疾病_肺部感染","1,1,0,0",0,0.0
检验_镁,"检验_前白蛋白, 检验_红细胞分布宽度CV, 检验_中性粒细胞数量, 疾病_肺部感染","1,1,0,0",1,1.0
检验_镁,"检验_前白蛋白, 检验_红细胞分布宽度CV, 检验_中性粒细胞数量, 疾病_肺部感染","1,1,0,1",0,1.0
检验_镁,"检验_前白蛋白, 检验_红细胞分布宽度CV, 检验_中性粒细胞数量, 疾病_肺部感染","1,1,0,1",1,0.0
检验_镁,"检验_前白蛋白, 检验_红细胞分布宽度CV, 检验_中性粒细胞数量, 疾病_肺部感染","1,1,1,0",0,0.0
检验_镁,"检验_前白蛋白, 检验_红细胞分布宽度CV, 检验_中性粒细胞数量, 疾病_肺部感染","1,1,1,0",1,1.0
检验_镁,"检验_前白蛋白, 检验_红细胞分布宽度CV, 检验_中性粒细胞数量, 疾病_肺部感染","1,1,1,1",0,1.0
检验_镁,"检验_前白蛋白, 检验_红细胞分布宽度CV, 检验_中性粒细胞数量, 疾病_肺部感染","1,1,1,1",1,0.0
检验_磷,"药物_重组人促红素注射液, 检验_红细胞分布宽度CV, 药物_碳酸氢钠片","0,0,0",0,0.9398148148148148
检验_磷,"药物_重组人促红素注射液, 检验_红细胞分布宽度CV, 药物_碳酸氢钠片","0,0,0",1,0.06018518518518518
检验_磷,"药物_重组人促红素注射液, 检验_红细胞分布宽度CV, 药物_碳酸氢钠片","0,0,1",0,0.6363636363636364
检验_磷,"药物_重组人促红素注射液, 检验_红细胞分布宽度CV, 药物_碳酸氢钠片","0,0,1",1,0.36363636363636365
检验_磷,"药物_重组人促红素注射液, 检验_红细胞分布宽度CV, 药物_碳酸氢钠片","0,1,0",0,0.8333333333333334
检验_磷,"药物_重组人促红素注射液, 检验_红细胞分布宽度CV, 药物_碳酸氢钠片","0,1,0",1,0.16666666666666666
检验_磷,"药物_重组人促红素注射液, 检验_红细胞分布宽度CV, 药物_碳酸氢钠片","0,1,1",0,0.0
检验_磷,"药物_重组人促红素注射液, 检验_红细胞分布宽度CV, 药物_碳酸氢钠片","0,1,1",1,1.0
检验_磷,"药物_重组人促红素注射液, 检验_红细胞分布宽度CV, 药物_碳酸氢钠片","1,0,0",0,0.2857142857142857
检验_磷,"药物_重组人促红素注射液, 检验_红细胞分布宽度CV, 药物_碳酸氢钠片","1,0,0",1,0.7142857142857143
检验_磷,"药物_重组人促红素注射液, 检验_红细胞分布宽度CV, 药物_碳酸氢钠片","1,0,1",0,1.0
检验_磷,"药物_重组人促红素注射液, 检验_红细胞分布宽度CV, 药物_碳酸氢钠片","1,0,1",1,0.0
检验_磷,"药物_重组人促红素注射液, 检验_红细胞分布宽度CV, 药物_碳酸氢钠片","1,1,0",0,0.0
检验_磷,"药物_重组人促红素注射液, 检验_红细胞分布宽度CV, 药物_碳酸氢钠片","1,1,0",1,1.0
检验_磷,"药物_重组人促红素注射液, 检验_红细胞分布宽度CV, 药物_碳酸氢钠片","1,1,1",0,0.0
检验_磷,"药物_重组人促红素注射液, 检验_红细胞分布宽度CV, 药物_碳酸氢钠片","1,1,1",1,1.0
检验_总蛋白,"检验_球蛋白, 检验_白蛋白, 检验_C反应蛋白","0,0,0",0,0.7621951219512195
检验_总蛋白,"检验_球蛋白, 检验_白蛋白, 检验_C反应蛋白","0,0,0",1,0.23780487804878048
检验_总蛋白,"检验_球蛋白, 检验_白蛋白, 检验_C反应蛋白","0,0,1",0,0.3448275862068966
检验_总蛋白,"检验_球蛋白, 检验_白蛋白, 检验_C反应蛋白","0,0,1",1,0.6551724137931034
检验_总蛋白,"检验_球蛋白, 检验_白蛋白, 检验_C反应蛋白","0,1,0",0,0.5
检验_总蛋白,"检验_球蛋白, 检验_白蛋白, 检验_C反应蛋白","0,1,0",1,0.5
检验_总蛋白,"检验_球蛋白, 检验_白蛋白, 检验_C反应蛋白","0,1,1",0,0.5
检验_总蛋白,"检验_球蛋白, 检验_白蛋白, 检验_C反应蛋白","0,1,1",1,0.5
检验_总蛋白,"检验_球蛋白, 检验_白蛋白, 检验_C反应蛋白","1,0,0",0,0.2698412698412698
检验_总蛋白,"检验_球蛋白, 检验_白蛋白, 检验_C反应蛋白","1,0,0",1,0.7301587301587301
检验_总蛋白,"检验_球蛋白, 检验_白蛋白, 检验_C反应蛋白","1,0,1",0,0.4666666666666667
检验_总蛋白,"检验_球蛋白, 检验_白蛋白, 检验_C反应蛋白","1,0,1",1,0.5333333333333333
检验_总蛋白,"检验_球蛋白, 检验_白蛋白, 检验_C反应蛋白","1,1,0",0,0.5
检验_总蛋白,"检验_球蛋白, 检验_白蛋白, 检验_C反应蛋白","1,1,0",1,0.5
检验_总蛋白,"检验_球蛋白, 检验_白蛋白, 检验_C反应蛋白","1,1,1",0,0.5
检验_总蛋白,"检验_球蛋白, 检验_白蛋白, 检验_C反应蛋白","1,1,1",1,0.5
检验_谷草/谷丙,"检验_谷丙转氨酶, 检验_红细胞分布宽度CV, 疾病_肛乳头肥大","0,0,0",0,1.0
检验_谷草/谷丙,"检验_谷丙转氨酶, 检验_红细胞分布宽度CV, 疾病_肛乳头肥大","0,0,0",1,0.0
检验_谷草/谷丙,"检验_谷丙转氨酶, 检验_红细胞分布宽度CV, 疾病_肛乳头肥大","0,0,1",0,1.0
检验_谷草/谷丙,"检验_谷丙转氨酶, 检验_红细胞分布宽度CV, 疾病_肛乳头肥大","0,0,1",1,0.0
检验_谷草/谷丙,"检验_谷丙转氨酶, 检验_红细胞分布宽度CV, 疾病_肛乳头肥大","0,1,0",0,1.0
检验_谷草/谷丙,"检验_谷丙转氨酶, 检验_红细胞分布宽度CV, 疾病_肛乳头肥大","0,1,0",1,0.0
检验_谷草/谷丙,"检验_谷丙转氨酶, 检验_红细胞分布宽度CV, 疾病_肛乳头肥大","0,1,1",0,1.0
检验_谷草/谷丙,"检验_谷丙转氨酶, 检验_红细胞分布宽度CV, 疾病_肛乳头肥大","0,1,1",1,0.0
检验_谷草/谷丙,"检验_谷丙转氨酶, 检验_红细胞分布宽度CV, 疾病_肛乳头肥大","1,0,0",0,1.0
检验_谷草/谷丙,"检验_谷丙转氨酶, 检验_红细胞分布宽度CV, 疾病_肛乳头肥大","1,0,0",1,0.0
检验_谷草/谷丙,"检验_谷丙转氨酶, 检验_红细胞分布宽度CV, 疾病_肛乳头肥大","1,0,1",0,1.0
检验_谷草/谷丙,"检验_谷丙转氨酶, 检验_红细胞分布宽度CV, 疾病_肛乳头肥大","1,0,1",1,0.0
检验_谷草/谷丙,"检验_谷丙转氨酶, 检验_红细胞分布宽度CV, 疾病_肛乳头肥大","1,1,0",0,1.0
检验_谷草/谷丙,"检验_谷丙转氨酶, 检验_红细胞分布宽度CV, 疾病_肛乳头肥大","1,1,0",1,0.0
检验_谷草/谷丙,"检验_谷丙转氨酶, 检验_红细胞分布宽度CV, 疾病_肛乳头肥大","1,1,1",0,0.5
检验_谷草/谷丙,"检验_谷丙转氨酶, 检验_红细胞分布宽度CV, 疾病_肛乳头肥大","1,1,1",1,0.5
检验_白球比,疾病_低蛋白血症,0,0,0.8840579710144928
检验_白球比,疾病_低蛋白血症,0,1,0.11594202898550725
检验_白球比,疾病_低蛋白血症,1,0,0.125
检验_白球比,疾病_低蛋白血症,1,1,0.875
检验_球蛋白,检验_总蛋白,0,0,0.8579881656804734
检验_球蛋白,检验_总蛋白,0,1,0.14201183431952663
检验_球蛋白,检验_总蛋白,1,0,0.5877862595419847
检验_球蛋白,检验_总蛋白,1,1,0.4122137404580153
检验_间接胆红素,检验_总胆红素,0,0,1.0
检验_间接胆红素,检验_总胆红素,0,1,0.0
检验_间接胆红素,检验_总胆红素,1,0,0.32142857142857145
检验_间接胆红素,检验_总胆红素,1,1,0.6785714285714286
检验_直接胆红素,"检验_总胆红素, 检验_淋巴细胞数量, 检验_红细胞压积","0,0,0",0,0.918552036199095
检验_直接胆红素,"检验_总胆红素, 检验_淋巴细胞数量, 检验_红细胞压积","0,0,0",1,0.08144796380090498
检验_直接胆红素,"检验_总胆红素, 检验_淋巴细胞数量, 检验_红细胞压积","0,0,1",0,0.5
检验_直接胆红素,"检验_总胆红素, 检验_淋巴细胞数量, 检验_红细胞压积","0,0,1",1,0.5
检验_直接胆红素,"检验_总胆红素, 检验_淋巴细胞数量, 检验_红细胞压积","0,1,0",0,0.6470588235294118
检验_直接胆红素,"检验_总胆红素, 检验_淋巴细胞数量, 检验_红细胞压积","0,1,0",1,0.35294117647058826
检验_直接胆红素,"检验_总胆红素, 检验_淋巴细胞数量, 检验_红细胞压积","0,1,1",0,0.5
检验_直接胆红素,"检验_总胆红素, 检验_淋巴细胞数量, 检验_红细胞压积","0,1,1",1,0.5
检验_直接胆红素,"检验_总胆红素, 检验_淋巴细胞数量, 检验_红细胞压积","1,0,0",0,0.14285714285714285
检验_直接胆红素,"检验_总胆红素, 检验_淋巴细胞数量, 检验_红细胞压积","1,0,0",1,0.8571428571428571
检验_直接胆红素,"检验_总胆红素, 检验_淋巴细胞数量, 检验_红细胞压积","1,0,1",0,0.5
检验_直接胆红素,"检验_总胆红素, 检验_淋巴细胞数量, 检验_红细胞压积","1,0,1",1,0.5
检验_直接胆红素,"检验_总胆红素, 检验_淋巴细胞数量, 检验_红细胞压积","1,1,0",0,0.0
检验_直接胆红素,"检验_总胆红素, 检验_淋巴细胞数量, 检验_红细胞压积","1,1,0",1,1.0
检验_直接胆红素,"检验_总胆红素, 检验_淋巴细胞数量, 检验_红细胞压积","1,1,1",0,0.5
检验_直接胆红素,"检验_总胆红素, 检验_淋巴细胞数量, 检验_红细胞压积","1,1,1",1,0.5
检验_红细胞压积,"检验_血红蛋白, 疾病_高血压, 疾病_非毒性多个甲状腺结节","0,0,0",0,1.0
检验_红细胞压积,"检验_血红蛋白, 疾病_高血压, 疾病_非毒性多个甲状腺结节","0,0,0",1,0.0
检验_红细胞压积,"检验_血红蛋白, 疾病_高血压, 疾病_非毒性多个甲状腺结节","0,0,1",0,1.0
检验_红细胞压积,"检验_血红蛋白, 疾病_高血压, 疾病_非毒性多个甲状腺结节","0,0,1",1,0.0
检验_红细胞压积,"检验_血红蛋白, 疾病_高血压, 疾病_非毒性多个甲状腺结节","0,1,0",0,0.5
检验_红细胞压积,"检验_血红蛋白, 疾病_高血压, 疾病_非毒性多个甲状腺结节","0,1,0",1,0.5
检验_红细胞压积,"检验_血红蛋白, 疾病_高血压, 疾病_非毒性多个甲状腺结节","0,1,1",0,0.5
检验_红细胞压积,"检验_血红蛋白, 疾病_高血压, 疾病_非毒性多个甲状腺结节","0,1,1",1,0.5
检验_红细胞压积,"检验_血红蛋白, 疾病_高血压, 疾病_非毒性多个甲状腺结节","1,0,0",0,1.0
检验_红细胞压积,"检验_血红蛋白, 疾病_高血压, 疾病_非毒性多个甲状腺结节","1,0,0",1,0.0
检验_红细胞压积,"检验_血红蛋白, 疾病_高血压, 疾病_非毒性多个甲状腺结节","1,0,1",0,1.0
检验_红细胞压积,"检验_血红蛋白, 疾病_高血压, 疾病_非毒性多个甲状腺结节","1,0,1",1,0.0
检验_红细胞压积,"检验_血红蛋白, 疾病_高血压, 疾病_非毒性多个甲状腺结节","1,1,0",0,0.5
检验_红细胞压积,"检验_血红蛋白, 疾病_高血压, 疾病_非毒性多个甲状腺结节","1,1,0",1,0.5
检验_红细胞压积,"检验_血红蛋白, 疾病_高血压, 疾病_非毒性多个甲状腺结节","1,1,1",0,0.5
检验_红细胞压积,"检验_血红蛋白, 疾病_高血压, 疾病_非毒性多个甲状腺结节","1,1,1",1,0.5
检验_白细胞,"检验_中性粒细胞数量, 检验_单核细胞比率","0,0",0,0.9534883720930233
检验_白细胞,"检验_中性粒细胞数量, 检验_单核细胞比率","0,0",1,0.046511627906976744
检验_白细胞,"检验_中性粒细胞数量, 检验_单核细胞比率","0,1",0,0.725
检验_白细胞,"检验_中性粒细胞数量, 检验_单核细胞比率","0,1",1,0.275
检验_白细胞,"检验_中性粒细胞数量, 检验_单核细胞比率","1,0",0,0.3902439024390244
检验_白细胞,"检验_中性粒细胞数量, 检验_单核细胞比率","1,0",1,0.6097560975609756
检验_白细胞,"检验_中性粒细胞数量, 检验_单核细胞比率","1,1",0,0.25
检验_白细胞,"检验_中性粒细胞数量, 检验_单核细胞比率","1,1",1,0.75
检验_红细胞,"检验_红细胞分布宽度SD, 检验_血红蛋白, 检验_红细胞压积","0,0,0",0,0.9171974522292994
检验_红细胞,"检验_红细胞分布宽度SD, 检验_血红蛋白, 检验_红细胞压积","0,0,0",1,0.08280254777070063
检验_红细胞,"检验_红细胞分布宽度SD, 检验_血红蛋白, 检验_红细胞压积","0,0,1",0,0.5
检验_红细胞,"检验_红细胞分布宽度SD, 检验_血红蛋白, 检验_红细胞压积","0,0,1",1,0.5
检验_红细胞,"检验_红细胞分布宽度SD, 检验_血红蛋白, 检验_红细胞压积","0,1,0",0,0.32941176470588235
检验_红细胞,"检验_红细胞分布宽度SD, 检验_血红蛋白, 检验_红细胞压积","0,1,0",1,0.6705882352941176
检验_红细胞,"检验_红细胞分布宽度SD, 检验_血红蛋白, 检验_红细胞压积","0,1,1",0,0.5
检验_红细胞,"检验_红细胞分布宽度SD, 检验_血红蛋白, 检验_红细胞压积","0,1,1",1,0.5
检验_红细胞,"检验_红细胞分布宽度SD, 检验_血红蛋白, 检验_红细胞压积","1,0,0",0,0.5833333333333334
检验_红细胞,"检验_红细胞分布宽度SD, 检验_血红蛋白, 检验_红细胞压积","1,0,0",1,0.4166666666666667
检验_红细胞,"检验_红细胞分布宽度SD, 检验_血红蛋白, 检验_红细胞压积","1,0,1",0,0.5
检验_红细胞,"检验_红细胞分布宽度SD, 检验_血红蛋白, 检验_红细胞压积","1,0,1",1,0.5
检验_红细胞,"检验_红细胞分布宽度SD, 检验_血红蛋白, 检验_红细胞压积","1,1,0",0,0.10869565217391304
检验_红细胞,"检验_红细胞分布宽度SD, 检验_血红蛋白, 检验_红细胞压积","1,1,0",1,0.8913043478260869
检验_红细胞,"检验_红细胞分布宽度SD, 检验_血红蛋白, 检验_红细胞压积","1,1,1",0,0.5
检验_红细胞,"检验_红细胞分布宽度SD, 检验_血红蛋白, 检验_红细胞压积","1,1,1",1,0.5
检验_血红蛋白,检验_红细胞,0,0,0.8206521739130435
检验_血红蛋白,检验_红细胞,0,1,0.1793478260869565
检验_血红蛋白,检验_红细胞,1,0,0.15517241379310345
检验_血红蛋白,检验_红细胞,1,1,0.8448275862068966
检验_血小板,"检验_白球比, 检验_红细胞分布宽度CV, 疾病_肺部感染, 检验_血小板比容","0,0,0,0",0,0.9484536082474226
检验_血小板,"检验_白球比, 检验_红细胞分布宽度CV, 疾病_肺部感染, 检验_血小板比容","0,0,0,0",1,0.05154639175257732
检验_血小板,"检验_白球比, 检验_红细胞分布宽度CV, 疾病_肺部感染, 检验_血小板比容","0,0,0,1",0,0.0
检验_血小板,"检验_白球比, 检验_红细胞分布宽度CV, 疾病_肺部感染, 检验_血小板比容","0,0,0,1",1,1.0
检验_血小板,"检验_白球比, 检验_红细胞分布宽度CV, 疾病_肺部感染, 检验_血小板比容","0,0,1,0",0,0.8888888888888888
检验_血小板,"检验_白球比, 检验_红细胞分布宽度CV, 疾病_肺部感染, 检验_血小板比容","0,0,1,0",1,0.1111111111111111
检验_血小板,"检验_白球比, 检验_红细胞分布宽度CV, 疾病_肺部感染, 检验_血小板比容","0,0,1,1",0,0.5
检验_血小板,"检验_白球比, 检验_红细胞分布宽度CV, 疾病_肺部感染, 检验_血小板比容","0,0,1,1",1,0.5
检验_血小板,"检验_白球比, 检验_红细胞分布宽度CV, 疾病_肺部感染, 检验_血小板比容","0,1,0,0",0,0.75
检验_血小板,"检验_白球比, 检验_红细胞分布宽度CV, 疾病_肺部感染, 检验_血小板比容","0,1,0,0",1,0.25
检验_血小板,"检验_白球比, 检验_红细胞分布宽度CV, 疾病_肺部感染, 检验_血小板比容","0,1,0,1",0,0.0
检验_血小板,"检验_白球比, 检验_红细胞分布宽度CV, 疾病_肺部感染, 检验_血小板比容","0,1,0,1",1,1.0
检验_血小板,"检验_白球比, 检验_红细胞分布宽度CV, 疾病_肺部感染, 检验_血小板比容","0,1,1,0",0,0.0
检验_血小板,"检验_白球比, 检验_红细胞分布宽度CV, 疾病_肺部感染, 检验_血小板比容","0,1,1,0",1,1.0
检验_血小板,"检验_白球比, 检验_红细胞分布宽度CV, 疾病_肺部感染, 检验_血小板比容","0,1,1,1",0,0.5
检验_血小板,"检验_白球比, 检验_红细胞分布宽度CV, 疾病_肺部感染, 检验_血小板比容","0,1,1,1",1,0.5
检验_血小板,"检验_白球比, 检验_红细胞分布宽度CV, 疾病_肺部感染, 检验_血小板比容","1,0,0,0",0,0.48
检验_血小板,"检验_白球比, 检验_红细胞分布宽度CV, 疾病_肺部感染, 检验_血小板比容","1,0,0,0",1,0.52
检验_血小板,"检验_白球比, 检验_红细胞分布宽度CV, 疾病_肺部感染, 检验_血小板比容","1,0,0,1",0,0.0
检验_血小板,"检验_白球比, 检验_红细胞分布宽度CV, 疾病_肺部感染, 检验_血小板比容","1,0,0,1",1,1.0
检验_血小板,"检验_白球比, 检验_红细胞分布宽度CV, 疾病_肺部感染, 检验_血小板比容","1,0,1,0",0,0.0
检验_血小板,"检验_白球比, 检验_红细胞分布宽度CV, 疾病_肺部感染, 检验_血小板比容","1,0,1,0",1,1.0
检验_血小板,"检验_白球比, 检验_红细胞分布宽度CV, 疾病_肺部感染, 检验_血小板比容","1,0,1,1",0,0.5
检验_血小板,"检验_白球比, 检验_红细胞分布宽度CV, 疾病_肺部感染, 检验_血小板比容","1,0,1,1",1,0.5
检验_血小板,"检验_白球比, 检验_红细胞分布宽度CV, 疾病_肺部感染, 检验_血小板比容","1,1,0,0",0,1.0
检验_血小板,"检验_白球比, 检验_红细胞分布宽度CV, 疾病_肺部感染, 检验_血小板比容","1,1,0,0",1,0.0
检验_血小板,"检验_白球比, 检验_红细胞分布宽度CV, 疾病_肺部感染, 检验_血小板比容","1,1,0,1",0,0.5
检验_血小板,"检验_白球比, 检验_红细胞分布宽度CV, 疾病_肺部感染, 检验_血小板比容","1,1,0,1",1,0.5
检验_血小板,"检验_白球比, 检验_红细胞分布宽度CV, 疾病_肺部感染, 检验_血小板比容","1,1,1,0",0,0.7692307692307693
检验_血小板,"检验_白球比, 检验_红细胞分布宽度CV, 疾病_肺部感染, 检验_血小板比容","1,1,1,0",1,0.23076923076923078
检验_血小板,"检验_白球比, 检验_红细胞分布宽度CV, 疾病_肺部感染, 检验_血小板比容","1,1,1,1",0,0.5
检验_血小板,"检验_白球比, 检验_红细胞分布宽度CV, 疾病_肺部感染, 检验_血小板比容","1,1,1,1",1,0.5
检验_淋巴细胞数量,"检验_淋巴细胞比率, 疾病_尿毒症","0,0",0,0.9368421052631579
检验_淋巴细胞数量,"检验_淋巴细胞比率, 疾病_尿毒症","0,0",1,0.06315789473684211
检验_淋巴细胞数量,"检验_淋巴细胞比率, 疾病_尿毒症","0,1",0,0.5
检验_淋巴细胞数量,"检验_淋巴细胞比率, 疾病_尿毒症","0,1",1,0.5
检验_淋巴细胞数量,"检验_淋巴细胞比率, 疾病_尿毒症","1,0",0,0.64
检验_淋巴细胞数量,"检验_淋巴细胞比率, 疾病_尿毒症","1,0",1,0.36
检验_淋巴细胞数量,"检验_淋巴细胞比率, 疾病_尿毒症","1,1",0,0.0
检验_淋巴细胞数量,"检验_淋巴细胞比率, 疾病_尿毒症","1,1",1,1.0
检验_嗜酸性粒细胞数量,"检验_嗜酸性粒细胞比率, 疾病_高血压","0,0",0,0.967479674796748
检验_嗜酸性粒细胞数量,"检验_嗜酸性粒细胞比率, 疾病_高血压","0,0",1,0.032520325203252036
检验_嗜酸性粒细胞数量,"检验_嗜酸性粒细胞比率, 疾病_高血压","0,1",0,0.5
检验_嗜酸性粒细胞数量,"检验_嗜酸性粒细胞比率, 疾病_高血压","0,1",1,0.5
检验_嗜酸性粒细胞数量,"检验_嗜酸性粒细胞比率, 疾病_高血压","1,0",0,0.48148148148148145
检验_嗜酸性粒细胞数量,"检验_嗜酸性粒细胞比率, 疾病_高血压","1,0",1,0.5185185185185185
检验_嗜酸性粒细胞数量,"检验_嗜酸性粒细胞比率, 疾病_高血压","1,1",0,0.5
检验_嗜酸性粒细胞数量,"检验_嗜酸性粒细胞比率, 疾病_高血压","1,1",1,0.5
检验_嗜碱性粒细胞数量,检验_嗜碱性粒细胞比率,0,0,0.9895104895104895
检验_嗜碱性粒细胞数量,检验_嗜碱性粒细胞比率,0,1,0.01048951048951049
检验_嗜碱性粒细胞数量,检验_嗜碱性粒细胞比率,1,0,0.6428571428571429
检验_嗜碱性粒细胞数量,检验_嗜碱性粒细胞比率,1,1,0.35714285714285715
检验_红细胞分布宽度SD,检验_红细胞分布宽度CV,0,0,0.9446808510638298
检验_红细胞分布宽度SD,检验_红细胞分布宽度CV,0,1,0.05531914893617021
检验_红细胞分布宽度SD,检验_红细胞分布宽度CV,1,0,0.3076923076923077
检验_红细胞分布宽度SD,检验_红细胞分布宽度CV,1,1,0.6923076923076923
检验_红细胞分布宽度CV,"检验_血红蛋白, 检验_红细胞压积","0,0",0,0.9467455621301775
检验_红细胞分布宽度CV,"检验_血红蛋白, 检验_红细胞压积","0,0",1,0.05325443786982249
检验_红细胞分布宽度CV,"检验_血红蛋白, 检验_红细胞压积","0,1",0,0.5
检验_红细胞分布宽度CV,"检验_血红蛋白, 检验_红细胞压积","0,1",1,0.5
检验_红细胞分布宽度CV,"检验_血红蛋白, 检验_红细胞压积","1,0",0,0.5725190839694656
检验_红细胞分布宽度CV,"检验_血红蛋白, 检验_红细胞压积","1,0",1,0.42748091603053434
检验_红细胞分布宽度CV,"检验_血红蛋白, 检验_红细胞压积","1,1",0,0.5
检验_红细胞分布宽度CV,"检验_血红蛋白, 检验_红细胞压积","1,1",1,0.5
检验_血小板分布宽度,检验_大型血小板比率,0,0,0.9584775086505191
检验_血小板分布宽度,检验_大型血小板比率,0,1,0.04152249134948097
检验_血小板分布宽度,检验_大型血小板比率,1,0,0.2727272727272727
检验_血小板分布宽度,检验_大型血小板比率,1,1,0.7272727272727273
检验_平均血小板体积,检验_血小板分布宽度,0,0,0.9964285714285714
检验_平均血小板体积,检验_血小板分布宽度,0,1,0.0035714285714285713
检验_平均血小板体积,检验_血小板分布宽度,1,0,0.6
检验_平均血小板体积,检验_血小板分布宽度,1,1,0.4
检验_大型血小板比率,"检验_血小板分布宽度, 疾病_老年性白内障","0,0",0,0.9927007299270073
检验_大型血小板比率,"检验_血小板分布宽度, 疾病_老年性白内障","0,0",1,0.0072992700729927005
检验_大型血小板比率,"检验_血小板分布宽度, 疾病_老年性白内障","0,1",0,0.8333333333333334
检验_大型血小板比率,"检验_血小板分布宽度, 疾病_老年性白内障","0,1",1,0.16666666666666666
检验_大型血小板比率,"检验_血小板分布宽度, 疾病_老年性白内障","1,0",0,0.7058823529411765
检验_大型血小板比率,"检验_血小板分布宽度, 疾病_老年性白内障","1,0",1,0.29411764705882354
检验_大型血小板比率,"检验_血小板分布宽度, 疾病_老年性白内障","1,1",0,0.0
检验_大型血小板比率,"检验_血小板分布宽度, 疾病_老年性白内障","1,1",1,1.0
检验_血小板比容,"疾病_高血压, 检验_血小板","0,0",0,1.0
检验_血小板比容,"疾病_高血压, 检验_血小板","0,0",1,0.0
检验_血小板比容,"疾病_高血压, 检验_血小板","0,1",0,0.8571428571428571
检验_血小板比容,"疾病_高血压, 检验_血小板","0,1",1,0.14285714285714285
检验_血小板比容,"疾病_高血压, 检验_血小板","1,0",0,0.5
检验_血小板比容,"疾病_高血压, 检验_血小板","1,0",1,0.5
检验_血小板比容,"疾病_高血压, 检验_血小板","1,1",0,0.5
检验_血小板比容,"疾病_高血压, 检验_血小板","1,1",1,0.5
检验_单核细胞数量,"检验_中性粒细胞数量, 检验_单核细胞比率, 疾病_肺恶性肿瘤","0,0,0",0,0.975
检验_单核细胞数量,"检验_中性粒细胞数量, 检验_单核细胞比率, 疾病_肺恶性肿瘤","0,0,0",1,0.025
检验_单核细胞数量,"检验_中性粒细胞数量, 检验_单核细胞比率, 疾病_肺恶性肿瘤","0,0,1",0,1.0
检验_单核细胞数量,"检验_中性粒细胞数量, 检验_单核细胞比率, 疾病_肺恶性肿瘤","0,0,1",1,0.0
检验_单核细胞数量,"检验_中性粒细胞数量, 检验_单核细胞比率, 疾病_肺恶性肿瘤","0,1,0",0,0.8108108108108109
检验_单核细胞数量,"检验_中性粒细胞数量, 检验_单核细胞比率, 疾病_肺恶性肿瘤","0,1,0",1,0.1891891891891892
检验_单核细胞数量,"检验_中性粒细胞数量, 检验_单核细胞比率, 疾病_肺恶性肿瘤","0,1,1",0,0.0
检验_单核细胞数量,"检验_中性粒细胞数量, 检验_单核细胞比率, 疾病_肺恶性肿瘤","0,1,1",1,1.0
检验_单核细胞数量,"检验_中性粒细胞数量, 检验_单核细胞比率, 疾病_肺恶性肿瘤","1,0,0",0,0.6052631578947368
检验_单核细胞数量,"检验_中性粒细胞数量, 检验_单核细胞比率, 疾病_肺恶性肿瘤","1,0,0",1,0.39473684210526316
检验_单核细胞数量,"检验_中性粒细胞数量, 检验_单核细胞比率, 疾病_肺恶性肿瘤","1,0,1",0,1.0
检验_单核细胞数量,"检验_中性粒细胞数量, 检验_单核细胞比率, 疾病_肺恶性肿瘤","1,0,1",1,0.0
检验_单核细胞数量,"检验_中性粒细胞数量, 检验_单核细胞比率, 疾病_肺恶性肿瘤","1,1,0",0,1.0
检验_单核细胞数量,"检验_中性粒细胞数量, 检验_单核细胞比率, 疾病_肺恶性肿瘤","1,1,0",1,0.0
检验_单核细胞数量,"检验_中性粒细胞数量, 检验_单核细胞比率, 疾病_肺恶性肿瘤","1,1,1",0,0.5
检验_单核细胞数量,"检验_中性粒细胞数量, 检验_单核细胞比率, 疾病_肺恶性肿瘤","1,1,1",1,0.5
检验_嗜碱性粒细胞比率,"检验_嗜碱性粒细胞数量, 检验_钙","0,0",0,0.9609756097560975
检验_嗜碱性粒细胞比率,"检验_嗜碱性粒细胞数量, 检验_钙","0,0",1,0.03902439024390244
检验_嗜碱性粒细胞比率,"检验_嗜碱性粒细胞数量, 检验_钙","0,1",0,0.9885057471264368
检验_嗜碱性粒细胞比率,"检验_嗜碱性粒细胞数量, 检验_钙","0,1",1,0.011494252873563218
检验_嗜碱性粒细胞比率,"检验_嗜碱性粒细胞数量, 检验_钙","1,0",0,0.42857142857142855
检验_嗜碱性粒细胞比率,"检验_嗜碱性粒细胞数量, 检验_钙","1,0",1,0.5714285714285714
检验_嗜碱性粒细胞比率,"检验_嗜碱性粒细胞数量, 检验_钙","1,1",0,0.0
检验_嗜碱性粒细胞比率,"检验_嗜碱性粒细胞数量, 检验_钙","1,1",1,1.0
检验_嗜酸性粒细胞比率,检验_嗜酸性粒细胞数量,0,0,0.9015151515151515
检验_嗜酸性粒细胞比率,检验_嗜酸性粒细胞数量,0,1,0.09848484848484848
检验_嗜酸性粒细胞比率,检验_嗜酸性粒细胞数量,1,0,0.2222222222222222
检验_嗜酸性粒细胞比率,检验_嗜酸性粒细胞数量,1,1,0.7777777777777778
检验_淋巴细胞比率,"检验_淋巴细胞数量, 检验_中性粒细胞比率, 检验_钠","0,0,0",0,0.9235294117647059
检验_淋巴细胞比率,"检验_淋巴细胞数量, 检验_中性粒细胞比率, 检验_钠","0,0,0",1,0.07647058823529412
检验_淋巴细胞比率,"检验_淋巴细胞数量, 检验_中性粒细胞比率, 检验_钠","0,0,1",0,0.5806451612903226
检验_淋巴细胞比率,"检验_淋巴细胞数量, 检验_中性粒细胞比率, 检验_钠","0,0,1",1,0.41935483870967744
检验_淋巴细胞比率,"检验_淋巴细胞数量, 检验_中性粒细胞比率, 检验_钠","0,1,0",0,0.09090909090909091
检验_淋巴细胞比率,"检验_淋巴细胞数量, 检验_中性粒细胞比率, 检验_钠","0,1,0",1,0.9090909090909091
检验_淋巴细胞比率,"检验_淋巴细胞数量, 检验_中性粒细胞比率, 检验_钠","0,1,1",0,0.0
检验_淋巴细胞比率,"检验_淋巴细胞数量, 检验_中性粒细胞比率, 检验_钠","0,1,1",1,1.0
检验_淋巴细胞比率,"检验_淋巴细胞数量, 检验_中性粒细胞比率, 检验_钠","1,0,0",0,0.55
检验_淋巴细胞比率,"检验_淋巴细胞数量, 检验_中性粒细胞比率, 检验_钠","1,0,0",1,0.45
检验_淋巴细胞比率,"检验_淋巴细胞数量, 检验_中性粒细胞比率, 检验_钠","1,0,1",0,0.1111111111111111
检验_淋巴细胞比率,"检验_淋巴细胞数量, 检验_中性粒细胞比率, 检验_钠","1,0,1",1,0.8888888888888888
检验_淋巴细胞比率,"检验_淋巴细胞数量, 检验_中性粒细胞比率, 检验_钠","1,1,0",0,0.0
检验_淋巴细胞比率,"检验_淋巴细胞数量, 检验_中性粒细胞比率, 检验_钠","1,1,0",1,1.0
检验_淋巴细胞比率,"检验_淋巴细胞数量, 检验_中性粒细胞比率, 检验_钠","1,1,1",0,0.0
检验_淋巴细胞比率,"检验_淋巴细胞数量, 检验_中性粒细胞比率, 检验_钠","1,1,1",1,1.0
检验_单核细胞比率,,无条件,0,0.8533333333333334
检验_单核细胞比率,,无条件,1,0.14666666666666667
检验_中性粒细胞比率,检验_淋巴细胞比率,0,0,0.9842105263157894
检验_中性粒细胞比率,检验_淋巴细胞比率,0,1,0.015789473684210527
检验_中性粒细胞比率,检验_淋巴细胞比率,1,0,0.39090909090909093
检验_中性粒细胞比率,检验_淋巴细胞比率,1,1,0.6090909090909091
检验_钙,"检验_总蛋白, 疾病_前列腺增生, 检验_白球比, 疾病_胆囊结石","0,0,0,0",0,0.8813559322033898
检验_钙,"检验_总蛋白, 疾病_前列腺增生, 检验_白球比, 疾病_胆囊结石","0,0,0,0",1,0.11864406779661017
检验_钙,"检验_总蛋白, 疾病_前列腺增生, 检验_白球比, 疾病_胆囊结石","0,0,0,1",0,0.625
检验_钙,"检验_总蛋白, 疾病_前列腺增生, 检验_白球比, 疾病_胆囊结石","0,0,0,1",1,0.375
检验_钙,"检验_总蛋白, 疾病_前列腺增生, 检验_白球比, 疾病_胆囊结石","0,0,1,0",0,0.42857142857142855
检验_钙,"检验_总蛋白, 疾病_前列腺增生, 检验_白球比, 疾病_胆囊结石","0,0,1,0",1,0.5714285714285714
检验_钙,"检验_总蛋白, 疾病_前列腺增生, 检验_白球比, 疾病_胆囊结石","0,0,1,1",0,1.0
检验_钙,"检验_总蛋白, 疾病_前列腺增生, 检验_白球比, 疾病_胆囊结石","0,0,1,1",1,0.0
检验_钙,"检验_总蛋白, 疾病_前列腺增生, 检验_白球比, 疾病_胆囊结石","0,1,0,0",0,0.8333333333333334
检验_钙,"检验_总蛋白, 疾病_前列腺增生, 检验_白球比, 疾病_胆囊结石","0,1,0,0",1,0.16666666666666666
检验_钙,"检验_总蛋白, 疾病_前列腺增生, 检验_白球比, 疾病_胆囊结石","0,1,0,1",0,1.0
检验_钙,"检验_总蛋白, 疾病_前列腺增生, 检验_白球比, 疾病_胆囊结石","0,1,0,1",1,0.0
检验_钙,"检验_总蛋白, 疾病_前列腺增生, 检验_白球比, 疾病_胆囊结石","0,1,1,0",0,1.0
检验_钙,"检验_总蛋白, 疾病_前列腺增生, 检验_白球比, 疾病_胆囊结石","0,1,1,0",1,0.0
检验_钙,"检验_总蛋白, 疾病_前列腺增生, 检验_白球比, 疾病_胆囊结石","0,1,1,1",0,0.5
检验_钙,"检验_总蛋白, 疾病_前列腺增生, 检验_白球比, 疾病_胆囊结石","0,1,1,1",1,0.5
检验_钙,"检验_总蛋白, 疾病_前列腺增生, 检验_白球比, 疾病_胆囊结石","1,0,0,0",0,0.6710526315789473
检验_钙,"检验_总蛋白, 疾病_前列腺增生, 检验_白球比, 疾病_胆囊结石","1,0,0,0",1,0.32894736842105265
检验_钙,"检验_总蛋白, 疾病_前列腺增生, 检验_白球比, 疾病_胆囊结石","1,0,0,1",0,1.0
检验_钙,"检验_总蛋白, 疾病_前列腺增生, 检验_白球比, 疾病_胆囊结石","1,0,0,1",1,0.0
检验_钙,"检验_总蛋白, 疾病_前列腺增生, 检验_白球比, 疾病_胆囊结石","1,0,1,0",0,0.4166666666666667
检验_钙,"检验_总蛋白, 疾病_前列腺增生, 检验_白球比, 疾病_胆囊结石","1,0,1,0",1,0.5833333333333334
检验_钙,"检验_总蛋白, 疾病_前列腺增生, 检验_白球比, 疾病_胆囊结石","1,0,1,1",0,0.25
检验_钙,"检验_总蛋白, 疾病_前列腺增生, 检验_白球比, 疾病_胆囊结石","1,0,1,1",1,0.75
检验_钙,"检验_总蛋白, 疾病_前列腺增生, 检验_白球比, 疾病_胆囊结石","1,1,0,0",0,0.23529411764705882
检验_钙,"检验_总蛋白, 疾病_前列腺增生, 检验_白球比, 疾病_胆囊结石","1,1,0,0",1,0.7647058823529411
检验_钙,"检验_总蛋白, 疾病_前列腺增生, 检验_白球比, 疾病_胆囊结石","1,1,0,1",0,0.5
检验_钙,"检验_总蛋白, 疾病_前列腺增生, 检验_白球比, 疾病_胆囊结石","1,1,0,1",1,0.5
检验_钙,"检验_总蛋白, 疾病_前列腺增生, 检验_白球比, 疾病_胆囊结石","1,1,1,0",0,0.0
检验_钙,"检验_总蛋白, 疾病_前列腺增生, 检验_白球比, 疾病_胆囊结石","1,1,1,0",1,1.0
检验_钙,"检验_总蛋白, 疾病_前列腺增生, 检验_白球比, 疾病_胆囊结石","1,1,1,1",0,0.5
检验_钙,"检验_总蛋白, 疾病_前列腺增生, 检验_白球比, 疾病_胆囊结石","1,1,1,1",1,0.5
检验_谷丙转氨酶,"疾病_尿毒症, 疾病_高血压, 药物_重组人促红素注射液","0,0,0",0,0.8854166666666666
检验_谷丙转氨酶,"疾病_尿毒症, 疾病_高血压, 药物_重组人促红素注射液","0,0,0",1,0.11458333333333333
检验_谷丙转氨酶,"疾病_尿毒症, 疾病_高血压, 药物_重组人促红素注射液","0,0,1",0,0.5
检验_谷丙转氨酶,"疾病_尿毒症, 疾病_高血压, 药物_重组人促红素注射液","0,0,1",1,0.5
检验_谷丙转氨酶,"疾病_尿毒症, 疾病_高血压, 药物_重组人促红素注射液","0,1,0",0,0.5
检验_谷丙转氨酶,"疾病_尿毒症, 疾病_高血压, 药物_重组人促红素注射液","0,1,0",1,0.5
检验_谷丙转氨酶,"疾病_尿毒症, 疾病_高血压, 药物_重组人促红素注射液","0,1,1",0,0.5
检验_谷丙转氨酶,"疾病_尿毒症, 疾病_高血压, 药物_重组人促红素注射液","0,1,1",1,0.5
检验_谷丙转氨酶,"疾病_尿毒症, 疾病_高血压, 药物_重组人促红素注射液","1,0,0",0,0.5
检验_谷丙转氨酶,"疾病_尿毒症, 疾病_高血压, 药物_重组人促红素注射液","1,0,0",1,0.5
检验_谷丙转氨酶,"疾病_尿毒症, 疾病_高血压, 药物_重组人促红素注射液","1,0,1",0,0.0
检验_谷丙转氨酶,"疾病_尿毒症, 疾病_高血压, 药物_重组人促红素注射液","1,0,1",1,1.0
检验_谷丙转氨酶,"疾病_尿毒症, 疾病_高血压, 药物_重组人促红素注射液","1,1,0",0,0.5
检验_谷丙转氨酶,"疾病_尿毒症, 疾病_高血压, 药物_重组人促红素注射液","1,1,0",1,0.5
检验_谷丙转氨酶,"疾病_尿毒症, 疾病_高血压, 药物_重组人促红素注射液","1,1,1",0,0.5
检验_谷丙转氨酶,"疾病_尿毒症, 疾病_高血压, 药物_重组人促红素注射液","1,1,1",1,0.5
检验_谷草转氨酶,"检验_谷丙转氨酶, 药物_阿卡波糖片","0,0",0,0.8564593301435407
检验_谷草转氨酶,"检验_谷丙转氨酶, 药物_阿卡波糖片","0,0",1,0.14354066985645933
检验_谷草转氨酶,"检验_谷丙转氨酶, 药物_阿卡波糖片","0,1",0,0.5957446808510638
检验_谷草转氨酶,"检验_谷丙转氨酶, 药物_阿卡波糖片","0,1",1,0.40425531914893614
检验_谷草转氨酶,"检验_谷丙转氨酶, 药物_阿卡波糖片","1,0",0,0.3783783783783784
检验_谷草转氨酶,"检验_谷丙转氨酶, 药物_阿卡波糖片","1,0",1,0.6216216216216216
检验_谷草转氨酶,"检验_谷丙转氨酶, 药物_阿卡波糖片","1,1",0,0.42857142857142855
检验_谷草转氨酶,"检验_谷丙转氨酶, 药物_阿卡波糖片","1,1",1,0.5714285714285714
检验_红细胞平均体积,"检验_红细胞分布宽度SD, 疾病_尿毒症","0,0",0,0.8879310344827587
检验_红细胞平均体积,"检验_红细胞分布宽度SD, 疾病_尿毒症","0,0",1,0.11206896551724138
检验_红细胞平均体积,"检验_红细胞分布宽度SD, 疾病_尿毒症","0,1",0,0.1
检验_红细胞平均体积,"检验_红细胞分布宽度SD, 疾病_尿毒症","0,1",1,0.9
检验_红细胞平均体积,"检验_红细胞分布宽度SD, 疾病_尿毒症","1,0",0,0.6551724137931034
检验_红细胞平均体积,"检验_红细胞分布宽度SD, 疾病_尿毒症","1,0",1,0.3448275862068966
检验_红细胞平均体积,"检验_红细胞分布宽度SD, 疾病_尿毒症","1,1",0,0.5
检验_红细胞平均体积,"检验_红细胞分布宽度SD, 疾病_尿毒症","1,1",1,0.5
检验_平均血红蛋白浓度,药物_氯化钾注射液,0,0,0.889273356401384
检验_平均血红蛋白浓度,药物_氯化钾注射液,0,1,0.11072664359861592
检验_平均血红蛋白浓度,药物_氯化钾注射液,1,0,0.36363636363636365
检验_平均血红蛋白浓度,药物_氯化钾注射液,1,1,0.6363636363636364
检验_总胆红素,"检验_前白蛋白, 检验_直接胆红素, 检验_间接胆红素","0,0,0",0,0.9872340425531915
检验_总胆红素,"检验_前白蛋白, 检验_直接胆红素, 检验_间接胆红素","0,0,0",1,0.01276595744680851
检验_总胆红素,"检验_前白蛋白, 检验_直接胆红素, 检验_间接胆红素","0,0,1",0,0.5
检验_总胆红素,"检验_前白蛋白, 检验_直接胆红素, 检验_间接胆红素","0,0,1",1,0.5
检验_总胆红素,"检验_前白蛋白, 检验_直接胆红素, 检验_间接胆红素","0,1,0",0,0.918918918918919
检验_总胆红素,"检验_前白蛋白, 检验_直接胆红素, 检验_间接胆红素","0,1,0",1,0.08108108108108109
检验_总胆红素,"检验_前白蛋白, 检验_直接胆红素, 检验_间接胆红素","0,1,1",0,0.0
检验_总胆红素,"检验_前白蛋白, 检验_直接胆红素, 检验_间接胆红素","0,1,1",1,1.0
检验_总胆红素,"检验_前白蛋白, 检验_直接胆红素, 检验_间接胆红素","1,0,0",0,1.0
检验_总胆红素,"检验_前白蛋白, 检验_直接胆红素, 检验_间接胆红素","1,0,0",1,0.0
检验_总胆红素,"检验_前白蛋白, 检验_直接胆红素, 检验_间接胆红素","1,0,1",0,0.5
检验_总胆红素,"检验_前白蛋白, 检验_直接胆红素, 检验_间接胆红素","1,0,1",1,0.5
检验_总胆红素,"检验_前白蛋白, 检验_直接胆红素, 检验_间接胆红素","1,1,0",0,0.4
检验_总胆红素,"检验_前白蛋白, 检验_直接胆红素, 检验_间接胆红素","1,1,0",1,0.6
检验_总胆红素,"检验_前白蛋白, 检验_直接胆红素, 检验_间接胆红素","1,1,1",0,0.0
检验_总胆红素,"检验_前白蛋白, 检验_直接胆红素, 检验_间接胆红素","1,1,1",1,1.0
检验_C反应蛋白,"检验_白球比, 疾病_低蛋白血症, 疾病_脂肪肝","0,0,0",0,0.8306878306878307
检验_C反应蛋白,"检验_白球比, 疾病_低蛋白血症, 疾病_脂肪肝","0,0,0",1,0.1693121693121693
检验_C反应蛋白,"检验_白球比, 疾病_低蛋白血症, 疾病_脂肪肝","0,0,1",0,0.9272727272727272
检验_C反应蛋白,"检验_白球比, 疾病_低蛋白血症, 疾病_脂肪肝","0,0,1",1,0.07272727272727272
检验_C反应蛋白,"检验_白球比, 疾病_低蛋白血症, 疾病_脂肪肝","0,1,0",0,0.3333333333333333
检验_C反应蛋白,"检验_白球比, 疾病_低蛋白血症, 疾病_脂肪肝","0,1,0",1,0.6666666666666666
检验_C反应蛋白,"检验_白球比, 疾病_低蛋白血症, 疾病_脂肪肝","0,1,1",0,0.5
检验_C反应蛋白,"检验_白球比, 疾病_低蛋白血症, 疾病_脂肪肝","0,1,1",1,0.5
检验_C反应蛋白,"检验_白球比, 疾病_低蛋白血症, 疾病_脂肪肝","1,0,0",0,0.4074074074074074
检验_C反应蛋白,"检验_白球比, 疾病_低蛋白血症, 疾病_脂肪肝","1,0,0",1,0.5925925925925926
检验_C反应蛋白,"检验_白球比, 疾病_低蛋白血症, 疾病_脂肪肝","1,0,1",0,1.0
检验_C反应蛋白,"检验_白球比, 疾病_低蛋白血症, 疾病_脂肪肝","1,0,1",1,0.0
检验_C反应蛋白,"检验_白球比, 疾病_低蛋白血症, 疾病_脂肪肝","1,1,0",0,0.09523809523809523
检验_C反应蛋白,"检验_白球比, 疾病_低蛋白血症, 疾病_脂肪肝","1,1,0",1,0.9047619047619048
检验_C反应蛋白,"检验_白球比, 疾病_低蛋白血症, 疾病_脂肪肝","1,1,1",0,0.5
检验_C反应蛋白,"检验_白球比, 疾病_低蛋白血症, 疾病_脂肪肝","1,1,1",1,0.5
检验_平均血红蛋白含量,检验_红细胞平均体积,0,0,0.9102040816326531
检验_平均血红蛋白含量,检验_红细胞平均体积,0,1,0.08979591836734693
检验_平均血红蛋白含量,检验_红细胞平均体积,1,0,0.45454545454545453
检验_平均血红蛋白含量,检验_红细胞平均体积,1,1,0.5454545454545454
检验_中性粒细胞数量,"检验_中性粒细胞比率, 检验_白细胞, 检验_血小板分布宽度","0,0,0",0,0.9846153846153847
检验_中性粒细胞数量,"检验_中性粒细胞比率, 检验_白细胞, 检验_血小板分布宽度","0,0,0",1,0.015384615384615385
检验_中性粒细胞数量,"检验_中性粒细胞比率, 检验_白细胞, 检验_血小板分布宽度","0,0,1",0,1.0
检验_中性粒细胞数量,"检验_中性粒细胞比率, 检验_白细胞, 检验_血小板分布宽度","0,0,1",1,0.0
检验_中性粒细胞数量,"检验_中性粒细胞比率, 检验_白细胞, 检验_血小板分布宽度","0,1,0",0,0.7
检验_中性粒细胞数量,"检验_中性粒细胞比率, 检验_白细胞, 检验_血小板分布宽度","0,1,0",1,0.3
检验_中性粒细胞数量,"检验_中性粒细胞比率, 检验_白细胞, 检验_血小板分布宽度","0,1,1",0,0.5
检验_中性粒细胞数量,"检验_中性粒细胞比率, 检验_白细胞, 检验_血小板分布宽度","0,1,1",1,0.5
检验_中性粒细胞数量,"检验_中性粒细胞比率, 检验_白细胞, 检验_血小板分布宽度","1,0,0",0,0.75
检验_中性粒细胞数量,"检验_中性粒细胞比率, 检验_白细胞, 检验_血小板分布宽度","1,0,0",1,0.25
检验_中性粒细胞数量,"检验_中性粒细胞比率, 检验_白细胞, 检验_血小板分布宽度","1,0,1",0,0.0
检验_中性粒细胞数量,"检验_中性粒细胞比率, 检验_白细胞, 检验_血小板分布宽度","1,0,1",1,1.0
检验_中性粒细胞数量,"检验_中性粒细胞比率, 检验_白细胞, 检验_血小板分布宽度","1,1,0",0,0.19047619047619047
检验_中性粒细胞数量,"检验_中性粒细胞比率, 检验_白细胞, 检验_血小板分布宽度","1,1,0",1,0.8095238095238095
检验_中性粒细胞数量,"检验_中性粒细胞比率, 检验_白细胞, 检验_血小板分布宽度","1,1,1",0,0.0
检验_中性粒细胞数量,"检验_中性粒细胞比率, 检验_白细胞, 检验_血小板分布宽度","1,1,1",1,1.0
检验_前白蛋白,"检验_白球比, 检验_胆碱酯酶","0,0",0,0.9955555555555555
检验_前白蛋白,"检验_白球比, 检验_胆碱酯酶","0,0",1,0.0044444444444444444
检验_前白蛋白,"检验_白球比, 检验_胆碱酯酶","0,1",0,0.9545454545454546
检验_前白蛋白,"检验_白球比, 检验_胆碱酯酶","0,1",1,0.045454545454545456
检验_前白蛋白,"检验_白球比, 检验_胆碱酯酶","1,0",0,1.0
检验_前白蛋白,"检验_白球比, 检验_胆碱酯酶","1,0",1,0.0
检验_前白蛋白,"检验_白球比, 检验_胆碱酯酶","1,1",0,0.3333333333333333
检验_前白蛋白,"检验_白球比, 检验_胆碱酯酶","1,1",1,0.6666666666666666
检验_肌酐,疾病_尿毒症,0,0,0.803448275862069
检验_肌酐,疾病_尿毒症,0,1,0.19655172413793104
检验_肌酐,疾病_尿毒症,1,0,0.0
检验_肌酐,疾病_尿毒症,1,1,1.0
检验_胆碱酯酶,"检验_前白蛋白, 疾病_尿毒症, 检验_血红蛋白","0,0,0",0,0.9702380952380952
检验_胆碱酯酶,"检验_前白蛋白, 疾病_尿毒症, 检验_血红蛋白","0,0,0",1,0.02976190476190476
检验_胆碱酯酶,"检验_前白蛋白, 疾病_尿毒症, 检验_血红蛋白","0,0,1",0,0.8888888888888888
检验_胆碱酯酶,"检验_前白蛋白, 疾病_尿毒症, 检验_血红蛋白","0,0,1",1,0.1111111111111111
检验_胆碱酯酶,"检验_前白蛋白, 疾病_尿毒症, 检验_血红蛋白","0,1,0",0,0.5
检验_胆碱酯酶,"检验_前白蛋白, 疾病_尿毒症, 检验_血红蛋白","0,1,0",1,0.5
检验_胆碱酯酶,"检验_前白蛋白, 疾病_尿毒症, 检验_血红蛋白","0,1,1",0,0.0
检验_胆碱酯酶,"检验_前白蛋白, 疾病_尿毒症, 检验_血红蛋白","0,1,1",1,1.0
检验_胆碱酯酶,"检验_前白蛋白, 疾病_尿毒症, 检验_血红蛋白","1,0,0",0,1.0
检验_胆碱酯酶,"检验_前白蛋白, 疾病_尿毒症, 检验_血红蛋白","1,0,0",1,0.0
检验_胆碱酯酶,"检验_前白蛋白, 疾病_尿毒症, 检验_血红蛋白","1,0,1",0,0.0
检验_胆碱酯酶,"检验_前白蛋白, 疾病_尿毒症, 检验_血红蛋白","1,0,1",1,1.0
检验_胆碱酯酶,"检验_前白蛋白, 疾病_尿毒症, 检验_血红蛋白","1,1,0",0,0.5
检验_胆碱酯酶,"检验_前白蛋白, 疾病_尿毒症, 检验_血红蛋白","1,1,0",1,0.5
检验_胆碱酯酶,"检验_前白蛋白, 疾病_尿毒症, 检验_血红蛋白","1,1,1",0,0.5
检验_胆碱酯酶,"检验_前白蛋白, 疾病_尿毒症, 检验_血红蛋白","1,1,1",1,0.5
检验_总胆汁酸,检验_直接胆红素,0,0,0.9497907949790795
检验_总胆汁酸,检验_直接胆红素,0,1,0.0502092050209205
检验_总胆汁酸,检验_直接胆红素,1,0,0.7377049180327869
检验_总胆汁酸,检验_直接胆红素,1,1,0.26229508196721313
检验_转肽酶,"检验_碱性磷酸酶, 检验_总胆汁酸","0,0",0,0.8991935483870968
检验_转肽酶,"检验_碱性磷酸酶, 检验_总胆汁酸","0,0",1,0.10080645161290322
检验_转肽酶,"检验_碱性磷酸酶, 检验_总胆汁酸","0,1",0,0.5789473684210527
检验_转肽酶,"检验_碱性磷酸酶, 检验_总胆汁酸","0,1",1,0.42105263157894735
检验_转肽酶,"检验_碱性磷酸酶, 检验_总胆汁酸","1,0",0,0.2916666666666667
检验_转肽酶,"检验_碱性磷酸酶, 检验_总胆汁酸","1,0",1,0.7083333333333334
检验_转肽酶,"检验_碱性磷酸酶, 检验_总胆汁酸","1,1",0,0.2222222222222222
检验_转肽酶,"检验_碱性磷酸酶, 检验_总胆汁酸","1,1",1,0.7777777777777778
检验_白蛋白,"检验_白球比, 检验_红细胞, 检验_总蛋白","0,0,0",0,1.0
检验_白蛋白,"检验_白球比, 检验_红细胞, 检验_总蛋白","0,0,0",1,0.0
检验_白蛋白,"检验_白球比, 检验_红细胞, 检验_总蛋白","0,0,1",0,1.0
检验_白蛋白,"检验_白球比, 检验_红细胞, 检验_总蛋白","0,0,1",1,0.0
检验_白蛋白,"检验_白球比, 检验_红细胞, 检验_总蛋白","0,1,0",0,1.0
检验_白蛋白,"检验_白球比, 检验_红细胞, 检验_总蛋白","0,1,0",1,0.0
检验_白蛋白,"检验_白球比, 检验_红细胞, 检验_总蛋白","0,1,1",0,1.0
检验_白蛋白,"检验_白球比, 检验_红细胞, 检验_总蛋白","0,1,1",1,0.0
检验_白蛋白,"检验_白球比, 检验_红细胞, 检验_总蛋白","1,0,0",0,1.0
检验_白蛋白,"检验_白球比, 检验_红细胞, 检验_总蛋白","1,0,0",1,0.0
检验_白蛋白,"检验_白球比, 检验_红细胞, 检验_总蛋白","1,0,1",0,1.0
检验_白蛋白,"检验_白球比, 检验_红细胞, 检验_总蛋白","1,0,1",1,0.0
检验_白蛋白,"检验_白球比, 检验_红细胞, 检验_总蛋白","1,1,0",0,1.0
检验_白蛋白,"检验_白球比, 检验_红细胞, 检验_总蛋白","1,1,0",1,0.0
检验_白蛋白,"检验_白球比, 检验_红细胞, 检验_总蛋白","1,1,1",0,1.0
检验_白蛋白,"检验_白球比, 检验_红细胞, 检验_总蛋白","1,1,1",1,0.0
检验_碱性磷酸酶,"检验_转肽酶, 药物_盐酸羟考酮缓释片, 检验_直接胆红素","0,0,0",0,0.9710144927536232
检验_碱性磷酸酶,"检验_转肽酶, 药物_盐酸羟考酮缓释片, 检验_直接胆红素","0,0,0",1,0.028985507246376812
检验_碱性磷酸酶,"检验_转肽酶, 药物_盐酸羟考酮缓释片, 检验_直接胆红素","0,0,1",0,0.9142857142857143
检验_碱性磷酸酶,"检验_转肽酶, 药物_盐酸羟考酮缓释片, 检验_直接胆红素","0,0,1",1,0.08571428571428572
检验_碱性磷酸酶,"检验_转肽酶, 药物_盐酸羟考酮缓释片, 检验_直接胆红素","0,1,0",0,0.5
检验_碱性磷酸酶,"检验_转肽酶, 药物_盐酸羟考酮缓释片, 检验_直接胆红素","0,1,0",1,0.5
检验_碱性磷酸酶,"检验_转肽酶, 药物_盐酸羟考酮缓释片, 检验_直接胆红素","0,1,1",0,1.0
检验_碱性磷酸酶,"检验_转肽酶, 药物_盐酸羟考酮缓释片, 检验_直接胆红素","0,1,1",1,0.0
检验_碱性磷酸酶,"检验_转肽酶, 药物_盐酸羟考酮缓释片, 检验_直接胆红素","1,0,0",0,0.75
检验_碱性磷酸酶,"检验_转肽酶, 药物_盐酸羟考酮缓释片, 检验_直接胆红素","1,0,0",1,0.25
检验_碱性磷酸酶,"检验_转肽酶, 药物_盐酸羟考酮缓释片, 检验_直接胆红素","1,0,1",0,0.5294117647058824
检验_碱性磷酸酶,"检验_转肽酶, 药物_盐酸羟考酮缓释片, 检验_直接胆红素","1,0,1",1,0.47058823529411764
检验_碱性磷酸酶,"检验_转肽酶, 药物_盐酸羟考酮缓释片, 检验_直接胆红素","1,1,0",0,0.5
检验_碱性磷酸酶,"检验_转肽酶, 药物_盐酸羟考酮缓释片, 检验_直接胆红素","1,1,0",1,0.5
检验_碱性磷酸酶,"检验_转肽酶, 药物_盐酸羟考酮缓释片, 检验_直接胆红素","1,1,1",0,0.0
检验_碱性磷酸酶,"检验_转肽酶, 药物_盐酸羟考酮缓释片, 检验_直接胆红素","1,1,1",1,1.0
